23:59:16,2024-07-03,9866406
23:59:17,2024-07-04,9897059
23:59:16,2024-07-05,9926614
23:59:16,2024-07-06,9956218
23:59:16,2024-07-07,9987338
23:59:16,2024-07-08,10015438
23:59:17,2024-07-09,10043427
23:59:16,2024-07-10,10071703
23:59:16,2024-07-11,10100428
23:59:17,2024-07-12,10129092
23:59:16,2024-07-13,10159194
23:59:17,2024-07-14,10189340
23:59:16,2024-07-15,10217564
23:59:17,2024-07-16,10265588
23:59:16,2024-07-17,10325755
23:59:17,2024-07-18,10375889
23:59:22,2024-07-19,10423912
23:59:22,2024-07-20,10472924
23:59:16,2024-07-21,10519735
23:59:17,2024-07-22,10564977
23:59:16,2024-07-23,10609474
23:59:16,2024-07-24,10655818
23:59:17,2024-07-25,10698276
23:59:17,2024-07-26,10740164
23:59:16,2024-07-27,10779368
23:59:17,2024-07-28,10819323
23:59:17,2024-07-29,10857686
23:59:19,2024-07-30,10919391
23:59:17,2024-07-31,10978378
23:59:16,2024-08-01,11032340
23:59:16,2024-08-02,11086497
23:59:16,2024-08-03,11138787
23:59:17,2024-08-04,11192841
23:59:16,2024-08-05,11240390
23:59:16,2024-08-06,11286795
23:59:17,2024-08-07,11330294
23:59:18,2024-08-08,11373130
23:59:17,2024-08-09,11415049
23:59:17,2024-08-10,11457887
23:59:16,2024-08-11,11502002
23:59:16,2024-08-12,11541755
23:59:17,2024-08-13,11584195
23:59:17,2024-08-14,11625670
23:59:17,2024-08-15,11666268
23:59:17,2024-08-16,11707138
23:59:16,2024-08-17,11750424
23:59:17,2024-08-18,11794677
22:14:24,2024-08-21,11928253
19:42:05,2024-08-23,12001782
21:04:23,2024-09-11,12633640
06:33:45,2024-09-13,12668072
08:25:45,2024-09-14,12695172
08:32:23,2024-09-15,12721880
09:37:50,2024-09-16,12749306
11:58:42,2024-09-17,12777657
12:05:35,2024-09-18,12808780
16:18:39,2024-09-19,12842740
18:14:37,2024-09-20,12872022
18:39:56,2024-09-21,12902503
18:43:35,2024-09-22,12932100
20:00:31,2024-09-23,12960592
07:19:26,2024-09-25,13001053
09:30:07,2024-09-26,13028595
09:31:29,2024-09-27,13054927
13:46:28,2024-09-28,13086207
14:19:34,2024-09-29,13115189
12:47:11,2024-10-01,13171867
12:12:54,2024-10-02,13209549
14:28:39,2024-10-03,13250079
14:48:20,2024-10-04,13286057
17:34:27,2024-10-05,13326264
19:38:52,2024-10-06,13365417
19:29:16,2024-10-07,13397751
18:06:33,2024-10-08,13427929
08:26:42,2024-10-10,13479180
10:17:19,2024-10-11,13511713
10:19:59,2024-10-12,13543099
17:49:09,2024-10-13,13584927
08:37:25,2024-10-15,13637370
09:28:06,2024-10-16,13677832
13:03:43,2024-10-17,13715540
17:35:05,2024-10-18,13754842
16:14:53,2024-10-20,13822018
19:03:56,2024-10-21,13858139
19:23:59,2024-10-22,13889848
21:44:25,2024-10-23,13924650
07:19:05,2024-10-25,13968408
08:03:13,2024-10-26,13999200
09:17:12,2024-10-27,14031328
09:10:36,2024-10-28,14061667
09:25:59,2024-10-29,14090270
09:31:32,2024-10-30,14118515
09:34:13,2024-10-31,14147544
17:07:59,2024-11-01,14184304
18:50:17,2024-11-02,14216733
21:04:03,2024-11-03,14249439
07:44:51,2024-11-05,14287972
07:59:09,2024-11-06,14319617
09:25:47,2024-11-07,14346255
09:24:30,2024-11-08,14371945
09:25:10,2024-11-09,14397721
09:42:59,2024-11-10,14424940
10:23:04,2024-11-11,14452120
12:09:53,2024-11-12,14480093
14:26:40,2024-11-13,14507746
14:36:13,2024-11-14,14532625
14:08:34,2024-11-15,14557429
15:07:03,2024-11-16,14584519
14:37:11,2024-11-17,14611750
15:01:05,2024-11-18,14639641
16:57:38,2024-11-19,14666886
15:00:35,2024-11-20,14690001
16:59:20,2024-11-21,14716435
15:52:25,2024-11-22,14740020
19:12:35,2024-11-23,14769455
19:22:07,2024-11-24,14796293
18:50:08,2024-11-25,14819649
17:32:41,2024-11-26,14854219
17:33:36,2024-11-27,14887601
17:51:02,2024-11-28,14920244
19:52:29,2024-11-29,14952935
22:31:00,2024-11-30,14987363
07:45:52,2024-12-02,15030059
06:19:33,2024-12-03,15055895
09:07:37,2024-12-04,15088715
07:29:01,2024-12-05,15116329
06:01:50,2024-12-06,15143485
06:42:27,2024-12-07,15171897
08:38:09,2024-12-08,15203160
06:42:37,2024-12-09,15230480
06:19:59,2024-12-10,15257212
06:13:34,2024-12-11,15283956
09:01:48,2024-12-12,15312770
07:33:56,2024-12-13,15337061
06:43:07,2024-12-14,15361497
06:33:28,2024-12-15,15389551
07:19:03,2024-12-16,15418544
06:13:22,2024-12-17,15442964
06:25:55,2024-12-18,15479335
10:59:11,2024-12-19,15515751
07:28:20,2024-12-20,15545531
16:35:51,2024-12-21,15584145
11:21:18,2024-12-22,15608136
08:36:29,2024-12-23,15635744
07:37:42,2024-12-24,15665356
11:34:46,2024-12-25,15698208
14:22:42,2024-12-26,15733742
06:33:01,2024-12-27,15757112
08:09:30,2024-12-28,15787674
06:42:53,2024-12-29,15815991
07:15:01,2024-12-30,15846280
06:32:47,2024-12-31,15875069
06:47:57,2025-01-01,15904177
07:06:35,2025-01-03,15966688
11:27:41,2025-01-04,16002319
12:47:32,2025-01-05,16034778
09:21:01,2025-01-06,16061046
07:33:34,2025-01-07,16090019
07:04:58,2025-01-08,16120743
06:31:13,2025-01-09,16150523
06:21:27,2025-01-10,16177628
06:25:57,2025-01-11,16205527
11:47:15,2025-01-13,16266342
09:51:36,2025-01-14,16291537
07:00:56,2025-01-15,16316568
07:47:07,2025-01-16,16353501
11:37:19,2025-01-17,16389816
07:50:23,2025-01-18,16417792
06:33:27,2025-01-19,16449161
08:15:06,2025-01-20,16484252
06:50:26,2025-01-21,16514368
10:45:31,2025-01-22,16547254
11:32:10,2025-01-23,16577320
06:23:07,2025-01-24,16601634
06:28:56,2025-01-25,16630900
07:19:41,2025-01-26,16662306
07:46:03,2025-01-27,16694898
06:23:36,2025-01-28,16721650
06:44:40,2025-01-29,16755735
07:56:10,2025-01-30,16787253
08:29:09,2025-01-31,16818993
07:29:22,2025-02-01,16850835
06:11:38,2025-02-02,16881219
12:09:54,2025-02-03,16917930
07:17:33,2025-02-04,16941846
13:56:22,2025-02-05,16975037
13:13:06,2025-02-06,17001306
08:16:23,2025-02-07,17026336
07:42:42,2025-02-08,17053962
10:21:27,2025-02-09,17086163
06:23:54,2025-02-10,17112283
07:43:35,2025-02-11,17139869
08:26:58,2025-02-12,17173983
06:47:09,2025-02-13,17201989
06:41:31,2025-02-14,17230848
08:03:04,2025-02-15,17261452
07:22:04,2025-02-16,17291579
09:11:08,2025-02-17,17324256
07:07:06,2025-02-18,17353128
10:48:54,2025-02-19,17383524
08:03:08,2025-02-20,17408260
09:21:22,2025-02-21,17437181
09:52:33,2025-02-22,17465276
07:43:04,2025-02-23,17492950
07:43:28,2025-02-24,17521109
06:54:55,2025-02-25,17546758
08:41:21,2025-02-26,17577225
09:06:06,2025-02-27,17604044
07:04:43,2025-02-28,17631996
11:50:16,2025-03-01,17663057
16:00:54,2025-03-02,17696414
07:29:45,2025-03-03,17716383
07:33:02,2025-03-04,17743445
09:56:39,2025-03-05,17771601
09:48:47,2025-03-06,17798535
11:36:43,2025-03-07,17824417
09:20:02,2025-03-08,17851580
10:34:36,2025-03-09,17885760
06:00:25,2025-03-10,17912427
09:26:15,2025-03-11,17944145
07:56:45,2025-03-12,17982463
08:45:04,2025-03-13,18016819
08:55:50,2025-03-14,18051453
07:03:27,2025-03-15,18083002
07:45:04,2025-03-16,18118237
05:55:38,2025-03-17,18151939
06:17:27,2025-03-18,18184325
09:27:57,2025-03-19,18217834
08:26:31,2025-03-20,18247414
08:14:49,2025-03-21,18276766
06:49:48,2025-03-22,18306112
08:41:01,2025-03-23,18342661
07:29:19,2025-03-24,18377762
09:47:43,2025-03-25,18413653
11:35:06,2025-03-26,18459871
14:49:27,2025-03-27,18496727
14:46:21,2025-03-28,18528129
07:31:23,2025-03-29,18552765
10:24:03,2025-03-30,18593308
10:25:12,2025-03-31,18629082
11:13:03,2025-04-01,18661105
07:32:22,2025-04-02,18689661
10:45:45,2025-04-03,18721916
09:44:14,2025-04-04,18750219
20:26:43,2025-04-05,18795335
11:16:38,2025-04-06,18814117
11:21:03,2025-04-07,18845277
13:46:25,2025-04-08,18887881
12:30:18,2025-04-09,18941217
11:44:08,2025-04-10,18974471
13:18:49,2025-04-11,19008680
12:06:15,2025-04-12,19042501
11:56:30,2025-04-13,19077846
12:12:12,2025-04-14,19111522
12:25:07,2025-04-15,19143213
13:37:44,2025-04-16,19175441
12:07:48,2025-04-17,19204374
13:57:06,2025-04-18,19237720
16:08:47,2025-04-19,19272775
11:56:31,2025-04-20,19299721
13:59:56,2025-04-21,19334816
11:54:09,2025-04-22,19363402
17:38:43,2025-04-23,19401158
13:17:23,2025-04-24,19425100
12:07:56,2025-04-26,19484525
12:25:26,2025-04-27,19516496
11:42:58,2025-04-28,19545954
15:38:42,2025-04-29,19579539
12:55:01,2025-04-30,19604622
17:39:25,2025-05-01,19638952
14:00:34,2025-05-02,19663454
13:24:07,2025-05-03,19692311
14:43:21,2025-05-04,19724671
11:56:29,2025-05-05,19751729
10:59:46,2025-05-06,19784306
12:52:52,2025-05-07,19828610
12:13:40,2025-05-08,19867118
12:18:18,2025-05-09,19906635
11:51:02,2025-05-10,19948194
12:06:13,2025-05-11,19991595
17:35:18,2025-05-12,20043857
12:34:40,2025-05-13,20075257
13:50:22,2025-05-14,20115413
12:47:42,2025-05-15,20152245
12:06:51,2025-05-16,20190068
15:29:48,2025-05-17,20237126
11:50:44,2025-05-18,20273281
12:32:48,2025-05-19,20316443
12:36:03,2025-05-20,20362809
11:37:25,2025-05-21,20410110
12:04:16,2025-05-22,20449475
11:51:41,2025-05-23,20487308
11:59:49,2025-05-24,20525117
12:05:21,2025-05-25,20565888
14:53:05,2025-05-26,20608975
12:19:07,2025-05-27,20643943
14:40:19,2025-05-28,20682827
12:15:52,2025-05-29,20716251
08:37:20,2025-05-31,20782989
06:21:21,2025-06-01,20817739
07:05:33,2025-06-02,20856105
06:38:54,2025-06-03,20890391
06:36:31,2025-06-05,20980532
07:22:41,2025-06-06,21025813
07:01:01,2025-06-07,21065047
06:03:34,2025-06-08,21106244
04:22:00,2025-06-09,21147758
04:45:56,2025-06-10,21190241
08:09:16,2025-06-11,21235054
06:53:23,2025-06-12,21272872
12:38:00,2025-06-13,21335663
11:09:00,2025-06-14,21371043
06:35:35,2025-06-15,21402813
06:38:49,2025-06-16,21439932
14:20:13,2025-06-17,21485060
06:43:03,2025-06-18,21511751
07:07:28,2025-06-19,21545381
07:19:00,2025-06-20,21579189
09:15:31,2025-06-21,21614670
07:06:16,2025-06-22,21644181
07:55:19,2025-06-23,21678241
10:56:37,2025-06-24,21717492
07:18:16,2025-06-25,21761339
08:22:57,2025-06-26,21800852
06:10:22,2025-06-27,21835854
07:08:51,2025-06-28,21872453
10:05:46,2025-06-29,21911512
07:19:28,2025-06-30,21952711
07:04:28,2025-07-01,21989659
06:48:33,2025-07-02,22023102
07:16:38,2025-07-03,22057649
06:48:58,2025-07-04,22089430
09:28:35,2025-07-05,22125031
07:16:37,2025-07-06,22155943
07:19:40,2025-07-07,22190643
06:55:22,2025-07-08,22222618
09:57:03,2025-07-09,22257264
06:36:50,2025-07-10,22284950
13:25:04,2025-07-11,22320091
07:09:33,2025-07-12,22344550
07:13:31,2025-07-13,22375589
06:50:16,2025-07-14,22408075
07:23:47,2025-07-15,22438643
06:43:39,2025-07-16,22482574
08:09:56,2025-07-17,22517418
07:48:33,2025-07-18,22549425
06:56:09,2025-07-19,22578604
07:03:15,2025-07-20,22610103
07:52:38,2025-07-21,22643086
07:03:28,2025-07-22,22673410
06:54:46,2025-07-23,22704059
06:53:58,2025-07-24,22734476
07:26:38,2025-07-25,22763768
07:42:03,2025-07-26,22793378
06:36:50,2025-07-27,22821498
07:37:34,2025-07-28,22854233
06:16:26,2025-07-29,22881727
08:27:10,2025-07-30,22912131
06:45:51,2025-07-31,22938626
06:44:30,2025-08-01,22970135
06:26:37,2025-08-02,22998507
07:21:58,2025-08-03,23028161
06:40:27,2025-08-04,23057181
07:11:38,2025-08-05,23085694
07:23:21,2025-08-06,23129579
06:13:39,2025-08-07,23164581
07:37:27,2025-08-08,23199993
15:22:58,2025-08-09,23241990
06:53:45,2025-08-10,23266744
06:57:40,2025-08-11,23301301
06:43:35,2025-08-12,23334874
10:17:13,2025-08-13,23371930
06:40:17,2025-08-14,23399295
06:21:49,2025-08-15,23428875
06:52:34,2025-08-16,23460780
06:33:19,2025-08-17,23492441
06:27:38,2025-08-18,23525716
06:13:54,2025-08-19,23556731
08:23:47,2025-08-20,23589689
06:54:57,2025-08-21,23619296
07:00:26,2025-08-22,23649049
07:31:45,2025-08-24,23711088
07:14:42,2025-08-25,23744650
07:39:50,2025-08-26,23775347
08:55:43,2025-08-27,23806250
06:07:25,2025-08-28,23832616
06:50:41,2025-08-29,23861682
08:12:02,2025-08-30,23891316
08:43:28,2025-08-31,23921424
06:12:05,2025-09-01,23949431
06:31:53,2025-09-02,23981103
10:17:19,2025-09-03,24029921
08:26:00,2025-09-04,24064218
06:49:06,2025-09-05,24097335
08:55:19,2025-09-06,24136000
06:41:04,2025-09-07,24172228
06:44:29,2025-09-08,24212257
11:12:11,2025-09-09,24251990
06:20:48,2025-09-10,24283545
09:38:51,2025-09-12,24361606
07:24:12,2025-09-13,24393037
06:34:57,2025-09-14,24427822
07:50:29,2025-09-15,24466815
06:49:50,2025-09-16,24499094
06:09:42,2025-09-18,24573444
06:40:43,2025-09-19,24608902
06:16:36,2025-09-20,24643114
10:37:43,2025-09-21,24684245
07:14:09,2025-09-22,24717100
10:35:03,2025-09-23,24754232
07:19:40,2025-09-24,24783521
08:07:10,2025-09-25,24815023
07:00:33,2025-09-26,24843822
07:02:40,2025-09-27,24873976
06:58:44,2025-09-28,24906264
08:17:32,2025-09-30,24969925
06:55:20,2025-10-01,25010056
07:59:06,2025-10-02,25046798
09:36:56,2025-10-03,25085358
09:00:19,2025-10-04,25119152
09:19:26,2025-10-05,25155560
07:01:06,2025-10-06,25190466
06:35:10,2025-10-07,25223806
06:37:17,2025-10-08,25258187
06:33:14,2025-10-09,25288769
10:34:45,2025-10-10,25322592
07:32:31,2025-10-11,25351411
08:37:41,2025-10-13,25417391
07:41:30,2025-10-14,25448521
07:31:19,2025-10-17,25540308
07:18:28,2025-10-18,25569030
09:39:01,2025-10-20,25632491
07:36:19,2025-10-21,25659994
10:46:55,2025-10-22,25704807
07:41:28,2025-10-23,25737665
07:21:38,2025-10-24,25771956
09:36:44,2025-10-25,25808424
09:19:03,2025-10-26,25844761
06:30:38,2025-10-27,25878927
06:33:14,2025-10-28,25912258
06:31:46,2025-10-29,25944457
07:47:53,2025-10-30,25980585
07:41:58,2025-10-31,26011456
07:46:36,2025-11-01,26039904
08:53:01,2025-11-02,26070859
07:10:15,2025-11-03,26100746
08:41:44,2025-11-04,26129893
05:27:52,2025-11-05,26155360
07:03:35,2025-11-06,26184308
06:56:02,2025-11-07,26210897
07:43:35,2025-11-08,26239962
06:55:24,2025-11-09,26269287
06:48:15,2025-11-10,26299943
08:52:34,2025-11-11,26328939
06:09:55,2025-11-12,26354495
06:59:05,2025-11-13,26380604
08:09:53,2025-11-14,26406730
07:01:49,2025-11-15,26432157
07:09:01,2025-11-16,26460390
07:13:29,2025-11-17,26489279
07:29:30,2025-11-18,26515500
07:24:51,2025-11-19,26549835
07:28:41,2025-11-20,26579957
07:42:35,2025-11-21,26607513
07:11:24,2025-11-22,26634464
10:00:59,2025-11-23,26667556
12:10:31,2025-11-24,26698708
07:31:54,2025-11-25,26721310
07:16:37,2025-11-26,26750261
07:09:06,2025-11-27,26776922
07:02:22,2025-11-28,26804990
09:15:31,2025-11-29,26833433
06:33:27,2025-11-30,26859658
06:45:44,2025-12-01,26889505
08:29:44,2025-12-03,26941545
08:29:55,2025-12-04,26965612
09:04:26,2025-12-05,26989999
05:12:06,2025-12-07,27035776
06:21:36,2025-12-08,27063133
11:02:49,2025-12-09,27089849
06:27:26,2025-12-10,27111102
06:03:34,2025-12-11,27134623
06:32:22,2025-12-12,27157884
07:51:33,2025-12-13,27183067
07:20:44,2025-12-14,27207329
07:19:56,2025-12-16,27258119
07:06:04,2025-12-17,27289993
07:11:16,2025-12-18,27316844
07:34:05,2025-12-19,27341819
06:38:08,2025-12-20,27366028
09:43:09,2025-12-21,27394157
06:13:26,2025-12-22,27417693
06:16:49,2025-12-23,27442011
06:01:36,2025-12-24,27465869
07:25:38,2025-12-25,27489906
06:28:09,2025-12-26,27512354
07:40:38,2025-12-27,27536941
06:47:03,2025-12-28,27559707
08:48:03,2025-12-29,27584692
06:40:57,2025-12-30,27606207
09:07:18,2025-12-31,27630441
07:58:33,2026-01-01,27649830
07:06:28,2026-01-02,27672541
07:33:31,2026-01-03,27696538
06:58:54,2026-01-04,27720749
07:36:19,2026-01-05,27745421
08:42:35,2026-01-06,27768309
06:08:23,2026-01-07,27787847
06:24:53,2026-01-08,27808995
06:53:10,2026-01-09,27829790
08:08:21,2026-01-10,27851711
07:57:12,2026-01-11,27874260
07:11:36,2026-01-12,27896313
09:07:09,2026-01-13,27920455
07:09:13,2026-01-14,27949505
07:36:04,2026-01-15,27973549
05:29:41,2026-01-16,27995684
05:42:43,2026-01-18,28047963
05:40:02,2026-01-19,28075202
11:06:48,2026-01-20,28103322
11:05:28,2026-01-21,28127053
10:42:43,2026-01-22,28149766
11:53:04,2026-01-23,28174908
11:05:09,2026-01-24,28198364
12:12:56,2026-01-25,28224309
10:29:03,2026-01-26,28248583
12:01:05,2026-01-27,28273049
12:09:03,2026-01-28,28294507
12:08:07,2026-01-29,28315551
15:28:05,2026-01-30,28339135
14:01:25,2026-01-31,28360478
11:13:09,2026-02-01,28381890
11:35:03,2026-02-02,28404443
10:49:08,2026-02-03,28425284
11:24:15,2026-02-04,28450677
10:57:02,2026-02-05,28471509
11:42:42,2026-02-06,28495396
11:03:28,2026-02-07,28517053
11:46:30,2026-02-08,28541159
11:56:48,2026-02-09,28563200
11:40:05,2026-02-10,28582534
11:39:52,2026-02-11,28602532
11:32:05,2026-02-12,28621273
11:48:09,2026-02-13,28640442
12:19:17,2026-02-14,28660742
11:46:23,2026-02-15,28681073
03:19:47,2026-02-16,28696290
03:20:34,2026-02-16,28696290
05:00:55,2026-02-16,28697738
05:58:47,2026-02-16,28698367
07:07:54,2026-02-16,28699243
08:54:03,2026-02-16,28700251
09:58:20,2026-02-16,28700880
10:59:01,2026-02-16,28701385
11:48:27,2026-02-16,28701832
13:11:27,2026-02-16,28702628
14:43:57,2026-02-16,28703778
15:43:44,2026-02-16,28704618
16:51:12,2026-02-16,28705848
17:40:03,2026-02-16,28706636
18:50:09,2026-02-16,28707763
19:33:40,2026-02-16,28708554
20:35:55,2026-02-16,28709610
21:32:23,2026-02-16,28710567
22:32:46,2026-02-16,28711608
23:33:01,2026-02-16,28712589
02:28:07,2026-02-17,28715905
04:55:01,2026-02-17,28717959
05:59:11,2026-02-17,28718739
07:11:45,2026-02-17,28719565
08:52:22,2026-02-17,28720513
09:21:23,2026-02-17,28720736
09:28:07,2026-02-17,28720842
09:31:57,2026-02-17,28720871
09:54:22,2026-02-17,28721050
15:55:40,2026-02-18,28743951
17:09:58,2026-02-18,28745102
19:00:13,2026-02-18,28746853
19:52:55,2026-02-18,28747593
20:43:40,2026-02-18,28748377
21:38:25,2026-02-18,28749173
22:37:10,2026-02-18,28749991
23:34:05,2026-02-18,28750802
02:25:40,2026-02-19,28753960
02:30:41,2026-02-19,28754073
04:55:25,2026-02-19,28756048
06:01:58,2026-02-19,28756779
07:50:52,2026-02-19,28757878
08:51:13,2026-02-19,28758393
09:52:29,2026-02-19,28758921
10:49:25,2026-02-19,28759427
11:40:32,2026-02-19,28759867
13:13:58,2026-02-19,28760729
14:51:54,2026-02-19,28761771
15:52:58,2026-02-19,28762491
16:58:02,2026-02-19,28763427
17:55:02,2026-02-19,28764278
18:55:45,2026-02-19,28765153
19:41:34,2026-02-19,28765836
20:37:10,2026-02-19,28766641
21:36:47,2026-02-19,28767494
22:35:28,2026-02-19,28768356
23:33:26,2026-02-19,28769334
02:26:16,2026-02-20,28772299
04:49:23,2026-02-20,28774295
05:56:11,2026-02-20,28775066
07:04:35,2026-02-20,28775892
08:45:48,2026-02-20,28776794
09:45:25,2026-02-20,28777271
10:41:07,2026-02-20,28777774
11:35:15,2026-02-20,28778220
13:05:43,2026-02-20,28779159
14:41:31,2026-02-20,28780287
15:39:55,2026-02-20,28781010
16:44:18,2026-02-20,28781871
17:40:16,2026-02-20,28782782
18:53:49,2026-02-20,28783842
19:38:23,2026-02-20,28784504
20:36:48,2026-02-20,28785382
21:28:56,2026-02-20,28786247
22:30:15,2026-02-20,28787144
23:31:58,2026-02-20,28788163
02:13:25,2026-02-21,28791088
04:39:08,2026-02-21,28793188
05:44:25,2026-02-21,28794078
06:48:25,2026-02-21,28794911
07:34:56,2026-02-21,28795362
08:35:34,2026-02-21,28795924
09:33:26,2026-02-21,28796582
10:30:12,2026-02-21,28797097
11:25:58,2026-02-21,28797709
12:55:06,2026-02-21,28798658
13:45:01,2026-02-21,28799270
14:29:34,2026-02-21,28799826
15:28:49,2026-02-21,28800685
16:33:29,2026-02-21,28801691
17:28:13,2026-02-21,28802675
18:39:58,2026-02-21,28803939
19:27:24,2026-02-21,28804704
20:29:11,2026-02-21,28805661
21:27:05,2026-02-21,28806628
22:27:58,2026-02-21,28807766
23:27:43,2026-02-21,28808733
11:24:56,2026-02-22,28818056
12:56:49,2026-02-22,28819062
13:48:44,2026-02-22,28819741
14:29:41,2026-02-22,28820306
15:29:03,2026-02-22,28821115
16:35:23,2026-02-22,28822275
17:28:19,2026-02-22,28823009
18:39:59,2026-02-22,28824238
19:27:58,2026-02-22,28825177
20:30:40,2026-02-22,28826207
21:28:28,2026-02-22,28827373
22:28:33,2026-02-22,28828303
23:30:21,2026-02-22,28829317
02:32:01,2026-02-23,28832625
06:03:25,2026-02-23,28835235
07:33:09,2026-02-23,28836112
08:08:12,2026-02-23,28836414
09:08:52,2026-02-23,28836897
10:13:35,2026-02-23,28837424
11:09:48,2026-02-23,28837890
11:55:42,2026-02-23,28838274
13:00:12,2026-02-23,28838890
14:14:51,2026-02-23,28839734
15:09:21,2026-02-23,28840384
16:06:07,2026-02-23,28841143
17:32:19,2026-02-23,28842541
18:38:53,2026-02-23,28843605
19:43:34,2026-02-23,28844632
20:41:07,2026-02-23,28845529
21:41:29,2026-02-23,28846393
22:37:47,2026-02-23,28847221
23:20:12,2026-02-23,28847835
23:57:44,2026-02-23,28848474
02:30:25,2026-02-24,28851136
04:31:27,2026-02-24,28852917
05:44:59,2026-02-24,28853950
06:56:34,2026-02-24,28854736
07:51:03,2026-02-24,28855239
08:42:04,2026-02-24,28855713
09:49:19,2026-02-24,28856343
10:44:24,2026-02-24,28857316
11:38:20,2026-02-24,28858539
12:06:00,2026-02-24,28859509
13:45:35,2026-02-24,28862780
14:46:33,2026-02-24,28864193
15:55:54,2026-02-24,28865683
17:04:59,2026-02-24,28867382
18:11:05,2026-02-24,28869131
19:27:07,2026-02-24,28870987
20:01:39,2026-02-24,28871821
20:57:43,2026-02-24,28873198
21:38:52,2026-02-24,28874191
22:03:54,2026-02-24,28874795
22:54:45,2026-02-24,28876039
23:28:28,2026-02-24,28876836
23:59:17,2026-02-24,28877601
02:50:22,2026-02-25,28881685
04:50:36,2026-02-25,28884139
05:58:30,2026-02-25,28885172
07:09:42,2026-02-25,28886231
08:03:01,2026-02-25,28886907
09:09:35,2026-02-25,28887723
10:13:19,2026-02-25,28888536
11:10:59,2026-02-25,28889308
11:55:04,2026-02-25,28889953
12:57:58,2026-02-25,28890864
14:11:34,2026-02-25,28891924
15:12:05,2026-02-25,28892902
16:35:41,2026-02-25,28894416
17:40:08,2026-02-25,28895660
18:40:46,2026-02-25,28896953
19:48:01,2026-02-25,28898365
20:32:22,2026-02-25,28899256
21:05:04,2026-02-25,28899944
21:50:53,2026-02-25,28900870
22:29:49,2026-02-25,28901746
23:03:31,2026-02-25,28902413
23:46:05,2026-02-25,28903267
01:50:20,2026-02-26,28906017
04:14:08,2026-02-26,28908872
05:36:28,2026-02-26,28910093
06:37:24,2026-02-26,28910944
07:37:17,2026-02-26,28911714
08:25:43,2026-02-26,28912276
09:30:37,2026-02-26,28912970
10:28:31,2026-02-26,28913636
11:25:59,2026-02-26,28914275
12:05:24,2026-02-26,28914786
13:45:06,2026-02-26,28916106
14:43:41,2026-02-26,28917059
15:51:36,2026-02-26,28918250
16:55:13,2026-02-26,28919380
17:55:10,2026-02-26,28920569
18:49:23,2026-02-26,28921650
19:41:57,2026-02-26,28922744
20:34:09,2026-02-26,28923889
21:06:25,2026-02-26,28924521
21:47:50,2026-02-26,28925347
22:30:26,2026-02-26,28926226
23:02:55,2026-02-26,28926849
23:47:42,2026-02-26,28927856
16:37:25,2026-02-27,28943573
17:08:17,2026-02-27,28944150
17:55:09,2026-02-27,28944960
18:41:08,2026-02-27,28945817
19:31:09,2026-02-27,28946693
19:57:45,2026-02-27,28947209
20:36:44,2026-02-27,28948004
20:59:00,2026-02-27,28948447
21:35:27,2026-02-27,28949189
21:56:12,2026-02-27,28949631
22:22:10,2026-02-27,28950193
22:55:04,2026-02-27,28950814
23:21:05,2026-02-27,28951435
23:53:18,2026-02-27,28952180
01:40:30,2026-02-28,28954509
03:51:52,2026-02-28,28957225
04:52:47,2026-02-28,28958294
05:30:46,2026-02-28,28958909
05:59:11,2026-02-28,28959384
06:50:46,2026-02-28,28960173
07:23:37,2026-02-28,28960604
07:51:11,2026-02-28,28960949
08:25:11,2026-02-28,28961381
08:56:38,2026-02-28,28961789
09:27:34,2026-02-28,28962234
09:51:45,2026-02-28,28962525
10:19:55,2026-02-28,28962926
10:44:06,2026-02-28,28963237
11:16:36,2026-02-28,28963669
11:33:47,2026-02-28,28963912
11:48:36,2026-02-28,28964098
12:38:54,2026-02-28,28964804
13:23:53,2026-02-28,28965445
13:56:19,2026-02-28,28965956
14:22:08,2026-02-28,28966380
14:52:20,2026-02-28,28966850
15:19:29,2026-02-28,28967389
15:40:50,2026-02-28,28967820
16:22:31,2026-02-28,28968589
16:53:44,2026-02-28,28969182
17:17:45,2026-02-28,28969659
17:40:16,2026-02-28,28970112
18:28:37,2026-02-28,28971084
18:58:47,2026-02-28,28971705
19:26:08,2026-02-28,28972263
19:47:28,2026-02-28,28972706
20:21:53,2026-02-28,28973442
20:52:58,2026-02-28,28974134
21:18:15,2026-02-28,28974647
21:38:19,2026-02-28,28975094
21:51:52,2026-02-28,28975377
22:19:44,2026-02-28,28976031
22:43:09,2026-02-28,28976549
23:18:33,2026-02-28,28977275
23:39:53,2026-02-28,28977729
23:53:36,2026-02-28,28977993
02:01:07,2026-03-01,28980893
04:31:33,2026-03-01,28983857
05:39:02,2026-03-01,28985040
06:26:54,2026-03-01,28985818
07:21:32,2026-03-01,28986788
07:54:53,2026-03-01,28987328
08:27:23,2026-03-01,28987786
08:59:05,2026-03-01,28988223
09:37:37,2026-03-01,28988758
09:56:03,2026-03-01,28989024
10:24:03,2026-03-01,28989413
10:54:28,2026-03-01,28989834
11:17:47,2026-03-01,28990159
11:36:37,2026-03-01,28990419
11:50:22,2026-03-01,28990654
12:41:26,2026-03-01,28991468
13:36:47,2026-03-01,28992346
13:58:59,2026-03-01,28992693
14:31:33,2026-03-01,28993269
14:54:01,2026-03-01,28993681
15:20:05,2026-03-01,28994170
15:41:48,2026-03-01,28994579
16:23:48,2026-03-01,28995515
16:56:56,2026-03-01,28996255
17:23:46,2026-03-01,28996860
17:53:08,2026-03-01,28997541
18:29:03,2026-03-01,28998350
19:00:12,2026-03-01,28999117
19:30:27,2026-03-01,28999809
19:49:46,2026-03-01,29000291
20:22:47,2026-03-01,29000994
20:54:19,2026-03-01,29001813
21:20:02,2026-03-01,29002370
21:41:08,2026-03-01,29002905
22:20:35,2026-03-01,29003820
22:54:15,2026-03-01,29004652
23:20:41,2026-03-01,29005246
23:53:03,2026-03-01,29005963
01:51:58,2026-03-02,29008578
04:12:05,2026-03-02,29011277
05:31:41,2026-03-02,29012590
06:34:39,2026-03-02,29013542
07:34:53,2026-03-02,29014251
08:05:10,2026-03-02,29014588
09:03:05,2026-03-02,29015209
10:07:59,2026-03-02,29015821
11:04:54,2026-03-02,29016405
11:47:29,2026-03-02,29016895
12:52:52,2026-03-02,29017638
13:58:44,2026-03-02,29018469
14:50:38,2026-03-02,29019251
15:38:46,2026-03-02,29020040
17:08:17,2026-03-02,29021679
18:00:47,2026-03-02,29022650
19:07:59,2026-03-02,29023901
19:52:36,2026-03-02,29024692
20:34:13,2026-03-02,29025471
21:04:47,2026-03-02,29026040
21:51:05,2026-03-02,29026988
22:24:00,2026-03-02,29027597
22:57:24,2026-03-02,29028284
23:29:41,2026-03-02,29028964
23:55:51,2026-03-02,29029493
02:02:04,2026-03-03,29032148
04:23:38,2026-03-03,29034775
05:36:39,2026-03-03,29035783
06:29:17,2026-03-03,29036479
07:28:39,2026-03-03,29037181
08:04:38,2026-03-03,29037559
09:01:29,2026-03-03,29038169
10:01:55,2026-03-03,29038852
11:01:33,2026-03-03,29039502
11:48:32,2026-03-03,29039954
12:51:31,2026-03-03,29041163
13:57:50,2026-03-03,29042553
14:49:13,2026-03-03,29043455
15:43:34,2026-03-03,29044415
16:42:27,2026-03-03,29045466
17:40:51,2026-03-03,29046763
18:42:25,2026-03-03,29048000
19:37:16,2026-03-03,29049075
20:01:21,2026-03-03,29049589
20:49:08,2026-03-03,29050517
21:31:11,2026-03-03,29051434
21:58:58,2026-03-03,29052052
22:37:20,2026-03-03,29052949
22:57:52,2026-03-03,29053367
23:31:22,2026-03-03,29054124
23:55:34,2026-03-03,29054735
01:52:51,2026-03-04,29057504
04:06:35,2026-03-04,29060123
05:15:07,2026-03-04,29061245
06:01:08,2026-03-04,29061881
07:07:36,2026-03-04,29062713
07:53:21,2026-03-04,29063218
08:35:18,2026-03-04,29063658
09:08:15,2026-03-04,29063967
09:59:08,2026-03-04,29064490
10:47:11,2026-03-04,29064993
11:27:40,2026-03-04,29065413
11:56:22,2026-03-04,29065719
12:56:40,2026-03-04,29066354
13:59:10,2026-03-04,29067156
14:43:23,2026-03-04,29067805
15:37:13,2026-03-04,29068709
16:08:47,2026-03-04,29069242
17:04:24,2026-03-04,29070244
17:58:44,2026-03-04,29071217
18:59:53,2026-03-04,29072251
19:41:45,2026-03-04,29073046
20:29:04,2026-03-04,29073986
21:00:59,2026-03-04,29074573
21:50:40,2026-03-04,29075513
22:27:42,2026-03-04,29076244
23:01:03,2026-03-04,29076839
23:46:27,2026-03-04,29077772
01:51:19,2026-03-05,29080477
04:10:07,2026-03-05,29083032
05:18:53,2026-03-05,29084138
06:05:12,2026-03-05,29084823
07:11:35,2026-03-05,29085637
07:56:31,2026-03-05,29086132
08:42:24,2026-03-05,29086654
09:39:42,2026-03-05,29087243
10:23:54,2026-03-05,29087737
11:09:56,2026-03-05,29088225
11:50:12,2026-03-05,29088697
12:54:07,2026-03-05,29089421
14:00:00,2026-03-05,29090299
14:56:54,2026-03-05,29091148
15:51:57,2026-03-05,29092009
18:00:54,2026-03-05,29094239
19:36:58,2026-03-05,29096042
20:07:29,2026-03-05,29096614
20:54:42,2026-03-05,29097474
21:31:32,2026-03-05,29098135
22:01:03,2026-03-05,29098640
23:29:40,2026-03-05,29100183
00:06:22,2026-03-06,29100862
03:09:46,2026-03-06,29104317
04:53:01,2026-03-06,29106016
05:42:30,2026-03-06,29106658
06:43:13,2026-03-06,29107430
07:36:20,2026-03-06,29108107
08:01:55,2026-03-06,29108377
08:56:48,2026-03-06,29108990
09:40:11,2026-03-06,29109447
10:06:00,2026-03-06,29109828
10:57:24,2026-03-06,29110418
11:31:39,2026-03-06,29110783
11:55:33,2026-03-06,29111069
12:51:47,2026-03-06,29111873
13:53:06,2026-03-06,29112649
14:35:14,2026-03-06,29113259
15:07:42,2026-03-06,29113718
15:54:47,2026-03-06,29114499
16:36:43,2026-03-06,29115184
17:20:10,2026-03-06,29115893
17:56:19,2026-03-06,29116506
18:44:28,2026-03-06,29117384
19:31:56,2026-03-06,29118212
19:58:11,2026-03-06,29118633
20:37:38,2026-03-06,29119334
21:00:13,2026-03-06,29119774
21:37:52,2026-03-06,29120459
21:56:49,2026-03-06,29120819
22:30:21,2026-03-06,29121451
22:58:54,2026-03-06,29122010
23:34:14,2026-03-06,29122601
23:54:40,2026-03-06,29122983
01:44:33,2026-03-07,29125020
03:57:50,2026-03-07,29127482
05:01:47,2026-03-07,29128483
05:54:04,2026-03-07,29129220
06:35:58,2026-03-07,29130168
07:06:19,2026-03-07,29130918
07:43:57,2026-03-07,29131742
08:27:04,2026-03-07,29132273
08:58:31,2026-03-07,29132647
09:35:13,2026-03-07,29133081
09:54:39,2026-03-07,29133294
10:20:12,2026-03-07,29133613
10:44:46,2026-03-07,29133874
11:17:27,2026-03-07,29134291
11:36:17,2026-03-07,29134499
11:50:40,2026-03-07,29134678
12:40:02,2026-03-07,29135315
13:26:10,2026-03-07,29135928
13:58:12,2026-03-07,29136375
14:29:00,2026-03-07,29136820
14:54:36,2026-03-07,29137213
15:19:58,2026-03-07,29137609
15:41:28,2026-03-07,29137993
16:23:18,2026-03-07,29138648
16:55:14,2026-03-07,29139818
17:18:40,2026-03-07,29140276
17:41:21,2026-03-07,29140717
18:29:03,2026-03-07,29141662
18:59:20,2026-03-07,29142247
19:29:01,2026-03-07,29143220
19:49:12,2026-03-07,29143645
20:21:25,2026-03-07,29144325
20:53:29,2026-03-07,29144995
21:18:06,2026-03-07,29145537
21:38:59,2026-03-07,29145994
21:52:36,2026-03-07,29146275
22:20:14,2026-03-07,29146819
22:53:48,2026-03-07,29147480
23:19:39,2026-03-07,29147991
23:40:54,2026-03-07,29148416
01:52:15,2026-03-08,29150957
04:09:05,2026-03-08,29153169
05:15:34,2026-03-08,29154144
05:59:07,2026-03-08,29154728
06:55:13,2026-03-08,29155483
07:28:43,2026-03-08,29155895
07:53:56,2026-03-08,29156209
08:27:39,2026-03-08,29156634
08:59:16,2026-03-08,29157015
09:37:38,2026-03-08,29157465
09:56:28,2026-03-08,29157693
10:26:03,2026-03-08,29158023
10:54:57,2026-03-08,29158412
11:18:22,2026-03-08,29158683
11:39:12,2026-03-08,29158939
11:53:04,2026-03-08,29159096
12:41:17,2026-03-08,29159745
13:37:50,2026-03-08,29160473
14:00:06,2026-03-08,29160780
14:33:54,2026-03-08,29161319
14:54:54,2026-03-08,29161677
15:20:30,2026-03-08,29162065
15:51:29,2026-03-08,29162641
16:24:10,2026-03-08,29163201
16:56:50,2026-03-08,29163806
17:24:25,2026-03-08,29164324
17:53:49,2026-03-08,29164901
18:29:27,2026-03-08,29165653
19:00:43,2026-03-08,29166277
19:38:04,2026-03-08,29167057
19:51:58,2026-03-08,29167382
20:21:59,2026-03-08,29168038
20:54:55,2026-03-08,29168692
21:20:22,2026-03-08,29169212
21:51:23,2026-03-08,29169767
22:20:02,2026-03-08,29170348
22:45:05,2026-03-08,29171149
23:20:44,2026-03-08,29172078
23:53:16,2026-03-08,29172848
01:53:52,2026-03-09,29175687
04:14:49,2026-03-09,29178214
05:35:59,2026-03-09,29179389
06:39:32,2026-03-09,29180174
07:38:04,2026-03-09,29180755
08:06:00,2026-03-09,29181036
09:03:47,2026-03-09,29181559
10:09:11,2026-03-09,29182198
11:05:32,2026-03-09,29182806
11:51:10,2026-03-09,29183262
12:56:08,2026-03-09,29184175
14:05:50,2026-03-09,29185084
15:13:08,2026-03-09,29186161
16:15:01,2026-03-09,29187128
17:11:40,2026-03-09,29188018
18:02:37,2026-03-09,29188891
19:11:46,2026-03-09,29190082
19:53:27,2026-03-09,29190847
20:30:30,2026-03-09,29191570
21:02:15,2026-03-09,29192132
21:48:51,2026-03-09,29193030
22:25:14,2026-03-09,29193760
22:58:45,2026-03-09,29194345
23:34:51,2026-03-09,29195011
23:54:20,2026-03-09,29195384
01:46:30,2026-03-10,29197596
04:06:38,2026-03-10,29199960
05:16:34,2026-03-10,29201009
06:02:30,2026-03-10,29201574
07:09:57,2026-03-10,29202301
07:56:11,2026-03-10,29202736
08:41:13,2026-03-10,29203159
09:40:12,2026-03-10,29203699
10:23:18,2026-03-10,29204120
11:18:25,2026-03-10,29204642
11:49:53,2026-03-10,29204953
12:53:53,2026-03-10,29205692
13:59:46,2026-03-10,29206503
15:00:14,2026-03-10,29207388
16:07:22,2026-03-10,29208751
17:09:40,2026-03-10,29210024
18:02:39,2026-03-10,29211117
19:09:58,2026-03-10,29212588
19:53:41,2026-03-10,29213555
20:30:00,2026-03-10,29214328
21:01:21,2026-03-10,29214929
21:44:15,2026-03-10,29215748
22:24:56,2026-03-10,29216453
22:58:00,2026-03-10,29217115
23:32:21,2026-03-10,29217870
23:55:13,2026-03-10,29218401
01:46:32,2026-03-11,29220651
04:07:20,2026-03-11,29223112
05:18:11,2026-03-11,29224152
06:05:31,2026-03-11,29224719
07:13:12,2026-03-11,29225502
07:56:54,2026-03-11,29225949
08:43:16,2026-03-11,29226404
09:39:10,2026-03-11,29226942
10:23:20,2026-03-11,29227369
11:18:18,2026-03-11,29228030
11:50:03,2026-03-11,29228389
12:53:34,2026-03-11,29229085
14:04:11,2026-03-11,29230026
15:08:11,2026-03-11,29230966
16:05:22,2026-03-11,29231865
17:12:31,2026-03-11,29232898
18:05:43,2026-03-11,29233758
19:12:01,2026-03-11,29234865
19:53:23,2026-03-11,29235618
20:30:38,2026-03-11,29236223
21:01:12,2026-03-11,29236764
21:49:04,2026-03-11,29237610
22:23:53,2026-03-11,29238264
22:55:12,2026-03-11,29238764
23:22:09,2026-03-11,29239285
23:55:01,2026-03-11,29239878
01:49:30,2026-03-12,29242306
04:11:37,2026-03-12,29244735
05:31:09,2026-03-12,29245718
06:31:39,2026-03-12,29246307
07:31:53,2026-03-12,29246883
08:05:30,2026-03-12,29247230
09:03:42,2026-03-12,29247723
10:02:15,2026-03-12,29248218
11:01:59,2026-03-12,29248785
11:45:12,2026-03-12,29249219
12:53:41,2026-03-12,29249911
14:01:53,2026-03-12,29250666
15:11:25,2026-03-12,29251612
16:17:06,2026-03-12,29252597
17:13:40,2026-03-12,29253422
18:04:35,2026-03-12,29254256
19:12:55,2026-03-12,29255348
19:54:37,2026-03-12,29256073
20:31:01,2026-03-12,29256731
21:03:05,2026-03-12,29257270
21:49:37,2026-03-12,29257987
22:22:46,2026-03-12,29258608
22:57:24,2026-03-12,29259187
23:31:18,2026-03-12,29259766
23:55:50,2026-03-12,29260203
01:57:52,2026-03-13,29262569
04:15:36,2026-03-13,29264741
05:29:02,2026-03-13,29265674
06:30:00,2026-03-13,29266329
07:31:04,2026-03-13,29266904
08:05:37,2026-03-13,29267233
09:00:04,2026-03-13,29267678
09:52:00,2026-03-13,29268184
10:33:13,2026-03-13,29268560
11:07:22,2026-03-13,29268892
11:47:16,2026-03-13,29269337
12:52:38,2026-03-13,29270134
13:58:46,2026-03-13,29271140
14:50:46,2026-03-13,29272089
15:39:13,2026-03-13,29273061
16:20:01,2026-03-13,29273779
17:02:05,2026-03-13,29274462
17:53:16,2026-03-13,29275358
18:40:17,2026-03-13,29276128
19:29:01,2026-03-13,29276944
19:58:49,2026-03-13,29277481
20:43:03,2026-03-13,29278342
21:29:24,2026-03-13,29279384
21:58:52,2026-03-13,29279869
22:34:36,2026-03-13,29280522
22:58:30,2026-03-13,29280907
23:34:13,2026-03-13,29281528
23:56:46,2026-03-13,29281968
02:06:19,2026-03-14,29284330
04:19:40,2026-03-14,29286362
05:26:44,2026-03-14,29287241
06:09:18,2026-03-14,29287745
07:07:25,2026-03-14,29288512
07:50:50,2026-03-14,29288998
08:30:50,2026-03-14,29289444
09:02:52,2026-03-14,29289778
09:50:19,2026-03-14,29290246
10:24:31,2026-03-14,29290607
10:58:12,2026-03-14,29291012
11:29:32,2026-03-14,29291364
11:53:23,2026-03-14,29291658
12:42:57,2026-03-14,29292266
13:43:16,2026-03-14,29293135
14:25:57,2026-03-14,29293865
14:58:50,2026-03-14,29294390
15:34:30,2026-03-14,29294945
15:54:18,2026-03-14,29295231
16:27:57,2026-03-14,29295815
16:59:48,2026-03-14,29296350
17:35:31,2026-03-14,29296989
17:55:33,2026-03-14,29297339
18:35:44,2026-03-14,29298031
19:05:53,2026-03-14,29298577
19:42:52,2026-03-14,29299223
20:24:40,2026-03-14,29299974
20:56:50,2026-03-14,29300585
21:28:25,2026-03-14,29301143
21:53:45,2026-03-14,29301603
22:22:27,2026-03-14,29302143
22:57:40,2026-03-14,29302772
23:31:21,2026-03-14,29303385
23:56:29,2026-03-14,29303861
02:28:28,2026-03-15,29306694
04:55:56,2026-03-15,29309029
06:04:28,2026-03-15,29309855
07:14:56,2026-03-15,29310705
07:54:19,2026-03-15,29311135
08:33:20,2026-03-15,29311523
09:04:53,2026-03-15,29311863
09:50:31,2026-03-15,29312429
10:26:30,2026-03-15,29312839
11:00:29,2026-03-15,29313251
11:42:27,2026-03-15,29313742
12:44:37,2026-03-15,29314599
13:44:00,2026-03-15,29315409
14:27:35,2026-03-15,29316077
14:59:24,2026-03-15,29316630
15:36:54,2026-03-15,29317298
15:56:30,2026-03-15,29317642
16:33:22,2026-03-15,29318308
17:00:26,2026-03-15,29318844
17:46:46,2026-03-15,29319739
18:34:51,2026-03-15,29320717
19:07:00,2026-03-15,29321343
19:44:11,2026-03-15,29322076
20:25:55,2026-03-15,29322942
20:57:37,2026-03-15,29323556
21:32:05,2026-03-15,29324228
21:54:55,2026-03-15,29324630
22:24:22,2026-03-15,29325111
22:59:09,2026-03-15,29325710
23:37:11,2026-03-15,29326358
23:57:42,2026-03-15,29326735
02:44:59,2026-03-16,29329691
05:12:16,2026-03-16,29331688
06:49:35,2026-03-16,29332660
08:06:18,2026-03-16,29333314
09:15:28,2026-03-16,29333904
10:16:53,2026-03-16,29334422
11:13:41,2026-03-16,29334878
11:59:21,2026-03-16,29335324
13:45:33,2026-03-16,29336460
14:56:51,2026-03-16,29337364
16:05:44,2026-03-16,29338353
17:19:10,2026-03-16,29339569
18:12:43,2026-03-16,29340454
19:30:43,2026-03-16,29341896
20:03:05,2026-03-16,29342468
20:59:16,2026-03-16,29343506
21:49:28,2026-03-16,29344462
22:29:41,2026-03-16,29345239
22:59:53,2026-03-16,29345816
23:38:08,2026-03-16,29346532
23:57:59,2026-03-16,29346894
02:32:20,2026-03-17,29349900
04:30:57,2026-03-17,29351632
05:45:14,2026-03-17,29352442
07:00:34,2026-03-17,29353139
08:03:13,2026-03-17,29353692
09:09:48,2026-03-17,29354269
10:10:13,2026-03-17,29354795
11:10:30,2026-03-17,29355361
11:57:31,2026-03-17,29355828
13:18:52,2026-03-17,29356717
14:36:57,2026-03-17,29357656
15:42:27,2026-03-17,29358552
17:01:19,2026-03-17,29359732
18:10:01,2026-03-17,29360895
19:30:30,2026-03-17,29362171
20:05:25,2026-03-17,29362762
20:58:57,2026-03-17,29363691
21:46:52,2026-03-17,29364545
22:29:43,2026-03-17,29365342
23:03:51,2026-03-17,29365919
23:48:28,2026-03-17,29366743
01:12:32,2026-03-18,29368375
01:57:30,2026-03-18,29369222
04:26:53,2026-03-18,29371453
05:47:29,2026-03-18,29372438
06:58:11,2026-03-18,29373176
07:56:28,2026-03-18,29373717
08:51:23,2026-03-18,29374233
09:51:42,2026-03-18,29374729
10:50:06,2026-03-18,29375261
11:42:55,2026-03-18,29375732
13:04:18,2026-03-18,29376562
14:42:10,2026-03-18,29377683
16:06:27,2026-03-18,29378853
17:19:21,2026-03-18,29379916
18:13:15,2026-03-18,29380777
19:19:03,2026-03-18,29381817
19:56:06,2026-03-18,29382467
20:35:39,2026-03-18,29383104
21:07:22,2026-03-18,29383614
21:50:50,2026-03-18,29384429
22:29:03,2026-03-18,29385138
23:01:06,2026-03-18,29385718
23:44:46,2026-03-18,29386713
01:58:10,2026-03-19,29389197
04:26:11,2026-03-19,29391411
05:44:48,2026-03-19,29392260
06:54:39,2026-03-19,29392990
07:45:23,2026-03-19,29393406
08:38:36,2026-03-19,29393860
09:27:11,2026-03-19,29394292
10:22:51,2026-03-19,29394780
11:20:50,2026-03-19,29395248
12:01:34,2026-03-19,29395618
13:43:32,2026-03-19,29396833
14:43:17,2026-03-19,29397562
15:52:06,2026-03-19,29398477
16:54:40,2026-03-19,29399379
17:51:52,2026-03-19,29400304
18:54:15,2026-03-19,29401329
19:44:21,2026-03-19,29402153
20:33:35,2026-03-19,29402992
21:06:40,2026-03-19,29403566
21:49:48,2026-03-19,29404293
22:25:02,2026-03-19,29404840
23:00:04,2026-03-19,29405404
23:38:27,2026-03-19,29406056
23:58:14,2026-03-19,29406396
02:33:30,2026-03-20,29409230
04:26:57,2026-03-20,29410914
05:38:52,2026-03-20,29411711
06:34:31,2026-03-20,29412266
07:32:12,2026-03-20,29412755
08:04:57,2026-03-20,29413042
09:00:58,2026-03-20,29413536
09:59:44,2026-03-20,29414053
10:50:42,2026-03-20,29414542
11:28:53,2026-03-20,29414917
11:57:35,2026-03-20,29415256
13:06:36,2026-03-20,29416121
14:07:51,2026-03-20,29416987
15:12:36,2026-03-20,29417899
15:59:51,2026-03-20,29418619
16:56:21,2026-03-20,29419629
17:35:33,2026-03-20,29420452
18:04:45,2026-03-20,29421006
19:07:34,2026-03-20,29422195
19:50:26,2026-03-20,29423049
20:28:23,2026-03-20,29423702
21:01:03,2026-03-20,29424307
21:47:09,2026-03-20,29425211
22:25:07,2026-03-20,29425802
22:59:39,2026-03-20,29426379
23:37:22,2026-03-20,29426975
23:56:58,2026-03-20,29427328
02:06:19,2026-03-21,29429573
04:14:29,2026-03-21,29431553
05:13:28,2026-03-21,29432270
05:56:45,2026-03-21,29432754
06:46:06,2026-03-21,29433273
07:30:54,2026-03-21,29433728
07:56:05,2026-03-21,29433958
08:32:46,2026-03-21,29434349
09:01:04,2026-03-21,29434595
09:47:48,2026-03-21,29435038
10:23:10,2026-03-21,29435370
10:56:39,2026-03-21,29435700
11:23:55,2026-03-21,29435959
11:51:58,2026-03-21,29436261
12:41:03,2026-03-21,29436773
13:39:56,2026-03-21,29437447
14:02:34,2026-03-21,29437744
14:47:02,2026-03-21,29438424
15:22:18,2026-03-21,29438983
15:53:01,2026-03-21,29439422
16:25:42,2026-03-21,29439949
16:58:42,2026-03-21,29440488
17:31:18,2026-03-21,29441047
17:54:57,2026-03-21,29441411
18:31:29,2026-03-21,29441994
19:02:38,2026-03-21,29442494
19:40:13,2026-03-21,29443055
20:22:22,2026-03-21,29443765
20:55:29,2026-03-21,29444330
21:22:25,2026-03-21,29444792
21:52:36,2026-03-21,29445214
22:20:41,2026-03-21,29445613
22:55:58,2026-03-21,29446191
23:23:39,2026-03-21,29446674
23:53:59,2026-03-21,29447131
01:58:05,2026-03-22,29449241
04:23:55,2026-03-22,29451431
05:40:10,2026-03-22,29452296
06:31:27,2026-03-22,29452856
07:25:44,2026-03-22,29453426
07:59:37,2026-03-22,29453756
08:47:17,2026-03-22,29454206
09:28:58,2026-03-22,29454598
09:57:57,2026-03-22,29454894
10:32:27,2026-03-22,29455269
10:57:01,2026-03-22,29455549
11:25:31,2026-03-22,29455883
11:52:47,2026-03-22,29456194
12:43:14,2026-03-22,29456789
13:41:21,2026-03-22,29457489
14:24:54,2026-03-22,29458095
14:57:25,2026-03-22,29458567
15:29:42,2026-03-22,29459021
16:26:12,2026-03-22,29459920
16:58:34,2026-03-22,29460404
17:30:47,2026-03-22,29460941
17:54:55,2026-03-22,29461321
18:32:35,2026-03-22,29461971
19:04:17,2026-03-22,29462546
19:41:37,2026-03-22,29463222
20:23:32,2026-03-22,29463971
20:56:57,2026-03-22,29464554
21:27:59,2026-03-22,29465063
21:54:11,2026-03-22,29465507
22:21:40,2026-03-22,29465956
22:57:04,2026-03-22,29466536
23:30:56,2026-03-22,29467133
23:56:53,2026-03-22,29467543
02:27:00,2026-03-23,29470161
04:53:31,2026-03-23,29472139
06:09:13,2026-03-23,29472890
07:40:39,2026-03-23,29473627
08:51:18,2026-03-23,29474156
09:59:04,2026-03-23,29474219
10:59:46,2026-03-23,29474219
11:49:58,2026-03-23,29474219
13:00:18,2026-03-23,29474219
14:34:45,2026-03-23,29474219
15:39:14,2026-03-23,29474219
16:33:49,2026-03-23,29474219
17:30:17,2026-03-23,29474219
18:28:46,2026-03-23,29474219
19:32:29,2026-03-23,29474219
20:07:07,2026-03-23,29474219
20:56:16,2026-03-23,29474219
21:36:05,2026-03-23,29474219
22:00:27,2026-03-23,29474219
22:53:47,2026-03-23,29474219
23:29:18,2026-03-23,29474219
23:58:31,2026-03-23,29474219
02:36:54,2026-03-24,29474219
04:32:03,2026-03-24,29474219
05:46:07,2026-03-24,29474219
07:00:23,2026-03-24,29474219
08:03:04,2026-03-24,29474219
09:10:13,2026-03-24,29474219
10:10:25,2026-03-24,29474219
11:11:08,2026-03-24,29474219
11:58:37,2026-03-24,29474219
13:25:54,2026-03-24,29474219
14:43:04,2026-03-24,29474219
16:04:08,2026-03-24,29474219
17:16:12,2026-03-24,29474219
18:10:33,2026-03-24,29474219
19:31:17,2026-03-24,29474219
20:05:29,2026-03-24,29474219
20:59:02,2026-03-24,29474219
21:45:34,2026-03-24,29474926
22:27:23,2026-03-24,29475816
23:01:59,2026-03-24,29476518
23:48:21,2026-03-24,29477505
01:56:34,2026-03-25,29480415
04:22:11,2026-03-25,29482880
05:46:12,2026-03-25,29483876
06:58:35,2026-03-25,29484651
07:56:57,2026-03-25,29485210
08:54:08,2026-03-25,29485716
09:51:18,2026-03-25,29486278
10:44:51,2026-03-25,29486830
11:39:18,2026-03-25,29487423
12:31:46,2026-03-25,29487951
14:01:02,2026-03-25,29489023
15:37:36,2026-03-25,29490394
16:44:52,2026-03-25,29491572
17:56:06,2026-03-25,29492715
18:55:00,2026-03-25,29493755
19:44:12,2026-03-25,29494696
20:35:03,2026-03-25,29495610
21:06:45,2026-03-25,29496198
21:55:38,2026-03-25,29497089
22:33:22,2026-03-25,29497768
23:06:24,2026-03-25,29498343
23:52:06,2026-03-25,29499137
02:02:54,2026-03-26,29501777
04:41:34,2026-03-26,29504259
06:10:54,2026-03-26,29505248
07:37:41,2026-03-26,29506051
08:31:09,2026-03-26,29506499
09:40:48,2026-03-26,29507139
10:50:33,2026-03-26,29507779
11:48:10,2026-03-26,29508356
13:07:21,2026-03-26,29509290
14:45:12,2026-03-26,29510562
16:09:24,2026-03-26,29512776
17:30:39,2026-03-26,29515402
18:37:50,2026-03-26,29516930
19:40:53,2026-03-26,29518195
20:33:05,2026-03-26,29519276
21:03:58,2026-03-26,29519830
21:47:31,2026-03-26,29520719
22:25:57,2026-03-26,29521446
22:59:15,2026-03-26,29522066
23:40:17,2026-03-26,29522804
02:03:41,2026-03-27,29525932
04:42:38,2026-03-27,29528384
06:11:03,2026-03-27,29529445
07:36:31,2026-03-27,29530344
08:27:06,2026-03-27,29530871
09:34:02,2026-03-27,29531489
10:28:37,2026-03-27,29532398
11:26:37,2026-03-27,29533257
12:07:28,2026-03-27,29533839
13:45:35,2026-03-27,29535066
14:45:59,2026-03-27,29535890
15:50:02,2026-03-27,29536832
16:51:55,2026-03-27,29537858
17:47:01,2026-03-27,29538770
18:52:11,2026-03-27,29540138
19:39:27,2026-03-27,29541099
20:04:20,2026-03-27,29541554
20:57:32,2026-03-27,29542508
21:38:25,2026-03-27,29543264
22:00:58,2026-03-27,29543656
22:54:22,2026-03-27,29544677
23:30:00,2026-03-27,29545342
23:56:24,2026-03-27,29545842
02:09:14,2026-03-28,29548501
04:29:35,2026-03-28,29550855
05:42:45,2026-03-28,29551919
06:55:05,2026-03-28,29552837
07:42:37,2026-03-28,29553438
08:35:01,2026-03-28,29554093
09:07:38,2026-03-28,29554437
09:53:28,2026-03-28,29554919
10:28:10,2026-03-28,29555333
11:01:28,2026-03-28,29555770
11:44:20,2026-03-28,29556290
12:48:13,2026-03-28,29557137
13:49:22,2026-03-28,29558100
14:29:29,2026-03-28,29558732
15:01:40,2026-03-28,29559271
15:47:50,2026-03-28,29560133
16:30:11,2026-03-28,29560877
17:02:40,2026-03-28,29561497
17:48:11,2026-03-28,29562358
18:36:00,2026-03-28,29563261
19:09:12,2026-03-28,29563910
19:46:35,2026-03-28,29564638
20:26:39,2026-03-28,29565364
20:59:59,2026-03-28,29566098
21:38:39,2026-03-28,29566822
21:57:57,2026-03-28,29567178
22:34:05,2026-03-28,29567865
22:59:59,2026-03-28,29568385
23:40:41,2026-03-28,29569354
23:59:43,2026-03-28,29569759
03:28:50,2026-03-29,29573619
05:27:16,2026-03-29,29575217
06:45:13,2026-03-29,29576155
07:51:01,2026-03-29,29576925
08:36:20,2026-03-29,29577447
09:19:50,2026-03-29,29577988
09:56:37,2026-03-29,29578388
10:34:25,2026-03-29,29578915
11:03:15,2026-03-29,29579230
11:45:20,2026-03-29,29579797
12:48:55,2026-03-29,29580624
13:51:25,2026-03-29,29581631
14:31:05,2026-03-29,29582345
15:02:58,2026-03-29,29582949
15:48:09,2026-03-29,29583818
16:31:04,2026-03-29,29584606
17:03:34,2026-03-29,29585270
17:49:28,2026-03-29,29586138
18:37:30,2026-03-29,29587082
19:19:46,2026-03-29,29587916
19:50:29,2026-03-29,29588506
20:27:57,2026-03-29,29589250
21:01:08,2026-03-29,29589887
21:48:47,2026-03-29,29590772
22:27:42,2026-03-29,29591462
23:02:26,2026-03-29,29592085
23:49:46,2026-03-29,29593026
02:08:32,2026-03-30,29595695
05:08:05,2026-03-30,29598444
07:01:45,2026-03-30,29599639
08:50:53,2026-03-30,29600578
10:14:04,2026-03-30,29601338
11:29:08,2026-03-30,29602081
12:37:45,2026-03-30,29602846
14:10:15,2026-03-30,29604016
15:43:08,2026-03-30,29605411
16:52:32,2026-03-30,29606593
17:52:07,2026-03-30,29607780
18:55:59,2026-03-30,29608955
19:54:55,2026-03-30,29609920
20:41:32,2026-03-30,29610753
21:38:49,2026-03-30,29611731
22:18:28,2026-03-30,29612488
22:58:40,2026-03-30,29613104
23:41:10,2026-03-30,29613871
02:04:28,2026-03-31,29616644
04:44:19,2026-03-31,29619115
06:14:49,2026-03-31,29620338
07:46:03,2026-03-31,29621287
08:55:14,2026-03-31,29621975
10:03:35,2026-03-31,29622703
11:12:23,2026-03-31,29623325
12:02:23,2026-03-31,29623829
14:03:20,2026-03-31,29625321
15:38:03,2026-03-31,29626744
16:37:23,2026-03-31,29627656
17:36:37,2026-03-31,29628594
18:34:08,2026-03-31,29629629
19:37:15,2026-03-31,29630717
20:22:43,2026-03-31,29631462
21:07:58,2026-03-31,29632204
21:57:16,2026-03-31,29633073
22:36:31,2026-03-31,29633793
23:03:40,2026-03-31,29634228
23:50:10,2026-03-31,29635009
02:12:50,2026-04-01,29638032
05:08:10,2026-04-01,29640735
06:56:03,2026-04-01,29641879
08:15:18,2026-04-01,29642606
09:37:28,2026-04-01,29643346
10:38:26,2026-04-01,29643935
11:35:14,2026-04-01,29644538
12:39:13,2026-04-01,29645285
14:15:48,2026-04-01,29646563
15:45:23,2026-04-01,29647880
16:50:30,2026-04-01,29648950
17:46:47,2026-04-01,29649883
18:57:18,2026-04-01,29651012
19:58:05,2026-04-01,29652094
20:51:27,2026-04-01,29653001
21:38:26,2026-04-01,29653742
22:19:39,2026-04-01,29654478
23:00:17,2026-04-01,29655145
23:51:00,2026-04-01,29656052
02:00:40,2026-04-02,29658578
04:38:45,2026-04-02,29661062
06:01:42,2026-04-02,29661975
07:43:04,2026-04-02,29662954
08:52:27,2026-04-02,29663582
09:58:27,2026-04-02,29664238
10:57:27,2026-04-02,29664785
11:49:30,2026-04-02,29665294
13:05:56,2026-04-02,29666115
14:36:08,2026-04-02,29667379
15:37:51,2026-04-02,29668536
16:34:39,2026-04-02,29669582
17:28:56,2026-04-02,29670531
18:32:14,2026-04-02,29671630
19:32:39,2026-04-02,29672571
20:05:11,2026-04-02,29673245
20:56:07,2026-04-02,29674230
21:36:51,2026-04-02,29675011
22:05:33,2026-04-02,29675609
22:53:04,2026-04-02,29676435
23:31:37,2026-04-02,29677111
00:02:50,2026-04-03,29677692
03:29:37,2026-04-03,29681685
05:24:39,2026-04-03,29683325
06:49:23,2026-04-03,29684320
08:00:37,2026-04-03,29685202
09:11:25,2026-04-03,29685952
10:05:04,2026-04-03,29686539
11:04:56,2026-04-03,29687204
11:54:56,2026-04-03,29687773
12:56:57,2026-04-03,29688499
14:02:27,2026-04-03,29689466
15:04:01,2026-04-03,29690366
15:55:25,2026-04-03,29691237
16:36:37,2026-04-03,29691988
17:06:08,2026-04-03,29692556
17:53:47,2026-04-03,29693409
18:41:44,2026-04-03,29694294
19:36:02,2026-04-03,29695347
20:03:08,2026-04-03,29695841
20:55:15,2026-04-03,29696812
21:30:54,2026-04-03,29697617
22:01:20,2026-04-03,29698157
22:54:40,2026-04-03,29699092
23:30:50,2026-04-03,29699685
00:00:35,2026-04-04,29700221
03:17:42,2026-04-04,29704056
05:04:35,2026-04-04,29705644
06:14:07,2026-04-04,29706373
07:28:31,2026-04-04,29707251
08:05:34,2026-04-04,29707697
09:00:46,2026-04-04,29708161
09:56:23,2026-04-04,29708808
10:33:37,2026-04-04,0
11:02:54,2026-04-04,29709583
11:45:45,2026-04-04,29710056
12:48:43,2026-04-04,29710826
13:51:04,2026-04-04,29711693
14:31:19,2026-04-04,29712303
15:02:46,2026-04-04,29712827
15:48:49,2026-04-04,29713530
16:31:13,2026-04-04,29714296
17:04:43,2026-04-04,29714905
17:50:29,2026-04-04,29715722
18:37:39,2026-04-04,29716613
19:18:46,2026-04-04,29717347
19:48:43,2026-04-04,29717957
20:26:44,2026-04-04,29718704
21:00:39,2026-04-04,29719271
21:48:27,2026-04-04,29720123
22:25:53,2026-04-04,29720752
23:00:43,2026-04-04,0
23:48:51,2026-04-04,29722112
02:07:58,2026-04-05,29724650
04:46:18,2026-04-05,29727075
06:13:19,2026-04-05,29728208
07:33:47,2026-04-05,29729214
08:06:03,2026-04-05,29729531
09:01:37,2026-04-05,29730098
09:58:02,2026-04-05,29730691
10:39:51,2026-04-05,29731226
11:05:17,2026-04-05,29731513
11:46:21,2026-04-05,29732008
12:51:16,2026-04-05,29732908
13:52:32,2026-04-05,29733755
14:33:05,2026-04-05,29734388
15:04:44,2026-04-05,29734950
15:48:34,2026-04-05,29735681
16:32:46,2026-04-05,29736420
17:04:52,2026-04-05,29737009
17:50:54,2026-04-05,29737867
18:39:07,2026-04-05,29738833
19:21:56,2026-04-05,29739694
19:57:55,2026-04-05,29740454
20:38:16,2026-04-05,29741291
21:03:05,2026-04-05,29741757
21:48:45,2026-04-05,29742614
22:27:33,2026-04-05,29743353
23:02:44,2026-04-05,29743915
23:50:52,2026-04-05,29744732
02:09:08,2026-04-06,29747494
05:07:15,2026-04-06,29750288
07:03:26,2026-04-06,29751738
08:47:59,2026-04-06,29752761
10:06:09,2026-04-06,29753645
11:13:50,2026-04-06,29754461
12:00:11,2026-04-06,29755051
13:40:09,2026-04-06,29756442
14:33:42,2026-04-06,29757232
15:28:39,2026-04-06,29758027
16:27:18,2026-04-06,29758893
17:28:42,2026-04-06,29760019
18:34:40,2026-04-06,29761224
19:38:55,2026-04-06,29762434
20:21:51,2026-04-06,29763303
21:08:23,2026-04-06,29764141
21:52:58,2026-04-06,29764921
22:32:53,2026-04-06,29765607
23:07:16,2026-04-06,29766768
23:52:27,2026-04-06,29768423
02:04:59,2026-04-07,29773033
04:42:52,2026-04-07,0
06:17:57,2026-04-07,0
07:52:27,2026-04-07,29777693
08:58:19,2026-04-07,29778257
10:10:51,2026-04-07,29778906
11:16:09,2026-04-07,29779558
12:04:52,2026-04-07,29780035
14:02:43,2026-04-07,29781603
15:47:10,2026-04-07,29783071
16:54:17,2026-04-07,29784119
17:56:22,2026-04-07,29785134
19:03:20,2026-04-07,29786211
20:02:26,2026-04-07,29787175
21:05:00,2026-04-07,29788426
21:59:56,2026-04-07,29789383
22:51:11,2026-04-07,29790267
23:34:19,2026-04-07,29791185
00:05:51,2026-04-08,29791743
03:33:40,2026-04-08,29795589
05:29:40,2026-04-08,29797275
07:00:17,2026-04-08,29798151
08:38:02,2026-04-08,29798819
09:48:57,2026-04-08,0
10:53:20,2026-04-08,29800034
11:52:40,2026-04-08,29800637
13:14:25,2026-04-08,29801389
14:50:04,2026-04-08,29802584
16:13:31,2026-04-08,29803916
17:33:40,2026-04-08,29805201
18:49:32,2026-04-08,29806631
19:57:00,2026-04-08,29807789
20:45:29,2026-04-08,29808536
21:38:30,2026-04-08,29809357
22:23:15,2026-04-08,29810064
23:22:00,2026-04-08,29810999
00:01:58,2026-04-09,29811636
03:29:58,2026-04-09,29815328
05:30:00,2026-04-09,29816744
07:03:22,2026-04-09,29817699
08:48:25,2026-04-09,29818635
10:10:24,2026-04-09,29819350
11:17:46,2026-04-09,29819991
12:06:31,2026-04-09,29820518
14:16:25,2026-04-09,29822107
15:56:44,2026-04-09,29823552
17:08:20,2026-04-09,29824682
18:11:48,2026-04-09,29825760
19:40:01,2026-04-09,29827293
20:31:31,2026-04-09,29828190
21:27:18,2026-04-09,29829114
22:22:56,2026-04-09,29829953
23:23:04,2026-04-09,29830919
00:05:56,2026-04-10,29831669
03:43:29,2026-04-10,29835465
05:55:26,2026-04-10,29836852
07:23:49,2026-04-10,0
08:53:43,2026-04-10,29838397
10:05:51,2026-04-10,29838978
11:13:24,2026-04-10,29839459
12:01:30,2026-04-10,29839910
13:51:33,2026-04-10,29841308
14:44:34,2026-04-10,29842127
15:49:37,2026-04-10,29843098
16:46:40,2026-04-10,29843978
17:44:15,2026-04-10,29844972
18:46:40,2026-04-10,29846133
19:41:07,2026-04-10,29847249
20:32:04,2026-04-10,29848103
21:06:35,2026-04-10,29848703
21:55:31,2026-04-10,29849566
22:35:16,2026-04-10,29850189
23:07:05,2026-04-10,29850743
23:53:37,2026-04-10,29851557
01:59:07,2026-04-11,29853690
04:26:48,2026-04-11,29855946
05:46:18,2026-04-11,29856907
06:57:30,2026-04-11,29857624
07:51:37,2026-04-11,29858114
08:39:01,2026-04-11,29858562
09:24:30,2026-04-11,29858997
10:06:05,2026-04-11,29859416
10:56:15,2026-04-11,29860007
11:29:31,2026-04-11,29860340
11:57:57,2026-04-11,29860712
13:07:53,2026-04-11,29861547
14:02:18,2026-04-11,29862355
14:56:32,2026-04-11,29863166
15:33:56,2026-04-11,29863680
16:00:35,2026-04-11,29864108
16:56:51,2026-04-11,29865029
17:32:49,2026-04-11,29865727
18:00:58,2026-04-11,29866227
19:06:20,2026-04-11,29867334
19:50:51,2026-04-11,29868109
20:28:59,2026-04-11,29868802
21:02:48,2026-04-11,29869368
21:49:33,2026-04-11,29870190
22:28:13,2026-04-11,29870783
23:03:50,2026-04-11,29871352
23:52:11,2026-04-11,29872115
02:12:46,2026-04-12,29874465
05:07:46,2026-04-12,29877124
06:49:48,2026-04-12,29878309
08:01:27,2026-04-12,29879088
09:07:12,2026-04-12,29879736
10:02:42,2026-04-12,29880403
11:01:24,2026-04-12,29881091
11:49:38,2026-04-12,29881609
12:55:25,2026-04-12,29882478
13:58:43,2026-04-12,29883413
14:47:27,2026-04-12,29884204
15:33:11,2026-04-12,29884970
16:04:19,2026-04-12,29885527
16:58:34,2026-04-12,29886437
17:40:14,2026-04-12,29887292
18:42:27,2026-04-12,29888467
19:37:05,2026-04-12,29889544
20:03:08,2026-04-12,29890020
20:55:10,2026-04-12,29890947
21:31:09,2026-04-12,29891589
22:01:49,2026-04-12,29892121
22:56:33,2026-04-12,29892985
23:35:34,2026-04-12,29893593
00:04:27,2026-04-13,29894085
03:53:57,2026-04-13,29898093
06:11:50,2026-04-13,29899734
08:24:38,2026-04-13,29901088
10:20:03,2026-04-13,29902139
11:45:55,2026-04-13,29902932
13:19:58,2026-04-13,29903920
14:57:32,2026-04-13,29905222
16:16:17,2026-04-13,29906459
17:33:41,2026-04-13,29907656
18:47:36,2026-04-13,29908922
20:03:38,2026-04-13,29910217
21:09:59,2026-04-13,29911411
22:04:21,2026-04-13,29912403
23:04:56,2026-04-13,29913435
00:01:42,2026-04-14,29914385
03:44:30,2026-04-14,29918404
05:58:36,2026-04-14,29920186
07:56:33,2026-04-14,29921423
09:18:38,2026-04-14,29922543
10:41:43,2026-04-14,29924506
11:55:10,2026-04-14,29926627
13:18:54,2026-04-14,29929081
14:57:40,2026-04-14,29930927
16:10:01,2026-04-14,29932386
17:36:27,2026-04-14,29934269
18:46:16,2026-04-14,29935816
20:03:15,2026-04-14,29937787
21:09:39,2026-04-14,29939468
22:07:07,2026-04-14,29940729
23:05:59,2026-04-14,29941958
00:01:31,2026-04-15,29943172
03:43:24,2026-04-15,29948082
05:58:21,2026-04-15,29950018
07:56:44,2026-04-15,29951496
09:20:37,2026-04-15,29952285
10:45:02,2026-04-15,29953238
11:54:06,2026-04-15,29954117
13:18:26,2026-04-15,29955273
14:51:10,2026-04-15,29956796
16:02:21,2026-04-15,29958085
17:33:15,2026-04-15,29959830
18:45:45,2026-04-15,29961412
20:01:02,2026-04-15,29962972
21:08:25,2026-04-15,29964334
22:05:45,2026-04-15,29965437
23:03:57,2026-04-15,29966585
00:00:56,2026-04-16,29967712
03:48:49,2026-04-16,29972678
05:59:14,2026-04-16,29974508
07:59:03,2026-04-16,29975874
09:26:14,2026-04-16,29976699
10:46:39,2026-04-16,29977614
11:57:05,2026-04-16,29978415
13:49:14,2026-04-16,29981160
15:23:00,2026-04-16,29983209
16:57:03,2026-04-16,29985209
18:08:31,2026-04-16,29986775
19:39:14,2026-04-16,29988725
20:28:56,2026-04-16,29989838
21:25:49,2026-04-16,29991027
22:23:03,2026-04-16,29992193
23:23:07,2026-04-16,29993345
01:07:51,2026-04-17,29995650
04:23:09,2026-04-17,29999361
06:22:25,2026-04-17,30001117
08:14:37,2026-04-17,30002544
09:49:54,2026-04-17,30003648
10:52:00,2026-04-17,30004317
11:49:43,2026-04-17,30005061
13:11:58,2026-04-17,30006213
14:37:09,2026-04-17,30007581
15:40:32,2026-04-17,30008789
16:52:23,2026-04-17,30010133
17:46:52,2026-04-17,30011181
18:55:38,2026-04-17,30012431
19:57:17,2026-04-17,30013791
20:49:35,2026-04-17,30014923
21:38:39,2026-04-17,30015943
22:21:26,2026-04-17,30016815
23:21:57,2026-04-17,30018004
00:06:54,2026-04-18,30018860
03:31:22,2026-04-18,30023128
05:25:17,2026-04-18,30025054
06:48:37,2026-04-18,30026303
07:58:08,2026-04-18,30027299
08:56:44,2026-04-18,30028015
09:50:17,2026-04-18,30028703
10:36:45,2026-04-18,30029318
11:20:31,2026-04-18,30029907
12:01:32,2026-04-18,30030529
13:36:47,2026-04-18,30032135
14:22:54,2026-04-18,30032868
15:21:36,2026-04-18,30034047
16:05:58,2026-04-18,30035022
16:59:13,2026-04-18,30036241
17:43:11,2026-04-18,30037197
18:43:00,2026-04-18,30038491
19:38:48,2026-04-18,30039712
20:05:04,2026-04-18,30040243
20:55:31,2026-04-18,30041370
21:32:25,2026-04-18,30042139
22:02:35,2026-04-18,30042743
22:56:37,2026-04-18,30043868
23:35:31,2026-04-18,30044607
00:03:59,2026-04-19,30045151
03:51:23,2026-04-19,30049687
05:56:02,2026-04-19,30051841
07:18:20,2026-04-19,30053077
08:14:36,2026-04-19,30053983
09:08:17,2026-04-19,30054653
10:03:24,2026-04-19,30055411
11:01:56,2026-04-19,30056255
11:51:41,2026-04-19,30056967
12:55:33,2026-04-19,30057916
13:59:01,2026-04-19,30059017
14:49:32,2026-04-19,30059959
15:34:47,2026-04-19,30060899
16:05:50,2026-04-19,30061546
16:59:04,2026-04-19,30062785
17:42:05,2026-04-19,30063785
18:43:10,2026-04-19,30065577
19:39:01,2026-04-19,30067043
20:05:36,2026-04-19,30067667
20:56:18,2026-04-19,30068851
21:35:46,2026-04-19,30069836
22:03:28,2026-04-19,30070363
22:57:02,2026-04-19,30071351
23:38:44,2026-04-19,30072155
00:06:53,2026-04-20,30072818
03:53:19,2026-04-20,30077458
06:12:11,2026-04-20,30079510
08:29:43,2026-04-20,30081080
10:21:07,2026-04-20,30082515
11:54:31,2026-04-20,30083650
13:23:01,2026-04-20,30084971
15:05:20,2026-04-20,30086810
16:36:59,2026-04-20,30088498
17:39:01,2026-04-20,30089893
18:40:43,2026-04-20,30091286
19:58:06,2026-04-20,30092858
20:53:51,2026-04-20,30093933
21:42:48,2026-04-20,30094853
22:39:53,2026-04-20,30095927
23:27:01,2026-04-20,30096944
01:08:04,2026-04-21,30099312
04:22:06,2026-04-21,30103151
06:22:09,2026-04-21,30104697
08:20:03,2026-04-21,30106199
09:54:47,2026-04-21,30107204
11:03:30,2026-04-21,30107982
12:10:00,2026-04-21,30108770
14:10:26,2026-04-21,30110565
15:44:49,2026-04-21,30112302
16:57:00,2026-04-21,30113983
17:59:26,2026-04-21,30115302
19:23:05,2026-04-21,30117201
20:28:51,2026-04-21,30118468
21:26:23,2026-04-21,30119669
22:24:17,2026-04-21,30120726
23:20:55,2026-04-21,30122108
00:05:00,2026-04-22,30123186
03:43:41,2026-04-22,30127710
05:58:16,2026-04-22,30129783
07:57:24,2026-04-22,30131436
09:23:51,2026-04-22,30132347
10:48:54,2026-04-22,30133248
13:53:46,2026-04-22,30135515
15:10:05,2026-04-22,30136622
16:33:51,2026-04-22,30138262
17:37:00,2026-04-22,30139464
18:43:24,2026-04-22,30140693
20:02:32,2026-04-22,30142327
21:10:50,2026-04-22,30143683
22:06:24,2026-04-22,30144741
23:08:13,2026-04-22,30145920
17:48:22,2026-04-23,30165042
19:03:17,2026-04-23,30166509
20:13:37,2026-04-23,30167984
21:09:27,2026-04-23,30169010
22:03:19,2026-04-23,30170048
23:08:50,2026-04-23,30171252
00:04:41,2026-04-24,30172245
03:53:02,2026-04-24,30176891
06:05:56,2026-04-24,30178718
08:24:09,2026-04-24,30180320
10:09:48,2026-04-24,30181399
11:36:08,2026-04-24,30182394
12:41:02,2026-04-24,30183244
14:43:36,2026-04-24,30185330
16:02:03,2026-04-24,30186865
17:15:35,2026-04-24,30188263
18:01:31,2026-04-24,30189171
19:14:44,2026-04-24,30190605
20:03:06,2026-04-24,30191558
21:08:19,2026-04-24,30192827
22:04:39,2026-04-24,30193944
23:00:29,2026-04-24,30195005
23:56:58,2026-04-24,30196000
02:34:59,2026-04-25,30199226
05:00:23,2026-04-25,30201807
06:46:53,2026-04-25,30203510
08:03:27,2026-04-25,30204526
09:12:35,2026-04-25,30205445
10:08:06,2026-04-25,30206158
11:06:31,2026-04-25,30206873
11:56:12,2026-04-25,30207577
13:03:10,2026-04-25,30208669
14:08:53,2026-04-25,30209810
15:03:07,2026-04-25,30210814
15:57:37,2026-04-25,30211883
16:49:31,2026-04-25,30212969
17:34:46,2026-04-25,30214015
18:07:32,2026-04-25,30214747
19:12:22,2026-04-25,30216274
19:55:50,2026-04-25,30217287
20:36:41,2026-04-25,30218132
21:19:05,2026-04-25,30218940
21:55:15,2026-04-25,30219670
22:33:24,2026-04-25,30220454
23:20:21,2026-04-25,30221452
00:07:05,2026-04-26,30222413
03:57:39,2026-04-26,30227344
06:08:48,2026-04-26,30229454
07:55:13,2026-04-26,30231011
08:56:58,2026-04-26,30231883
09:54:41,2026-04-26,30232677
10:41:54,2026-04-26,30233374
11:36:41,2026-04-26,30234120
12:07:30,2026-04-26,30234597
13:42:31,2026-04-26,30236150
14:39:44,2026-04-26,30237342
15:27:57,2026-04-26,30238307
16:22:47,2026-04-26,30239500
17:22:17,2026-04-26,30240844
18:08:20,2026-04-26,30241909
19:14:41,2026-04-26,30243520
19:58:03,2026-04-26,30244494
20:45:27,2026-04-26,30245589
21:34:40,2026-04-26,30246625
22:06:28,2026-04-26,30247355
23:00:29,2026-04-26,30248483
23:57:44,2026-04-26,30249615
03:28:09,2026-04-27,30254091
06:16:24,2026-04-27,30256578
08:41:58,2026-04-27,30258274
11:00:01,2026-04-27,30259732
12:22:10,2026-04-27,30260697
14:35:56,2026-04-27,30262564
16:12:17,2026-04-27,30264298
17:43:52,2026-04-27,30265985
19:14:22,2026-04-27,30267740
20:35:12,2026-04-27,30269397
21:36:45,2026-04-27,30270563
22:30:10,2026-04-27,30271628
23:32:43,2026-04-27,30272876
01:18:29,2026-04-28,30275416
04:46:22,2026-04-28,30279305
07:29:27,2026-04-28,30281338
09:58:29,2026-04-28,30282857
11:49:56,2026-04-28,30284173
16:07:32,2026-04-28,30288030
17:57:07,2026-04-28,30290126
19:43:20,2026-04-28,30292113
21:04:14,2026-04-28,30293567
22:12:51,2026-04-28,30294780
23:12:17,2026-04-28,30295847
00:09:39,2026-04-29,30296980
04:04:45,2026-04-29,30301757
06:39:09,2026-04-29,30303899
09:00:08,2026-04-29,30305345
11:01:48,2026-04-29,30306548
12:56:26,2026-04-29,30307877
15:12:39,2026-04-29,30310002
16:54:47,2026-04-29,30311749
18:09:44,2026-04-29,30313173
19:55:22,2026-04-29,30315061
21:00:59,2026-04-29,30316211
22:12:18,2026-04-29,30317557
23:12:27,2026-04-29,30318612
00:09:48,2026-04-30,30319801
04:06:38,2026-04-30,30324458
06:43:33,2026-04-30,30326463
09:09:15,2026-04-30,30328079
11:09:44,2026-04-30,30329276
12:56:30,2026-04-30,30330541
15:09:39,2026-04-30,30332505
16:49:42,2026-04-30,30334278
18:07:31,2026-04-30,30335681
19:51:29,2026-04-30,30337572
20:56:38,2026-04-30,30338742
21:55:43,2026-04-30,30339776
22:51:51,2026-04-30,30340845
23:50:19,2026-04-30,30341884
02:44:54,2026-05-01,30345610
06:13:31,2026-05-01,30348798
08:25:34,2026-05-01,30350555
10:09:53,2026-05-01,30351840
11:34:03,2026-05-01,30352905
12:38:56,2026-05-01,30353788
14:04:03,2026-05-01,30355024
15:17:39,2026-05-01,30356157
16:14:26,2026-05-01,30357010
17:15:57,2026-05-01,30358024
18:13:42,2026-05-01,30359032
19:41:19,2026-05-01,30360580
20:47:58,2026-05-01,30361777
21:50:48,2026-05-01,30362948
22:45:41,2026-05-01,30363944
23:48:47,2026-05-01,30365040
02:27:30,2026-05-02,30368093
05:23:48,2026-05-02,30370940
07:13:15,2026-05-02,30372357
08:44:46,2026-05-02,30373596
09:56:37,2026-05-02,30374542
10:52:38,2026-05-02,30375150
11:41:39,2026-05-02,30375788
13:03:25,2026-05-02,30377035
14:15:05,2026-05-02,30378167
15:06:57,2026-05-02,30378990
16:02:48,2026-05-02,30380021
17:08:32,2026-05-02,30381294
18:04:02,2026-05-02,30382405
19:29:05,2026-05-02,30384126
20:07:25,2026-05-02,30384922
21:02:10,2026-05-02,30386202
22:00:46,2026-05-02,30387513
23:04:21,2026-05-02,30388578
00:02:39,2026-05-03,30389622
04:13:19,2026-05-03,30394294
06:42:29,2026-05-03,30396575
08:44:26,2026-05-03,30398170
10:01:02,2026-05-03,30399091
11:08:55,2026-05-03,30399999
11:59:15,2026-05-03,30400667
13:39:42,2026-05-03,30402112
14:32:29,2026-05-03,30403005
15:26:02,2026-05-03,30403883
16:27:25,2026-05-03,30405066
17:30:03,2026-05-03,30406359
18:33:44,2026-05-03,30407607
19:38:12,2026-05-03,30408958
20:22:54,2026-05-03,30409972
21:24:34,2026-05-03,30411247
22:21:45,2026-05-03,30412243
23:25:04,2026-05-03,30413352
01:18:22,2026-05-04,30415694
04:50:53,2026-05-04,30419297
07:45:32,2026-05-04,30421369
10:10:32,2026-05-04,30422889
12:05:52,2026-05-04,30424136
14:32:53,2026-05-04,30426133
16:20:45,2026-05-04,30427890
18:03:56,2026-05-04,30429702
19:56:45,2026-05-04,30432050
21:09:33,2026-05-04,30433428
22:15:35,2026-05-04,30434643
23:12:32,2026-05-04,30435685
00:10:40,2026-05-05,30436835
03:52:02,2026-05-05,30441034
06:12:41,2026-05-05,30443060
08:28:49,2026-05-05,30444616
10:22:27,2026-05-05,30446513
11:50:00,2026-05-05,30448452
15:52:55,2026-05-05,30453391
17:20:33,2026-05-05,30455343
18:55:53,2026-05-05,30457551
20:06:05,2026-05-05,30459058
21:15:58,2026-05-05,30460614
22:15:04,2026-05-05,30461879
23:13:01,2026-05-05,30463107
00:06:30,2026-05-06,30464417
04:08:40,2026-05-06,30469945
06:46:39,2026-05-06,30472289
09:20:44,2026-05-06,30473985
11:27:05,2026-05-06,30475397
13:18:31,2026-05-06,30477058
15:38:25,2026-05-06,30479430
17:11:23,2026-05-06,30481100
19:02:01,2026-05-06,30483332
20:48:05,2026-05-06,30485350
21:53:45,2026-05-06,30486647
22:48:02,2026-05-06,30487710
23:46:18,2026-05-06,30489018
02:35:14,2026-05-07,30492831
05:47:38,2026-05-07,30495809
08:28:50,2026-05-07,30497700
10:52:26,2026-05-07,30499179
12:27:09,2026-05-07,30500293
15:16:29,2026-05-07,30502826
17:11:17,2026-05-07,30504904
19:01:54,2026-05-07,30507253
20:41:13,2026-05-07,30509235
21:54:26,2026-05-07,30510721
22:58:34,2026-05-07,30512228
23:58:03,2026-05-07,30513369
03:29:36,2026-05-08,30518165
05:46:18,2026-05-08,30520335
07:25:19,2026-05-08,30521711
08:59:03,2026-05-08,30522734
10:43:32,2026-05-08,30523840
12:06:25,2026-05-08,30525303
14:18:09,2026-05-08,30527863
15:55:00,2026-05-08,30529678
17:12:41,2026-05-08,30531131
18:46:00,2026-05-08,30532992
20:04:40,2026-05-08,30534816
21:17:28,2026-05-08,30536449
22:14:40,2026-05-08,30537633
23:12:10,2026-05-08,30538724
00:11:43,2026-05-09,30539938
03:58:43,2026-05-09,30544773
06:21:56,2026-05-09,30547119
08:19:55,2026-05-09,30548798
09:48:25,2026-05-09,30549914
10:54:36,2026-05-09,30550670
11:48:13,2026-05-09,30551402
13:09:53,2026-05-09,30552572
14:31:37,2026-05-09,30553985
15:32:58,2026-05-09,30555117
16:32:27,2026-05-09,30556207
17:33:26,2026-05-09,30557493
18:34:58,2026-05-09,30558905
19:42:41,2026-05-09,30560308
20:40:26,2026-05-09,30561523
21:39:31,2026-05-09,30562670
22:25:05,2026-05-09,30563695
23:28:06,2026-05-09,30564915
01:23:49,2026-05-10,30567353
05:08:25,2026-05-10,30571913
07:35:34,2026-05-10,30574019
09:15:26,2026-05-10,30575424
10:39:42,2026-05-10,30576439
11:32:37,2026-05-10,30577116
12:37:28,2026-05-10,30578141
14:05:01,2026-05-10,30579588
15:15:43,2026-05-10,30580889
16:11:42,2026-05-10,30582047
17:14:48,2026-05-10,30583298
18:07:44,2026-05-10,30584437
19:35:31,2026-05-10,30586309
20:25:07,2026-05-10,30587407
21:29:53,2026-05-10,30588825
22:27:26,2026-05-10,30589911
23:32:45,2026-05-10,30591237
01:28:47,2026-05-11,30593742
05:42:09,2026-05-11,30598017
09:33:35,2026-05-11,30600619
12:30:46,2026-05-11,30602591
15:46:19,2026-05-11,30605767
17:51:53,2026-05-11,30608204
19:42:29,2026-05-11,30610457
21:13:57,2026-05-11,30612220
22:30:11,2026-05-11,30613599
23:35:47,2026-05-11,30614839
01:20:53,2026-05-12,30617336
05:08:25,2026-05-12,30621539
08:05:28,2026-05-12,30623754
10:42:43,2026-05-12,30625336
13:02:42,2026-05-12,30626963
15:46:37,2026-05-12,30629787
17:56:15,2026-05-12,30632208
19:50:58,2026-05-12,30634543
21:16:07,2026-05-12,30636159
22:37:08,2026-05-12,30637640
23:39:38,2026-05-12,30638920
01:27:42,2026-05-13,30641281
05:32:30,2026-05-13,30645361
08:19:30,2026-05-13,30647201
10:46:54,2026-05-13,30648715
13:08:17,2026-05-13,30650502
15:59:11,2026-05-13,30653249
18:06:43,2026-05-13,30655655
20:12:16,2026-05-13,30658142
21:46:40,2026-05-13,30659921
23:02:58,2026-05-13,30661463
00:17:02,2026-05-14,30662907
04:15:37,2026-05-14,30667932
07:24:11,2026-05-14,0
09:57:12,2026-05-14,0
11:53:30,2026-05-14,30671969
14:01:54,2026-05-14,30675380
16:24:33,2026-05-14,30678347
18:20:38,2026-05-14,30680732
20:17:01,2026-05-14,30683162
21:38:57,2026-05-14,30684984
22:39:43,2026-05-14,30686289
23:35:58,2026-05-14,30687418
01:27:13,2026-05-15,30689880
05:37:23,2026-05-15,30694531
08:27:05,2026-05-15,30696676
11:02:47,2026-05-15,30698532
13:07:09,2026-05-15,30700154
15:31:42,2026-05-15,30702771
17:13:36,2026-05-15,30704616
18:56:59,2026-05-15,30706742
20:17:25,2026-05-15,30708376
21:30:02,2026-05-15,30709791
22:33:33,2026-05-15,30711008
23:33:03,2026-05-15,30712186
01:20:42,2026-05-16,30714506
04:59:38,2026-05-16,30718616
07:20:52,2026-05-16,30720635
09:14:11,2026-05-16,30722006
10:39:02,2026-05-16,30723063
11:35:34,2026-05-16,30723790
12:41:52,2026-05-16,30724825
14:20:32,2026-05-16,30726533
15:37:55,2026-05-16,30727966
16:34:06,2026-05-16,30729108
17:36:01,2026-05-16,30730349
18:36:45,2026-05-16,30731522
19:44:34,2026-05-16,30733008
20:41:20,2026-05-16,30734475
21:43:50,2026-05-16,30736084
22:40:56,2026-05-16,30737355
23:49:52,2026-05-16,30738832
02:46:11,2026-05-17,30742399
06:19:57,2026-05-17,30745946
08:35:08,2026-05-17,30747825
10:11:09,2026-05-17,30749145
11:33:50,2026-05-17,30750218
12:38:01,2026-05-17,30751095
14:08:45,2026-05-17,30752633
15:30:05,2026-05-17,30754112
16:34:28,2026-05-17,30755363
17:36:30,2026-05-17,30756816
18:39:55,2026-05-17,30758264
19:48:38,2026-05-17,30760046
20:44:26,2026-05-17,30761300
21:51:51,2026-05-17,30762656
22:50:26,2026-05-17,30763703
23:55:10,2026-05-17,30764986
02:56:32,2026-05-18,30768781
06:56:39,2026-05-18,30772285
11:06:45,2026-05-18,30774894
14:39:01,2026-05-18,30777939
17:19:40,2026-05-18,30781025
19:08:30,2026-05-18,30783470
20:47:38,2026-05-18,30785608
22:00:05,2026-05-18,30787086
23:13:42,2026-05-18,30788494
00:18:47,2026-05-19,30789932
04:36:42,2026-05-19,30795059
08:03:34,2026-05-19,30797917
11:33:15,2026-05-19,30800247
14:13:57,2026-05-19,30802530
17:16:55,2026-05-19,30806132
19:19:28,2026-05-19,30808516
20:54:16,2026-05-19,30810387
22:12:57,2026-05-19,30811944
23:33:42,2026-05-19,30813506
01:33:35,2026-05-20,30816113
05:48:40,2026-05-20,30820528
09:24:43,2026-05-20,30822908
12:09:44,2026-05-20,30824784
15:58:41,2026-05-20,30828526
18:23:35,2026-05-20,30831188
20:36:49,2026-05-20,30833738
22:13:16,2026-05-20,30835732
23:40:50,2026-05-20,30837420
02:57:05,2026-05-21,30841390
06:54:44,2026-05-21,30845142
10:37:43,2026-05-21,30847390
13:47:15,2026-05-21,30849805
16:37:01,2026-05-21,30853059
18:24:52,2026-05-21,30855191
20:24:58,2026-05-21,30857469
22:04:26,2026-05-21,30859346
23:18:19,2026-05-21,30860631
01:26:17,2026-05-22,30863162
05:47:25,2026-05-22,30867645
08:56:12,2026-05-22,30869649
11:44:11,2026-05-22,30871419
14:32:16,2026-05-22,30873756
16:55:55,2026-05-22,30876277
18:52:35,2026-05-22,30878522
20:40:35,2026-05-22,30880568
22:04:07,2026-05-22,30882135
23:33:24,2026-05-22,30883714
01:25:36,2026-05-23,30885946
05:25:22,2026-05-23,30890145
07:56:16,2026-05-23,30892190
09:52:12,2026-05-23,30893491
12:09:11,2026-05-23,30895099
14:04:00,2026-05-23,30896802
15:33:16,2026-05-23,30898304
16:36:36,2026-05-23,30899468
17:40:05,2026-05-23,30900796
18:42:11,2026-05-23,30902055
20:03:59,2026-05-23,30903798
21:09:12,2026-05-23,30905166
22:09:58,2026-05-23,30906460
23:12:58,2026-05-23,30907728
00:14:13,2026-05-24,30909137
04:41:02,2026-05-24,30914045
07:47:11,2026-05-24,30916700
09:51:14,2026-05-24,30918224
11:13:17,2026-05-24,30919299
12:12:32,2026-05-24,30920212
14:02:40,2026-05-24,30921936
15:36:15,2026-05-24,30923988
16:39:03,2026-05-24,30925408
17:39:57,2026-05-24,30926858
18:46:49,2026-05-24,30928467
20:02:02,2026-05-24,30930059
21:13:34,2026-05-24,30931576
22:13:02,2026-05-24,30932791
23:16:56,2026-05-24,30934035
00:15:59,2026-05-25,30935228
04:55:14,2026-05-25,30940555
08:53:16,2026-05-25,30943661
12:26:33,2026-05-25,30946263
15:39:23,2026-05-25,30949557
17:22:23,2026-05-25,30951890
19:05:47,2026-05-25,30954102
20:45:14,2026-05-25,30956292
22:05:13,2026-05-25,30958119
23:33:35,2026-05-25,30959947
01:28:18,2026-05-26,30962551
05:48:30,2026-05-26,30967155
09:47:06,2026-05-26,30969751
16:29:48,2026-05-26,30975499
19:04:24,2026-05-26,30978518
21:01:30,2026-05-26,30981015
22:40:44,2026-05-26,30982987
00:01:06,2026-05-27,30984678
04:51:19,2026-05-27,30990055
08:36:20,2026-05-27,30992771
11:56:33,2026-05-27,30994822
15:38:33,2026-05-27,30998083
18:12:08,2026-05-27,31001054
20:30:02,2026-05-27,31003814
22:20:22,2026-05-27,31005912
23:46:11,2026-05-27,31007482
02:48:49,2026-05-28,31011387
06:51:52,2026-05-28,31015072
10:52:23,2026-05-28,31017587
14:34:27,2026-05-28,31020510
17:50:29,2026-05-28,31024089
20:14:15,2026-05-28,31026682
22:12:26,2026-05-28,31028945
23:44:17,2026-05-28,31030757
02:52:35,2026-05-29,31034591
06:52:37,2026-05-29,31037927
10:42:53,2026-05-29,31040289
13:57:25,2026-05-29,31042680
17:34:43,2026-05-29,31046145
19:55:34,2026-05-29,31048635
21:50:18,2026-05-29,31050788
23:08:58,2026-05-29,31052242
00:18:30,2026-05-30,31053538
04:30:05,2026-05-30,31058161
07:30:04,2026-05-30,0
09:31:44,2026-05-30,31061854
11:03:29,2026-05-30,31062909
12:17:23,2026-05-30,31063821
14:09:30,2026-05-30,31065426
15:38:24,2026-05-30,31067150
16:40:08,2026-05-30,31068250
17:45:07,2026-05-30,31069348
19:07:10,2026-05-30,31070685
20:17:37,2026-05-30,31072132
21:16:47,2026-05-30,31073266
22:15:29,2026-05-30,31074563
23:17:11,2026-05-30,31075578
00:17:30,2026-05-31,31076831
04:55:32,2026-05-31,31081423
08:12:31,2026-05-31,31083862
10:25:27,2026-05-31,31085435
12:03:04,2026-05-31,31086685
14:12:40,2026-05-31,31088561
15:41:24,2026-05-31,31090188
17:02:35,2026-05-31,31091595
18:17:46,2026-05-31,31092972
19:44:02,2026-05-31,31094848
20:54:59,2026-05-31,31096363
21:57:01,2026-05-31,31097637
23:00:24,2026-05-31,31099033
23:41:36,2026-05-31,31099787
00:48:27,2026-06-01,31101105
01:48:40,2026-06-01,31102322
03:11:06,2026-06-01,31103963
05:00:07,2026-06-01,31105796
06:41:48,2026-06-01,31106956
08:51:57,2026-06-01,31108155
10:45:36,2026-06-01,31109247
12:53:20,2026-06-01,31110640
15:03:55,2026-06-01,31112498
17:06:00,2026-06-01,31114464
19:11:44,2026-06-01,31116905
20:44:45,2026-06-01,31118552
22:03:29,2026-06-01,31120046
23:01:18,2026-06-01,31121161
23:47:57,2026-06-01,31122066
00:49:26,2026-06-02,31123569
01:51:26,2026-06-02,31124864
03:11:29,2026-06-02,31126420
04:57:18,2026-06-02,31128193
06:36:11,2026-06-02,31129718
08:14:20,2026-06-02,31130934
09:47:14,2026-06-02,31132500
11:30:36,2026-06-02,31135127
12:52:11,2026-06-02,31137189
14:26:09,2026-06-02,31139336
16:03:30,2026-06-02,31141768
17:50:21,2026-06-02,31144354
19:15:58,2026-06-02,31146517
20:22:05,2026-06-02,31148055
21:36:40,2026-06-02,31149751
22:27:04,2026-06-02,31150934
23:15:39,2026-06-02,31152071
23:58:36,2026-06-02,31153166
01:26:46,2026-06-03,31155446
02:33:33,2026-06-03,31157042
04:01:36,2026-06-03,31158823
06:01:46,2026-06-03,31160798
08:03:59,2026-06-03,31162533
09:59:54,2026-06-03,31163991
11:47:15,2026-06-03,31165418
13:38:48,2026-06-03,31167245
15:20:35,2026-06-03,31169018
17:06:35,2026-06-03,31171207
18:37:13,2026-06-03,31173006
19:57:27,2026-06-03,31174705
21:14:54,2026-06-03,31176421
22:13:06,2026-06-03,31177924
23:02:04,2026-06-03,31179043
23:57:23,2026-06-03,31180571
01:26:14,2026-06-04,31182762
02:33:23,2026-06-04,31184268
04:01:27,2026-06-04,31186037
06:00:09,2026-06-04,31187893
07:53:26,2026-06-04,31189384
09:20:45,2026-06-04,31190379
10:46:48,2026-06-04,31191532
12:00:41,2026-06-04,31192583
13:29:15,2026-06-04,31194065
14:33:23,2026-06-04,31195196
15:49:58,2026-06-04,31196701
17:03:52,2026-06-04,31198323
18:03:59,2026-06-04,31199526
19:07:47,2026-06-04,31200913
20:02:02,2026-06-04,31202111
21:00:10,2026-06-04,31203322
21:39:33,2026-06-04,31204185
22:13:06,2026-06-04,31204864
22:49:07,2026-06-04,31205595
23:27:30,2026-06-04,31206479
00:02:05,2026-06-05,31207279
01:24:01,2026-06-05,31209132
02:32:57,2026-06-05,31210634
04:00:59,2026-06-05,31212305
05:49:42,2026-06-05,31213983
07:31:12,2026-06-05,31215474
08:52:37,2026-06-05,31216453
10:22:45,2026-06-05,31217529
11:44:18,2026-06-05,31218610
13:02:10,2026-06-05,31219737
14:09:10,2026-06-05,31220870
15:26:05,2026-06-05,31222285
16:30:21,2026-06-05,31223591
17:23:59,2026-06-05,31224689
18:18:08,2026-06-05,31225793
19:03:08,2026-06-05,31226769
20:00:29,2026-06-05,31228058
20:54:39,2026-06-05,31229326
21:31:56,2026-06-05,31230142
22:06:20,2026-06-05,31231023
22:44:00,2026-06-05,31231875
23:28:22,2026-06-05,31232826
00:02:05,2026-06-06,31233532
01:18:54,2026-06-06,31235468
02:08:28,2026-06-06,31236489
03:31:06,2026-06-06,31238172
04:59:49,2026-06-06,31239700
06:16:10,2026-06-06,31240996
07:24:32,2026-06-06,31242008
08:31:25,2026-06-06,31242917
09:29:22,2026-06-06,31243703
10:22:27,2026-06-06,31244491
11:09:52,2026-06-06,31245147
11:49:11,2026-06-06,31245685
12:28:43,2026-06-06,31246252
13:03:21,2026-06-06,31246878
13:59:46,2026-06-06,31247931
14:40:00,2026-06-06,31248766
15:09:17,2026-06-06,31249408
15:47:34,2026-06-06,31250321
16:25:44,2026-06-06,31251192
17:02:32,2026-06-06,31252019
17:43:51,2026-06-06,31252919
18:28:34,2026-06-06,31253889
19:03:27,2026-06-06,31254731
19:49:47,2026-06-06,31255834
20:26:39,2026-06-06,31256697
21:01:38,2026-06-06,31257483
21:42:03,2026-06-06,31258425
22:24:27,2026-06-06,31259303
23:01:46,2026-06-06,31260112
23:40:36,2026-06-06,31260973
00:48:02,2026-06-07,31262400
01:45:59,2026-06-07,31263607
03:10:05,2026-06-07,31265209
04:54:40,2026-06-07,31267164
06:30:44,2026-06-07,31268718
07:59:18,2026-06-07,31269976
09:13:36,2026-06-07,31271079
10:13:25,2026-06-07,31271954
11:02:20,2026-06-07,31272618
11:58:26,2026-06-07,31273504
12:45:21,2026-06-07,31274251
13:34:00,2026-06-07,31275091
14:21:56,2026-06-07,31276038
15:12:42,2026-06-07,31277116
15:47:53,2026-06-07,31277918
16:31:27,2026-06-07,31278936
17:03:14,2026-06-07,31279672
17:46:35,2026-06-07,31280722
18:28:50,2026-06-07,31281766
19:03:18,2026-06-07,31282659
19:50:11,2026-06-07,31283804
20:27:56,2026-06-07,31284762
21:02:23,2026-06-07,31285613
21:44:55,2026-06-07,31286590
22:24:06,2026-06-07,31287408
23:01:59,2026-06-07,31288121
23:41:18,2026-06-07,31288892
00:48:49,2026-06-08,31290310
01:49:04,2026-06-08,31291696
03:10:58,2026-06-08,31293540
04:57:46,2026-06-08,31295294
06:36:12,2026-06-08,31296597
08:22:53,2026-06-08,31297826
10:08:22,2026-06-08,31298977
12:00:37,2026-06-08,31300257
13:47:47,2026-06-08,31301735
15:09:21,2026-06-08,31303076
16:38:41,2026-06-08,31304691
17:39:22,2026-06-08,31305848
18:33:16,2026-06-08,31306992
19:29:06,2026-06-08,31308295
20:28:49,2026-06-08,31309560
21:19:14,2026-06-08,31310692
22:00:15,2026-06-08,31311520
22:39:32,2026-06-08,31312366
23:08:47,2026-06-08,31313047
23:46:01,2026-06-08,31313926
00:43:06,2026-06-09,31315290
01:38:43,2026-06-09,31316550
02:37:30,2026-06-09,31317789
04:03:40,2026-06-09,31319369
05:45:36,2026-06-09,31320840
07:15:58,2026-06-09,31321913
08:31:59,2026-06-09,31322726
09:59:46,2026-06-09,31323635
11:12:37,2026-06-09,31324444
12:18:41,2026-06-09,31325247
13:22:16,2026-06-09,31326468
14:32:41,2026-06-09,31328369
15:42:25,2026-06-09,31329838
16:55:34,2026-06-09,31331323
17:42:35,2026-06-09,31332299
18:45:25,2026-06-09,31333551
19:42:03,2026-06-09,31334672
20:41:56,2026-06-09,31335954
21:34:58,2026-06-09,31337099
22:12:08,2026-06-09,31337846
22:51:56,2026-06-09,31338681
23:32:22,2026-06-09,31339585
17:16:38,2026-06-10,31357691
18:15:24,2026-06-10,31358930
19:14:59,2026-06-10,31360150
20:03:35,2026-06-10,31361202
21:11:05,2026-06-10,31362558
22:01:27,2026-06-10,31363588
22:55:42,2026-06-10,31364668
23:33:50,2026-06-10,31365486
00:04:47,2026-06-11,31366204
01:26:42,2026-06-11,31368029
02:33:32,2026-06-11,31369410
04:01:19,2026-06-11,31370999
06:00:03,2026-06-11,31372760
07:58:45,2026-06-11,31374190
09:42:11,2026-06-11,31375473
11:32:58,2026-06-11,31376722
12:54:03,2026-06-11,31377866
14:18:00,2026-06-11,31379147
15:37:10,2026-06-11,31380675
16:59:51,2026-06-11,31382271
18:09:11,2026-06-11,31383681
19:17:37,2026-06-11,31385006
20:07:03,2026-06-11,31386080
21:08:32,2026-06-11,31387267
22:01:48,2026-06-11,31388330
22:55:56,2026-06-11,31389462
23:34:25,2026-06-11,31390247
00:08:31,2026-06-12,31390930
01:29:50,2026-06-12,31392799
02:33:08,2026-06-12,31394031
04:01:19,2026-06-12,31395806
05:58:04,2026-06-12,31397577
07:53:58,2026-06-12,31399058
09:25:51,2026-06-12,31400261
11:01:13,2026-06-12,31401423
12:27:07,2026-06-12,31402865
13:46:01,2026-06-12,31404054
15:04:30,2026-06-12,31405477
16:26:17,2026-06-12,31406953
17:32:36,2026-06-12,31408244
18:20:39,2026-06-12,31409247
19:22:40,2026-06-12,31410528
20:24:42,2026-06-12,31411872
21:15:02,2026-06-12,31412909
21:57:57,2026-06-12,31413862
22:39:45,2026-06-12,31414661
23:09:17,2026-06-12,31415269
23:52:48,2026-06-12,31416133
00:50:20,2026-06-13,31417398
01:45:15,2026-06-13,31418514
03:08:43,2026-06-13,31420264
04:52:26,2026-06-13,31422332
06:27:18,2026-06-13,31423870
07:55:22,2026-06-13,31425054
09:05:53,2026-06-13,31426022
10:13:13,2026-06-13,31426937
11:04:47,2026-06-13,31427642
11:59:35,2026-06-13,31428411
12:50:08,2026-06-13,31429150
13:34:43,2026-06-13,31429927
14:24:11,2026-06-13,31430838
15:16:12,2026-06-13,31431798
15:51:53,2026-06-13,31432541
16:31:44,2026-06-13,31433465
17:03:52,2026-06-13,31434219
17:49:20,2026-06-13,31435191
18:30:41,2026-06-13,31436081
19:03:21,2026-06-13,31436781
19:53:47,2026-06-13,31437840
20:29:50,2026-06-13,31438598
21:02:56,2026-06-13,31439276
21:45:52,2026-06-13,31440133
22:24:42,2026-06-13,31440923
23:01:26,2026-06-13,31441679
23:42:36,2026-06-13,31442404
00:49:36,2026-06-14,31443815
01:49:30,2026-06-14,31445008
03:10:45,2026-06-14,31446624
04:59:52,2026-06-14,31448608
06:38:26,2026-06-14,31450355
08:07:55,2026-06-14,31451700
09:31:25,2026-06-14,31452880
10:39:34,2026-06-14,31453884
11:35:05,2026-06-14,31454681
12:18:39,2026-06-14,31455398
13:02:04,2026-06-14,31456132
14:01:20,2026-06-14,31457202
15:03:22,2026-06-14,31458402
15:56:43,2026-06-14,31459690
16:38:10,2026-06-14,31460599
17:07:27,2026-06-14,31461278
17:51:50,2026-06-14,31462290
18:31:18,2026-06-14,31463243
19:03:28,2026-06-14,31463967
19:55:22,2026-06-14,31465190
20:30:46,2026-06-14,31466110
21:02:33,2026-06-14,31466753
21:47:49,2026-06-14,31467737
22:26:44,2026-06-14,31468576
23:02:13,2026-06-14,31469326
23:46:06,2026-06-14,31470255
00:51:39,2026-06-15,31471713
01:52:10,2026-06-15,31472993
03:11:47,2026-06-15,31474541
05:00:19,2026-06-15,31476250
07:04:00,2026-06-15,31477849
09:29:52,2026-06-15,31479383
11:36:06,2026-06-15,31480734
13:39:48,2026-06-15,31482406
15:39:31,2026-06-15,31484455
17:27:49,2026-06-15,31486627
19:01:58,2026-06-15,31488573
20:29:57,2026-06-15,31490454
21:36:31,2026-06-15,31491983
22:27:19,2026-06-15,31493086
23:16:19,2026-06-15,31494118
23:58:41,2026-06-15,31494969
01:26:54,2026-06-16,31496974
02:33:26,2026-06-16,31498463
04:01:30,2026-06-16,31500081
06:12:58,2026-06-16,31501861
08:22:18,2026-06-16,31503330
10:21:11,2026-06-16,31504951
12:22:44,2026-06-16,31506501
14:25:43,2026-06-16,31508335
16:11:48,2026-06-16,31510307
18:02:39,2026-06-16,31512431
19:32:01,2026-06-16,31514244
20:33:49,2026-06-16,31515607
21:36:27,2026-06-16,31516839
22:23:30,2026-06-16,31517767
23:09:11,2026-06-16,31518652
23:50:21,2026-06-16,31519598
00:51:13,2026-06-17,31521037
01:52:00,2026-06-17,31522324
03:10:08,2026-06-17,31523880
05:00:00,2026-06-17,31525695
06:48:07,2026-06-17,31527189
08:44:59,2026-06-17,31528449
10:34:15,2026-06-17,31529579
12:07:24,2026-06-17,31530563
13:33:43,2026-06-17,31531761
14:39:31,2026-06-17,31532756
16:00:55,2026-06-17,31534272
17:23:43,2026-06-17,31535921
18:28:21,2026-06-17,31537115
19:28:37,2026-06-17,31538345
20:27:23,2026-06-17,31539456
21:22:18,2026-06-17,31540585
22:17:38,2026-06-17,31541603
22:54:03,2026-06-17,31542340
23:33:42,2026-06-17,31543105
00:04:38,2026-06-18,31543705
01:28:53,2026-06-18,31545499
02:33:22,2026-06-18,31546853
04:01:21,2026-06-18,31548473
06:00:24,2026-06-18,31550208
08:02:55,2026-06-18,31551633
09:49:00,2026-06-18,31552705
11:23:57,2026-06-18,31553743
12:39:25,2026-06-18,31554700
13:49:36,2026-06-18,31555856
15:06:05,2026-06-18,31557082
16:31:20,2026-06-18,31558612
17:43:45,2026-06-18,31559947
18:49:30,2026-06-18,31561156
19:44:58,2026-06-18,31562300
20:50:39,2026-06-18,31563611
21:42:29,2026-06-18,31564764
22:39:41,2026-06-18,31565908
23:20:05,2026-06-18,31566656
00:00:05,2026-06-19,31567423
01:28:35,2026-06-19,31569198
02:33:59,2026-06-19,31570392
04:01:53,2026-06-19,31571902
06:03:40,2026-06-19,31573851
08:15:39,2026-06-19,31575445
09:53:11,2026-06-19,31576486
11:33:36,2026-06-19,31577647
12:53:39,2026-06-19,31578825
14:03:01,2026-06-19,31579995
15:30:31,2026-06-19,31581475
16:31:12,2026-06-19,31582659
17:25:47,2026-06-19,31583613
18:15:52,2026-06-19,31584467
19:00:52,2026-06-19,31585289
19:59:14,2026-06-19,31586312
20:39:18,2026-06-19,31587096
21:07:36,2026-06-19,31587625
21:45:08,2026-06-19,31588344
22:21:29,2026-06-19,31589013
23:00:26,2026-06-19,31589728
23:43:00,2026-06-19,31590499
00:46:30,2026-06-20,31591857
01:43:55,2026-06-20,31592988
03:08:41,2026-06-20,31594641
04:47:39,2026-06-20,31596519
06:30:49,2026-06-20,31598185
07:56:14,2026-06-20,31599283
09:09:16,2026-06-20,31600173
10:16:51,2026-06-20,31600966
11:05:46,2026-06-20,31601686
12:00:10,2026-06-20,31602458
12:50:28,2026-06-20,31603345
13:34:51,2026-06-20,31604074
14:26:56,2026-06-20,31604993
15:18:54,2026-06-20,31605940
15:55:55,2026-06-20,31606648
16:35:36,2026-06-20,31607488
17:08:11,2026-06-20,31608131
17:50:28,2026-06-20,31609029
18:31:21,2026-06-20,31609803
19:03:42,2026-06-20,31610573
19:54:45,2026-06-20,31611684
20:29:38,2026-06-20,31612425
21:03:02,2026-06-20,31613066
21:46:19,2026-06-20,31613888
22:27:02,2026-06-20,31614680
23:01:54,2026-06-20,31615317
23:45:26,2026-06-20,31616102
00:51:00,2026-06-21,31617457
01:51:30,2026-06-21,31618576
03:11:00,2026-06-21,31620065
04:59:54,2026-06-21,31621913
06:40:24,2026-06-21,31623825
08:31:22,2026-06-21,31625305
09:59:38,2026-06-21,31626484
11:10:23,2026-06-21,31627415
12:03:24,2026-06-21,31628141
13:02:14,2026-06-21,31628943
14:01:53,2026-06-21,31630045
15:04:40,2026-06-21,31631286
15:59:40,2026-06-21,31632345
16:42:32,2026-06-21,31633210
17:32:17,2026-06-21,31634349
18:08:57,2026-06-21,31635171
18:52:49,2026-06-21,31636217
19:32:30,2026-06-21,31637072
20:14:17,2026-06-21,31637935
20:48:58,2026-06-21,31638650
21:30:13,2026-06-21,31639660
22:04:47,2026-06-21,31640420
22:44:49,2026-06-21,31641204
23:30:36,2026-06-21,31642078
00:02:55,2026-06-22,31642632
01:32:45,2026-06-22,31644523
02:33:06,2026-06-22,31645905
04:01:29,2026-06-22,31647588
06:10:43,2026-06-22,31649391
08:30:55,2026-06-22,31650956
10:32:55,2026-06-22,31652398
12:37:45,2026-06-22,31653846
14:35:30,2026-06-22,31655597
16:13:41,2026-06-22,31657355
17:52:25,2026-06-22,31659125
19:07:12,2026-06-22,31660557
20:17:51,2026-06-22,31662120
21:19:40,2026-06-22,31663348
22:06:49,2026-06-22,31664290
22:54:13,2026-06-22,31665238
23:31:26,2026-06-22,31665972
00:01:50,2026-06-23,31666567
01:18:03,2026-06-23,31668210
02:07:25,2026-06-23,31669418
03:31:21,2026-06-23,31671281
05:01:07,2026-06-23,31672609
06:34:57,2026-06-23,31673879
07:56:25,2026-06-23,31674796
09:15:34,2026-06-23,31675630
10:32:31,2026-06-23,31676430
11:41:39,2026-06-23,31677349
12:59:00,2026-06-23,31678324
13:56:04,2026-06-23,31679210
15:05:03,2026-06-23,31680382
16:12:27,2026-06-23,31681739
17:07:13,2026-06-23,31682750
18:00:41,2026-06-23,31683746
19:02:57,2026-06-23,31684877
20:01:34,2026-06-23,31686008
21:00:40,2026-06-23,31687120
21:51:42,2026-06-23,31688091
22:28:00,2026-06-23,31688650
23:02:15,2026-06-23,31689369
23:39:39,2026-06-23,31690047
00:05:19,2026-06-24,31690524
01:15:55,2026-06-24,31692004
02:04:10,2026-06-24,31693115
03:31:25,2026-06-24,31694862
05:01:22,2026-06-24,31696172
06:33:12,2026-06-24,31697424
07:53:23,2026-06-24,31698345
09:07:49,2026-06-24,31699082
10:26:46,2026-06-24,31699943
11:34:15,2026-06-24,31700647
12:27:28,2026-06-24,31701335
13:26:52,2026-06-24,31702137
14:31:05,2026-06-24,31703083
15:31:27,2026-06-24,31703988
16:29:00,2026-06-24,31705055
17:20:54,2026-06-24,31705969
18:16:09,2026-06-24,31706966
18:59:01,2026-06-24,31707691
19:38:12,2026-06-24,31708384
20:19:06,2026-06-24,31709131
20:58:04,2026-06-24,31709857
21:36:12,2026-06-24,31710536
22:04:54,2026-06-24,31711077
22:46:15,2026-06-24,31711800
23:26:53,2026-06-24,31712455
00:02:12,2026-06-25,31713097
01:20:32,2026-06-25,31714662
02:32:41,2026-06-25,31716140
04:00:20,2026-06-25,31717652
05:45:02,2026-06-25,31719113
07:13:28,2026-06-25,31720090
08:28:48,2026-06-25,31720932
09:48:25,2026-06-25,31721739
10:58:12,2026-06-25,31722532
11:56:37,2026-06-25,31723238
12:55:45,2026-06-25,31723993
13:44:13,2026-06-25,31724692
15:00:07,2026-06-25,31725856
15:56:34,2026-06-25,31726811
16:51:53,2026-06-25,31727747
17:50:53,2026-06-25,31728803
18:46:18,2026-06-25,31729861
19:35:48,2026-06-25,31730890
20:22:59,2026-06-25,31731738
21:14:21,2026-06-25,31732691
21:52:57,2026-06-25,31733366
22:31:49,2026-06-25,31733984
23:03:47,2026-06-25,31734566
23:48:05,2026-06-25,31735330
00:46:53,2026-06-26,31736461
01:44:53,2026-06-26,31737705
03:09:12,2026-06-26,31739265
04:47:28,2026-06-26,31740751
06:24:47,2026-06-26,31741972
07:59:14,2026-06-26,31743021
09:18:54,2026-06-26,31743779
10:28:34,2026-06-26,31744472
11:34:43,2026-06-26,31745228
12:25:14,2026-06-26,31745847
13:22:03,2026-06-26,31746576
14:30:37,2026-06-26,31747570
15:28:46,2026-06-26,31748474
16:26:01,2026-06-26,31749438
17:15:55,2026-06-26,31750327
17:59:47,2026-06-26,31751157
18:47:54,2026-06-26,31751961
19:33:43,2026-06-26,31752740
20:16:35,2026-06-26,31753538
20:55:14,2026-06-26,31754243
21:30:29,2026-06-26,31754938
22:02:43,2026-06-26,31755520
22:45:26,2026-06-26,31756214
23:27:17,2026-06-26,31757003
00:01:58,2026-06-27,31757642
01:18:28,2026-06-27,31759079
02:07:57,2026-06-27,31760041
03:31:00,2026-06-27,31761474
04:59:37,2026-06-27,31762798
06:16:16,2026-06-27,31763903
07:26:04,2026-06-27,31764775
08:31:47,2026-06-27,31765583
09:30:19,2026-06-27,31766305
10:23:12,2026-06-27,31766960
11:12:16,2026-06-27,31767507
11:49:10,2026-06-27,31767983
12:29:12,2026-06-27,31768554
13:03:15,2026-06-27,31769034
13:59:44,2026-06-27,31769889
14:40:04,2026-06-27,31770583
15:09:47,2026-06-27,31771056
15:47:07,2026-06-27,31771739
16:25:29,2026-06-27,31772427
17:02:17,2026-06-27,31773073
17:41:56,2026-06-27,31773818
18:26:29,2026-06-27,31774697
19:02:53,2026-06-27,31775407
19:48:53,2026-06-27,31776329
20:24:46,2026-06-27,31777031
21:01:16,2026-06-27,31777719
21:41:33,2026-06-27,31778472
22:23:30,2026-06-27,31779182
23:01:06,2026-06-27,31779828
23:39:52,2026-06-27,31780507
00:06:57,2026-06-28,31780964
01:25:02,2026-06-28,31782455
02:32:58,2026-06-28,31783774
04:00:49,2026-06-28,31785597
05:48:07,2026-06-28,31787401
07:22:58,2026-06-28,31788648
08:34:58,2026-06-28,31789500
09:43:45,2026-06-28,31790286
10:45:21,2026-06-28,31791066
11:34:43,2026-06-28,31791695
12:08:21,2026-06-28,31792117
12:48:47,2026-06-28,31792697
13:32:29,2026-06-28,31793381
14:19:10,2026-06-28,31794139
14:57:47,2026-06-28,31794931
15:34:07,2026-06-28,31795597
16:02:42,2026-06-28,31796511
16:44:21,2026-06-28,31798392
17:27:30,2026-06-28,31800485
18:01:56,2026-06-28,31802065
18:45:21,2026-06-28,31804064
19:31:39,2026-06-28,31806245
20:03:17,2026-06-28,31807760
20:42:58,2026-06-28,31809400
21:24:34,2026-06-28,31810621
22:01:15,2026-06-28,31811463
22:40:36,2026-06-28,31812168
23:24:21,2026-06-28,31813206
00:02:11,2026-06-29,31813994
01:25:58,2026-06-29,31815772
02:32:57,2026-06-29,31817039
04:01:01,2026-06-29,31818532
05:59:33,2026-06-29,31820183
08:04:50,2026-06-29,31821632
09:56:09,2026-06-29,31822785
11:44:08,2026-06-29,31823981
13:30:11,2026-06-29,31825417
14:52:45,2026-06-29,31826662
16:18:05,2026-06-29,31828018
17:17:33,2026-06-29,31829084
18:05:30,2026-06-29,31829964
19:01:56,2026-06-29,31830886
20:03:31,2026-06-29,31832081
20:55:27,2026-06-29,31833044
21:32:16,2026-06-29,31833713
22:02:52,2026-06-29,31834270
22:40:02,2026-06-29,31834999
23:06:50,2026-06-29,31835375
23:39:44,2026-06-29,31835964
00:07:14,2026-06-30,31836548
01:20:23,2026-06-30,31838058
02:32:41,2026-06-30,31839371
04:00:21,2026-06-30,31840922
05:45:44,2026-06-30,31842313
07:19:47,2026-06-30,31843336
08:35:10,2026-06-30,31844098
09:57:09,2026-06-30,31844876
11:09:25,2026-06-30,31845623
12:03:21,2026-06-30,31846278
13:03:02,2026-06-30,31846992
14:02:31,2026-06-30,31847877
15:14:32,2026-06-30,31848971
16:10:04,2026-06-30,31849874
17:02:20,2026-06-30,31850795
18:00:25,2026-06-30,31851933
18:59:50,2026-06-30,31852967
19:41:26,2026-06-30,31853766
20:39:26,2026-06-30,31854882
21:17:20,2026-06-30,31855607
21:51:05,2026-06-30,31856182
22:28:10,2026-06-30,31856775
23:02:42,2026-06-30,31857365
23:45:21,2026-06-30,31858098
23:48:29,2026-07-01,31879942
00:44:23,2026-07-02,31881049
01:42:37,2026-07-02,31882046
03:07:04,2026-07-02,31883672
04:43:35,2026-07-02,31885102
06:17:20,2026-07-02,31886336
07:33:47,2026-07-02,31887191
08:35:26,2026-07-02,31887796
09:44:39,2026-07-02,31888485
10:54:53,2026-07-02,31889303
11:48:35,2026-07-02,31889934
12:40:31,2026-07-02,31890542
13:34:34,2026-07-02,31891233
14:25:58,2026-07-02,31891957
15:27:17,2026-07-02,31892902
16:17:46,2026-07-02,31893795
16:59:46,2026-07-02,31894533
17:39:01,2026-07-02,31895269
18:17:04,2026-07-02,31895871
18:52:10,2026-07-02,31896476
19:30:53,2026-07-02,31897155
20:08:07,2026-07-02,31897994
20:43:05,2026-07-02,31898626
21:26:25,2026-07-02,31899434
22:02:06,2026-07-02,31900061
22:41:58,2026-07-02,31900790
23:24:58,2026-07-02,31901491
00:01:56,2026-07-03,31902160
01:02:25,2026-07-03,31903335
02:02:52,2026-07-03,31904479
03:30:41,2026-07-03,31905995
04:55:12,2026-07-03,31907363
06:12:46,2026-07-03,31908582
07:29:50,2026-07-03,31909503
08:39:17,2026-07-03,31910516
09:44:52,2026-07-03,31911221
10:54:52,2026-07-03,31911905
11:47:12,2026-07-03,31912506
12:39:14,2026-07-03,31913105
13:20:48,2026-07-03,31913673
14:28:03,2026-07-03,31914725
15:24:27,2026-07-03,31915658
16:10:17,2026-07-03,31916451
16:48:46,2026-07-03,31917116
17:30:51,2026-07-03,31917893
18:04:43,2026-07-03,31918480
18:46:10,2026-07-03,31919274
19:30:50,2026-07-03,31920103
20:05:30,2026-07-03,31920842
20:41:09,2026-07-03,31921540
21:25:59,2026-07-03,31922443
22:01:42,2026-07-03,31923148
22:40:12,2026-07-03,31923959
23:07:34,2026-07-03,31924421
23:40:12,2026-07-03,31924902
00:35:54,2026-07-04,31925955
01:12:36,2026-07-04,31926677
02:02:41,2026-07-04,31927562
03:30:29,2026-07-04,31929040
04:52:24,2026-07-04,31930325
06:03:44,2026-07-04,31931341
07:18:58,2026-07-04,31932272
08:13:53,2026-07-04,31932900
09:08:15,2026-07-04,31933515
10:02:06,2026-07-04,31934135
10:58:12,2026-07-04,31934787
11:34:33,2026-07-04,31935257
12:02:11,2026-07-04,31935608
12:45:04,2026-07-04,31936139
13:31:19,2026-07-04,31936843
14:11:09,2026-07-04,31937449
14:47:41,2026-07-04,31938076
15:25:00,2026-07-04,31938774
16:01:00,2026-07-04,31939373
16:39:54,2026-07-04,31940042
17:07:40,2026-07-04,31940567
17:40:45,2026-07-04,31941135
18:22:07,2026-07-04,31941948
19:01:56,2026-07-04,31942691
19:45:11,2026-07-04,31943587
20:21:10,2026-07-04,31944294
21:00:30,2026-07-04,31945000
21:39:21,2026-07-04,31945661
22:05:28,2026-07-04,31946115
22:38:57,2026-07-04,31946724
23:04:56,2026-07-04,31947172
23:40:22,2026-07-04,31947788
00:38:06,2026-07-05,31948820
01:18:29,2026-07-05,31949490
02:07:45,2026-07-05,31950308
03:30:50,2026-07-05,31951563
05:00:12,2026-07-05,31952805
06:23:28,2026-07-05,31953849
07:44:10,2026-07-05,31954721
09:02:31,2026-07-05,31955651
10:03:01,2026-07-05,31956392
11:01:38,2026-07-05,31957111
11:49:32,2026-07-05,31957670
12:29:55,2026-07-05,31958188
13:03:10,2026-07-05,31958718
13:59:18,2026-07-05,31959700
14:37:43,2026-07-05,31960288
15:06:13,2026-07-05,31960792
15:45:55,2026-07-05,31961478
16:23:44,2026-07-05,31962170
17:02:03,2026-07-05,31962893
17:41:20,2026-07-05,31963626
18:24:00,2026-07-05,31964493
19:02:37,2026-07-05,31965274
19:48:01,2026-07-05,31966138
20:24:34,2026-07-05,31966850
21:00:46,2026-07-05,31967654
21:39:37,2026-07-05,31968361
22:06:36,2026-07-05,31968797
22:38:59,2026-07-05,31969449
23:05:33,2026-07-05,31969966
23:41:02,2026-07-05,31970719
00:38:46,2026-07-06,31971975
01:18:18,2026-07-06,31972840
02:07:46,2026-07-06,31973790
03:31:08,2026-07-06,31975365
05:02:52,2026-07-06,31976801
06:49:10,2026-07-06,31978087
08:31:58,2026-07-06,31979127
10:02:11,2026-07-06,31980016
11:47:01,2026-07-06,31981112
13:16:53,2026-07-06,31982235
14:31:10,2026-07-06,31983283
15:53:58,2026-07-06,31984587
17:01:27,2026-07-06,31985734
18:03:07,2026-07-06,31986905
18:59:48,2026-07-06,31987902
19:40:22,2026-07-06,31988838
20:38:28,2026-07-06,31990020
21:13:45,2026-07-06,31990651
21:50:43,2026-07-06,31991356
22:27:56,2026-07-06,31992023
23:01:54,2026-07-06,31992705
23:41:28,2026-07-06,31993348
00:38:56,2026-07-07,31994482
01:19:00,2026-07-07,31995293
02:08:31,2026-07-07,31996223
03:30:53,2026-07-07,31997987
04:59:46,2026-07-07,31999297
06:26:42,2026-07-07,32000411
07:52:48,2026-07-07,32001382
09:08:05,2026-07-07,32002302
10:29:32,2026-07-07,32003867
11:33:45,2026-07-07,32005424
12:30:00,2026-07-07,32006696
13:25:18,2026-07-07,32007604
14:31:25,2026-07-07,32008948
15:36:28,2026-07-07,32010294
16:32:18,2026-07-07,32011512
17:24:54,2026-07-07,32012609
18:21:48,2026-07-07,32013766
19:17:56,2026-07-07,32015140
20:03:57,2026-07-07,32016148
20:56:07,2026-07-07,32017192
21:31:56,2026-07-07,32017971
22:03:34,2026-07-07,32018590
22:41:13,2026-07-07,32019338
23:20:57,2026-07-07,32020103
00:00:07,2026-07-08,32021001
00:51:16,2026-07-08,32022240
01:34:56,2026-07-08,32023206
02:31:40,2026-07-08,32024331
03:50:00,2026-07-08,32025805
05:04:34,2026-07-08,32026954
06:13:44,2026-07-08,32027878
07:11:40,2026-07-08,32028610
08:03:13,2026-07-08,32029226
09:10:29,2026-07-08,32029950
10:03:17,2026-07-08,32030530
11:01:47,2026-07-08,32031210
11:55:42,2026-07-08,32031825
12:37:08,2026-07-08,32032378
13:13:37,2026-07-08,32032838
14:01:47,2026-07-08,32033537
15:03:41,2026-07-08,32034560
16:01:07,2026-07-08,32035582
16:51:29,2026-07-08,32036417
17:31:31,2026-07-08,32037150
18:07:31,2026-07-08,32037764
18:50:21,2026-07-08,32038654
19:30:59,2026-07-08,32039484
20:08:35,2026-07-08,32040147
20:44:22,2026-07-08,32040845
21:25:34,2026-07-08,32041660
22:01:43,2026-07-08,32042309
22:40:20,2026-07-08,32043142
23:25:33,2026-07-08,32043951
00:02:13,2026-07-09,32044687
01:01:53,2026-07-09,32046047
02:02:50,2026-07-09,32047230
03:30:47,2026-07-09,32048817
04:59:56,2026-07-09,32050079
06:24:43,2026-07-09,32051033
09:06:56,2026-07-09,32052779
10:33:56,2026-07-09,32053954
11:36:51,2026-07-09,32054626
13:37:12,2026-07-09,32056091
14:35:42,2026-07-09,32056980
15:43:38,2026-07-09,32058081
16:51:20,2026-07-09,32059147
17:38:10,2026-07-09,32059884
18:18:54,2026-07-09,32060601
18:59:23,2026-07-09,32061316
19:37:48,2026-07-09,32062084
20:19:25,2026-07-09,32062848
20:57:23,2026-07-09,32063549
21:34:34,2026-07-09,32064204
22:08:00,2026-07-09,32064800
22:47:10,2026-07-09,32065499
23:27:53,2026-07-09,32066279
00:01:38,2026-07-10,32066989
01:00:06,2026-07-10,32068489
01:43:14,2026-07-10,32069348
03:05:36,2026-07-10,32071011
04:39:04,2026-07-10,32072655
06:06:11,2026-07-10,32073750
07:31:39,2026-07-10,32074812
08:47:00,2026-07-10,32075584
10:08:04,2026-07-10,32076437
11:21:00,2026-07-10,32077213
12:29:40,2026-07-10,32078033
13:21:04,2026-07-10,32078748
14:30:49,2026-07-10,32079804
15:31:01,2026-07-10,32080719
16:29:39,2026-07-10,32081674
17:16:24,2026-07-10,32082407
17:57:33,2026-07-10,32083187
18:36:39,2026-07-10,32083927
19:08:49,2026-07-10,32084540
19:52:55,2026-07-10,32085325
20:31:32,2026-07-10,32086079
21:02:02,2026-07-10,32086595
21:39:42,2026-07-10,32087387
22:07:00,2026-07-10,32087995
22:39:03,2026-07-10,32088837
23:05:14,2026-07-10,32089316
23:38:21,2026-07-10,32089938
00:04:22,2026-07-11,32090467
00:53:25,2026-07-11,32091461
01:34:35,2026-07-11,32092322
02:31:24,2026-07-11,32093505
03:48:21,2026-07-11,32094930
05:03:13,2026-07-11,32096200
06:03:35,2026-07-11,32097074
07:03:09,2026-07-11,32097869
08:00:19,2026-07-11,32098508
08:56:29,2026-07-11,32099173
09:34:30,2026-07-11,32099563
10:06:02,2026-07-11,32099929
10:43:04,2026-07-11,32100358
11:22:44,2026-07-11,32100825
11:58:55,2026-07-11,32101426
12:27:08,2026-07-11,32101861
13:02:19,2026-07-11,32102401
13:53:34,2026-07-11,32103122
14:27:12,2026-07-11,32103691
14:59:47,2026-07-11,32104189
15:26:29,2026-07-11,32104652
15:59:50,2026-07-11,32105459
16:23:29,2026-07-11,32105928
17:00:32,2026-07-11,32106673
17:39:31,2026-07-11,32107407
18:02:45,2026-07-11,32107843
18:37:04,2026-07-11,32108501
19:03:34,2026-07-11,32109022
19:44:03,2026-07-11,32109763
20:17:35,2026-07-11,32110417
20:36:29,2026-07-11,32110754
21:00:23,2026-07-11,32111301
21:35:04,2026-07-11,32112017
21:58:22,2026-07-11,32112396
22:20:56,2026-07-11,32112724
22:58:53,2026-07-11,32113297
23:22:48,2026-07-11,32113680
00:00:10,2026-07-12,32114382
00:54:15,2026-07-12,32115463
01:34:25,2026-07-12,32116258
02:31:30,2026-07-12,32117291
03:54:20,2026-07-12,32118629
05:05:11,2026-07-12,32119710
06:16:29,2026-07-12,32120808
07:12:37,2026-07-12,32121613
08:02:23,2026-07-12,32122234
09:02:10,2026-07-12,32122923
09:58:54,2026-07-12,32123709
10:36:00,2026-07-12,32124186
11:03:52,2026-07-12,32124534
11:41:46,2026-07-12,32124961
12:19:26,2026-07-12,32125430
12:41:39,2026-07-12,32125760
13:30:42,2026-07-12,32126468
14:11:46,2026-07-12,32127207
14:41:59,2026-07-12,32127717
15:22:05,2026-07-12,32128467
16:00:46,2026-07-12,32129198
16:37:27,2026-07-12,32129932
17:03:21,2026-07-12,32130454
17:40:15,2026-07-12,32131185
18:19:26,2026-07-12,32131938
18:41:20,2026-07-12,32132440
19:25:05,2026-07-12,32133416
20:02:20,2026-07-12,32134199
20:33:02,2026-07-12,32134850
20:59:30,2026-07-12,32135376
21:22:14,2026-07-12,32135867
21:58:54,2026-07-12,32136531
22:22:03,2026-07-12,32136911
22:58:47,2026-07-12,32137600
23:22:47,2026-07-12,32137977
23:59:46,2026-07-12,32138795
00:53:31,2026-07-13,32139978
01:35:10,2026-07-13,32140831
02:31:37,2026-07-13,32141946
03:55:49,2026-07-13,32143298
05:10:58,2026-07-13,32144328
06:27:15,2026-07-13,32145476
07:46:48,2026-07-13,32146372
09:06:20,2026-07-13,32147143
10:30:11,2026-07-13,32148000
11:41:00,2026-07-13,32148686
12:49:55,2026-07-13,32149496
13:41:42,2026-07-13,32150140
14:59:40,2026-07-13,32151172
15:59:12,2026-07-13,32152041
16:53:15,2026-07-13,32152977
17:38:46,2026-07-13,32153729
18:18:24,2026-07-13,32154405
18:52:44,2026-07-13,32155025
19:30:26,2026-07-13,32155672
20:03:27,2026-07-13,32156270
20:41:37,2026-07-13,32156933
21:20:22,2026-07-13,32157745
22:00:07,2026-07-13,32158506
22:24:33,2026-07-13,32158982
22:59:52,2026-07-13,32159596
23:24:02,2026-07-13,32159997
23:59:12,2026-07-13,32160649
00:46:38,2026-07-14,32161709
01:34:09,2026-07-14,32162626
02:31:08,2026-07-14,32163729
03:44:48,2026-07-14,32164937
05:00:51,2026-07-14,32166113
06:02:50,2026-07-14,32166869
07:02:54,2026-07-14,32167535
08:01:07,2026-07-14,32168170
09:01:37,2026-07-14,32168826
10:00:30,2026-07-14,32169940
10:55:07,2026-07-14,32170938
11:30:27,2026-07-14,32171521
12:03:05,2026-07-14,32172046
12:46:45,2026-07-14,32172669
13:33:12,2026-07-14,32173384
14:18:49,2026-07-14,32174302
15:00:45,2026-07-14,32174970
15:50:25,2026-07-14,32175914
16:28:01,2026-07-14,32176591
17:02:45,2026-07-14,32177212
17:43:13,2026-07-14,32177999
18:24:34,2026-07-14,32178748
19:02:36,2026-07-14,32179408
19:48:45,2026-07-14,32180131
20:25:20,2026-07-14,32180786
21:00:48,2026-07-14,32181389
21:38:15,2026-07-14,32182244
22:04:11,2026-07-14,32182747
22:38:58,2026-07-14,32183421
23:04:31,2026-07-14,32183900
23:36:20,2026-07-14,32184464
23:59:57,2026-07-14,32184925
00:44:39,2026-07-15,32185936
01:34:30,2026-07-15,32186926
02:30:52,2026-07-15,32187946
03:45:08,2026-07-15,32189164
05:00:55,2026-07-15,32190492
06:03:30,2026-07-15,32191254
07:03:22,2026-07-15,32191893
08:01:37,2026-07-15,32192525
09:03:13,2026-07-15,32193166
10:01:16,2026-07-15,32193851
10:58:37,2026-07-15,32194495
11:35:57,2026-07-15,32194927
12:06:40,2026-07-15,32195237
12:47:44,2026-07-15,32195734
13:32:33,2026-07-15,32196245
14:17:26,2026-07-15,32196886
14:59:28,2026-07-15,32197451
15:36:35,2026-07-15,32198032
16:08:56,2026-07-15,32198535
16:48:20,2026-07-15,32199147
17:28:59,2026-07-15,32199786
18:01:55,2026-07-15,32200378
18:41:50,2026-07-15,32201137
19:28:31,2026-07-15,32201945
20:02:32,2026-07-15,32202506
20:39:53,2026-07-15,32203054
21:06:39,2026-07-15,32203445
21:38:21,2026-07-15,32204104
22:04:40,2026-07-15,32204536
22:39:10,2026-07-15,32205113
23:05:06,2026-07-15,32205548
23:39:31,2026-07-15,32206160
00:05:22,2026-07-16,32206626
00:52:29,2026-07-16,32207603
01:34:29,2026-07-16,32208387
02:31:24,2026-07-16,32209444
03:46:20,2026-07-16,32210627
05:02:47,2026-07-16,32211658
06:05:48,2026-07-16,32212355
07:08:49,2026-07-16,32213027
08:02:04,2026-07-16,32213618
09:05:19,2026-07-16,32214210
10:02:05,2026-07-16,32214754
11:00:49,2026-07-16,32215545
11:53:35,2026-07-16,32216530
12:33:59,2026-07-16,32217048
13:07:08,2026-07-16,32217451
14:00:29,2026-07-16,32218159
15:01:11,2026-07-16,32219032
15:50:10,2026-07-16,32219770
16:29:40,2026-07-16,32220387
17:02:54,2026-07-16,32221004
17:46:03,2026-07-16,32221759
18:25:19,2026-07-16,32222394
19:02:01,2026-07-16,32223009
19:43:05,2026-07-16,32223691
20:19:12,2026-07-16,32224277
20:39:18,2026-07-16,32224600
21:06:07,2026-07-16,32225043
21:41:00,2026-07-16,32225615
22:21:23,2026-07-16,32226266
00:00:34,2026-07-17,32228102
00:55:13,2026-07-17,32229273
01:35:05,2026-07-17,32229995
02:31:21,2026-07-17,32230906
03:45:55,2026-07-17,32232029
05:03:34,2026-07-17,32233092
06:05:16,2026-07-17,32233803
07:05:21,2026-07-17,32234547
08:01:41,2026-07-17,32235097
09:02:46,2026-07-17,32235736
10:00:24,2026-07-17,32236287
10:56:25,2026-07-17,32237001
11:31:54,2026-07-17,32237570
12:02:21,2026-07-17,32237924
12:43:59,2026-07-17,32238441
13:32:16,2026-07-17,32239132
14:13:45,2026-07-17,32239794
14:52:48,2026-07-17,32240403
15:28:14,2026-07-17,32240976
16:03:57,2026-07-17,32241566
16:42:46,2026-07-17,32242213
17:25:36,2026-07-17,32242923
18:01:47,2026-07-17,32243632
18:39:28,2026-07-17,32244312
19:07:13,2026-07-17,32244778
19:42:17,2026-07-17,32245401
20:20:10,2026-07-17,32246034
20:40:30,2026-07-17,32246377
21:16:33,2026-07-17,32247003
21:37:04,2026-07-17,32247397
22:01:04,2026-07-17,32247776
22:34:19,2026-07-17,32248348
22:58:32,2026-07-17,32248737
23:21:47,2026-07-17,32249100
23:58:41,2026-07-17,32249761
00:46:37,2026-07-18,32250716
01:34:09,2026-07-18,32251578
02:30:59,2026-07-18,32252571
03:42:43,2026-07-18,32253755
04:58:21,2026-07-18,32254840
05:48:19,2026-07-18,32255535
06:40:02,2026-07-18,32256159
07:17:13,2026-07-18,32256599
08:02:35,2026-07-18,32257114
08:56:10,2026-07-18,32257715
09:33:01,2026-07-18,32258129
10:04:54,2026-07-18,32258501
10:45:46,2026-07-18,32258973
11:22:05,2026-07-18,32259366
11:58:56,2026-07-18,32259801
12:25:52,2026-07-18,32260123
13:01:51,2026-07-18,32260592
13:51:58,2026-07-18,32261318
14:25:55,2026-07-18,32261854
14:59:50,2026-07-18,32262419
15:26:42,2026-07-18,32262858
16:00:11,2026-07-18,32263449
16:24:50,2026-07-18,32263850
17:00:26,2026-07-18,32264523
17:39:14,2026-07-18,32265182
18:02:59,2026-07-18,32265607
18:37:27,2026-07-18,32266233
19:04:21,2026-07-18,32266806
19:44:05,2026-07-18,32267510
20:16:09,2026-07-18,32268135
20:34:34,2026-07-18,32268468
20:59:25,2026-07-18,32268893
21:22:20,2026-07-18,32269288
21:58:18,2026-07-18,32269953
22:21:17,2026-07-18,32270328
22:58:57,2026-07-18,32270905
23:24:14,2026-07-18,32271345
23:59:31,2026-07-18,32271955
00:52:41,2026-07-19,32272933
01:34:32,2026-07-19,32273681
02:31:30,2026-07-19,32274620
03:53:25,2026-07-19,32275881
05:04:24,2026-07-19,32276909
06:13:33,2026-07-19,32277795
07:11:02,2026-07-19,32278583
08:02:30,2026-07-19,32279272
09:01:59,2026-07-19,32279986
09:58:39,2026-07-19,32280671
10:35:48,2026-07-19,32281085
11:03:42,2026-07-19,32281415
11:40:25,2026-07-19,32281865
12:18:44,2026-07-19,32282378
12:40:11,2026-07-19,32282651
13:09:04,2026-07-19,32283074
13:53:06,2026-07-19,32283715
14:28:38,2026-07-19,32284271
15:00:07,2026-07-19,32284784
15:26:52,2026-07-19,32285248
16:00:13,2026-07-19,32285868
16:24:43,2026-07-19,32286400
17:00:21,2026-07-19,32287062
17:39:42,2026-07-19,32287805
18:03:53,2026-07-19,32288254
18:38:27,2026-07-19,32288907
19:05:41,2026-07-19,32289359
19:44:01,2026-07-19,32289987
20:17:50,2026-07-19,32290561
20:36:34,2026-07-19,32290887
21:01:38,2026-07-19,32291343
21:36:33,2026-07-19,32291817
22:00:40,2026-07-19,32292142
22:35:43,2026-07-19,32292799
22:59:58,2026-07-19,32293212
23:24:39,2026-07-19,32293663
01:47:58,2026-07-20,32296280
03:04:43,2026-07-20,32297528
04:32:09,2026-07-20,32298892
05:50:26,2026-07-20,32299852
07:05:41,2026-07-20,32300628
08:19:21,2026-07-20,32301399
09:31:34,2026-07-20,32302100
10:34:27,2026-07-20,32302729
11:33:06,2026-07-20,32303405
12:25:29,2026-07-20,32303926
13:20:03,2026-07-20,32304530
14:08:01,2026-07-20,32305191
15:02:40,2026-07-20,32305983
15:58:17,2026-07-20,32306828
16:34:35,2026-07-20,32307369
17:10:02,2026-07-20,32307897
18:01:10,2026-07-20,32308767
18:59:58,2026-07-20,32309746
19:38:35,2026-07-20,32310423
20:12:20,2026-07-20,32310983
20:46:56,2026-07-20,32311578
21:25:40,2026-07-20,32312274
22:00:38,2026-07-20,32312870
22:38:40,2026-07-20,32313494
23:04:53,2026-07-20,32313914
23:39:12,2026-07-20,32314527
00:04:48,2026-07-21,32314991
00:54:31,2026-07-21,32315984
01:34:43,2026-07-21,32316779
02:31:23,2026-07-21,32317862
03:50:46,2026-07-21,32319114
05:04:32,2026-07-21,32320094
06:13:09,2026-07-21,32320849
07:13:53,2026-07-21,32321486
08:03:08,2026-07-21,32321979
09:12:51,2026-07-21,32322744
10:07:46,2026-07-21,32323263
11:02:05,2026-07-21,32323793
11:57:18,2026-07-21,32324342
12:39:14,2026-07-21,32324838
13:09:21,2026-07-21,32325226
14:00:26,2026-07-21,32325885
15:01:27,2026-07-21,32326773
15:53:00,2026-07-21,32327551
16:31:00,2026-07-21,32328152
17:03:25,2026-07-21,32328746
17:48:51,2026-07-21,32329549
18:29:02,2026-07-21,32330212
19:02:44,2026-07-21,32330821
19:52:13,2026-07-21,32331706
20:27:30,2026-07-21,32332357
21:01:47,2026-07-21,32332970
21:42:28,2026-07-21,32333648
22:19:03,2026-07-21,32334284
22:40:09,2026-07-21,32334705
23:05:44,2026-07-21,32335123
23:39:25,2026-07-21,32335678
00:02:35,2026-07-22,32336122
00:53:38,2026-07-22,32337156
01:34:44,2026-07-22,32337940
02:31:19,2026-07-22,32338896
03:50:59,2026-07-22,32340134
05:04:16,2026-07-22,32341139
06:12:23,2026-07-22,32341882
07:14:25,2026-07-22,32342561
08:03:15,2026-07-22,32343003
09:12:31,2026-07-22,32343661
10:07:23,2026-07-22,32344221
11:02:28,2026-07-22,32344840
11:58:00,2026-07-22,32345538
12:41:11,2026-07-22,32346051
13:33:04,2026-07-22,32346678
14:22:46,2026-07-22,32347386
15:18:24,2026-07-22,32348231
15:53:58,2026-07-22,32348764
16:31:08,2026-07-22,32349356
17:03:31,2026-07-22,32349843
17:47:17,2026-07-22,32350533
18:26:23,2026-07-22,32351178
19:02:16,2026-07-22,32351761
19:49:17,2026-07-22,32352503
20:24:37,2026-07-22,32353048
21:02:05,2026-07-22,32353662
21:41:06,2026-07-22,32354310
22:22:07,2026-07-22,32354979
23:01:11,2026-07-22,32355631
23:39:06,2026-07-22,32356244
00:05:31,2026-07-23,32356717
00:56:04,2026-07-23,32357654
01:37:37,2026-07-23,32358397
02:35:02,2026-07-23,32359361
03:49:41,2026-07-23,32360520
05:04:53,2026-07-23,32361546
06:15:34,2026-07-23,32362331
07:12:37,2026-07-23,32362979
08:03:29,2026-07-23,32363490
09:11:49,2026-07-23,32364227
10:06:19,2026-07-23,32364777
11:02:20,2026-07-23,32365303
11:58:18,2026-07-23,32365909
12:41:47,2026-07-23,32366460
13:33:56,2026-07-23,32367091
14:26:31,2026-07-23,32367798
15:23:58,2026-07-23,32368624
16:11:35,2026-07-23,32369312
16:50:02,2026-07-23,32369913
17:30:57,2026-07-23,32370582
18:03:29,2026-07-23,32371064
18:45:33,2026-07-23,32371758
19:30:35,2026-07-23,32372571
20:03:39,2026-07-23,32373106
20:40:02,2026-07-23,32373686
21:07:36,2026-07-23,32374174
21:40:19,2026-07-23,32374676
22:21:34,2026-07-23,32375274
23:00:00,2026-07-23,32375893
23:25:09,2026-07-23,32376310
00:00:43,2026-07-24,32376849
00:52:37,2026-07-24,32377866
01:34:31,2026-07-24,32378611
02:31:38,2026-07-24,32379591
03:49:35,2026-07-24,32380752
05:04:13,2026-07-24,32381622
06:11:33,2026-07-24,32382396
07:12:42,2026-07-24,32383051
08:03:13,2026-07-24,32383635
09:09:29,2026-07-24,32384271
10:03:18,2026-07-24,32384764
11:01:28,2026-07-24,32385346
11:54:32,2026-07-24,32385941
12:31:24,2026-07-24,32386355
13:07:02,2026-07-24,32386801
13:59:41,2026-07-24,32387496
14:40:04,2026-07-24,32388049
15:15:58,2026-07-24,32388587
15:49:38,2026-07-24,32389106
16:32:53,2026-07-24,32389836
17:10:16,2026-07-24,32390430
17:52:34,2026-07-24,32391114
18:31:05,2026-07-24,32391738
19:04:54,2026-07-24,32392317
19:50:20,2026-07-24,32393004
20:30:19,2026-07-24,32393674
21:01:29,2026-07-24,32394234
21:41:18,2026-07-24,32394847
22:23:30,2026-07-24,32395513
23:02:04,2026-07-24,32396120
23:40:05,2026-07-24,32396744
00:07:24,2026-07-25,32397254
00:55:38,2026-07-25,32398048
01:35:39,2026-07-25,32398746
02:31:57,2026-07-25,32399683
03:46:31,2026-07-25,32400867
05:03:29,2026-07-25,32401891
06:06:07,2026-07-25,32402631
07:05:31,2026-07-25,32403296
08:01:23,2026-07-25,32403882
09:02:32,2026-07-25,32404592
09:57:24,2026-07-25,32405167
10:35:06,2026-07-25,32405563
11:02:22,2026-07-25,32405838
11:45:09,2026-07-25,32406278
13:02:46,2026-07-25,32407307
13:56:51,2026-07-25,32408105
14:34:44,2026-07-25,32408744
15:01:10,2026-07-25,32409164
15:43:33,2026-07-25,32409854
16:19:03,2026-07-25,32410443
16:39:16,2026-07-25,32410799
17:05:53,2026-07-25,32411266
17:39:42,2026-07-25,32411800
18:04:12,2026-07-25,32412240
18:38:39,2026-07-25,32412782
19:06:02,2026-07-25,32413243
19:44:47,2026-07-25,32413890
20:19:48,2026-07-25,32414495
20:39:32,2026-07-25,32414823
21:04:20,2026-07-25,32415236
21:37:29,2026-07-25,32415812
22:01:56,2026-07-25,32416243
22:37:52,2026-07-25,32416862
23:02:54,2026-07-25,32417257
23:40:09,2026-07-25,32417803
00:06:22,2026-07-26,32418213
00:59:49,2026-07-26,32419118
01:40:58,2026-07-26,32419754
03:03:58,2026-07-26,32421044
04:30:11,2026-07-26,32422328
05:45:17,2026-07-26,32423281
06:55:41,2026-07-26,32424206
07:50:42,2026-07-26,32424806
08:49:01,2026-07-26,32425501
09:41:08,2026-07-26,32426073
10:32:43,2026-07-26,32426730
11:08:23,2026-07-26,32427137
11:45:12,2026-07-26,32427539
12:24:34,2026-07-26,32428014
13:02:18,2026-07-26,32428492
13:54:04,2026-07-26,32429221
14:31:34,2026-07-26,32429794
15:01:23,2026-07-26,32430248
15:42:36,2026-07-26,32430877
16:21:06,2026-07-26,32431543
17:00:49,2026-07-26,32432284
17:40:38,2026-07-26,32433058
18:21:23,2026-07-26,32433783
19:01:54,2026-07-26,32434539
19:44:47,2026-07-26,32435368
20:21:44,2026-07-26,32436075
21:00:13,2026-07-26,32436805
21:38:52,2026-07-26,32437457
22:05:00,2026-07-26,32437904
22:39:28,2026-07-26,32438465
23:05:18,2026-07-26,32438963
23:39:33,2026-07-26,32439546
00:06:11,2026-07-27,32440025
01:00:07,2026-07-27,32441072
01:43:22,2026-07-27,32441833
03:05:32,2026-07-27,32443215
04:32:19,2026-07-27,32444386
05:58:12,2026-07-27,32445348
07:23:20,2026-07-27,32446237
08:49:19,2026-07-27,32447120
15:00:28,2026-07-27,32451446
16:04:30,2026-07-27,32452393
17:00:16,2026-07-27,32453271
17:39:01,2026-07-27,32453866
18:13:23,2026-07-27,32454419
18:51:49,2026-07-27,32454986
19:31:09,2026-07-27,32455669
20:08:43,2026-07-27,32456313
20:48:05,2026-07-27,32457013
21:24:56,2026-07-27,32457639
22:01:33,2026-07-27,32458242
22:39:42,2026-07-27,32458891
23:06:41,2026-07-27,32459351
23:40:53,2026-07-27,32459966
00:31:24,2026-07-28,32461011
01:06:38,2026-07-28,32461710
02:02:11,2026-07-28,32462663
03:27:39,2026-07-28,32464032
04:44:55,2026-07-28,32465024
05:57:18,2026-07-28,32465849
07:02:27,2026-07-28,32466530
08:06:42,2026-07-28,32467173
09:16:21,2026-07-28,32467842
10:12:29,2026-07-28,32468411
11:04:54,2026-07-28,32468946
11:59:56,2026-07-28,32469578
12:46:53,2026-07-28,32470191
13:34:23,2026-07-28,32470810
14:28:55,2026-07-28,32471551
15:27:55,2026-07-28,32472419
16:17:08,2026-07-28,32473198
16:53:26,2026-07-28,32473771
17:31:35,2026-07-28,32474378
18:04:39,2026-07-28,32474929
18:50:30,2026-07-28,32475694
19:31:05,2026-07-28,32476398
20:07:07,2026-07-28,32477021
20:44:53,2026-07-28,32477645
21:25:04,2026-07-28,32478341
22:01:42,2026-07-28,32478908
22:40:17,2026-07-28,32479550
23:21:29,2026-07-28,32480286
00:00:14,2026-07-29,32480942
00:48:40,2026-07-29,32481905
01:34:31,2026-07-29,32482736
02:31:14,2026-07-29,32483699
03:47:16,2026-07-29,32484871
05:04:53,2026-07-29,32485864
06:14:32,2026-07-29,32486573
07:16:39,2026-07-29,32487211
08:10:01,2026-07-29,32487760
09:18:04,2026-07-29,32488504
10:15:08,2026-07-29,32489103
11:08:40,2026-07-29,32489629
12:00:50,2026-07-29,32490156
13:00:54,2026-07-29,32490801
14:01:52,2026-07-29,32491523
15:03:11,2026-07-29,32492418
15:56:58,2026-07-29,32493165
16:33:46,2026-07-29,32493730
17:03:00,2026-07-29,32494209
17:46:26,2026-07-29,32494862
18:21:21,2026-07-29,32495393
19:02:23,2026-07-29,32496045
19:49:06,2026-07-29,32496739
20:21:19,2026-07-29,32497254
21:00:15,2026-07-29,32497838
21:24:53,2026-07-29,32498264
22:00:59,2026-07-29,32498795
22:38:41,2026-07-29,32499349
23:04:27,2026-07-29,32499805
23:39:49,2026-07-29,32500376
00:05:25,2026-07-30,32500785
00:51:05,2026-07-30,32501628
01:33:58,2026-07-30,32502418
02:30:42,2026-07-30,32503390
03:43:18,2026-07-30,32504439
05:02:34,2026-07-30,32505456
06:10:44,2026-07-30,32506240
07:14:52,2026-07-30,32506943
08:03:08,2026-07-30,32507387
09:14:44,2026-07-30,32508060
10:05:33,2026-07-30,32508554
11:02:04,2026-07-30,32509087
11:58:32,2026-07-30,32509694
12:43:29,2026-07-30,32510182
13:34:31,2026-07-30,32510776
14:26:58,2026-07-30,32511453
15:22:52,2026-07-30,32512293
16:11:34,2026-07-30,32512999
16:51:22,2026-07-30,32513597
17:31:36,2026-07-30,32514249
18:05:02,2026-07-30,32514803
18:50:34,2026-07-30,32515579
19:30:59,2026-07-30,32516198
20:06:20,2026-07-30,32516761
20:43:47,2026-07-30,32517340
21:24:58,2026-07-30,32518040
22:07:36,2026-07-30,32518707
22:41:55,2026-07-30,32519240
23:22:43,2026-07-30,32519870
00:00:55,2026-07-31,32520475
00:57:25,2026-07-31,32521649
01:41:32,2026-07-31,32522494
03:04:24,2026-07-31,32523776
04:29:42,2026-07-31,32525014
05:47:26,2026-07-31,32525988
06:59:58,2026-07-31,32526716
08:05:58,2026-07-31,32527367
09:20:10,2026-07-31,32528072
10:16:04,2026-07-31,32528594
11:10:55,2026-07-31,32529146
12:00:38,2026-07-31,32529632
12:59:57,2026-07-31,32530306
13:39:56,2026-07-31,32530844
14:31:48,2026-07-31,32531518
15:26:52,2026-07-31,32532245
16:16:00,2026-07-31,32532977
16:55:30,2026-07-31,32533588
17:32:09,2026-07-31,32534125
18:09:16,2026-07-31,32534671
18:48:17,2026-07-31,32535253
19:32:09,2026-07-31,32535994
20:08:14,2026-07-31,32536544
20:48:05,2026-07-31,32537134
21:24:09,2026-07-31,32537652
22:01:40,2026-07-31,32538264
22:40:04,2026-07-31,32538832
23:07:01,2026-07-31,32539273
23:39:52,2026-07-31,32539816
00:06:30,2026-08-01,32540323
00:58:13,2026-08-01,32541298
01:41:34,2026-08-01,32542016
03:03:48,2026-08-01,32543326
04:28:16,2026-08-01,32544520
05:41:40,2026-08-01,32545351
06:51:08,2026-08-01,32546208
07:45:09,2026-08-01,32546782
08:47:03,2026-08-01,32547435
09:39:18,2026-08-01,32547981
10:18:09,2026-08-01,32548371
10:52:56,2026-08-01,32548761
11:28:06,2026-08-01,32549123
12:01:42,2026-08-01,32549535
12:38:48,2026-08-01,32549965
13:07:13,2026-08-01,32550335
13:53:53,2026-08-01,32550981
14:30:40,2026-08-01,32551516
15:00:49,2026-08-01,32551945
15:41:08,2026-08-01,32552524
16:20:54,2026-08-01,32553137
17:02:20,2026-08-01,32553767
17:40:11,2026-08-01,32554364
18:05:52,2026-08-01,32554776
18:39:14,2026-08-01,32555340
19:06:58,2026-08-01,32555796
19:44:36,2026-08-01,32556367
20:19:46,2026-08-01,32556939
20:39:27,2026-08-01,32557240
21:04:39,2026-08-01,32557671
21:37:40,2026-08-01,32558208
22:02:36,2026-08-01,32558557
22:38:22,2026-08-01,32559076
23:02:58,2026-08-01,32559396
23:39:23,2026-08-01,32559950
00:04:48,2026-08-02,32560317
00:59:06,2026-08-02,32561329
01:41:08,2026-08-02,32561993
03:04:13,2026-08-02,32563333
04:29:36,2026-08-02,32564565
05:42:13,2026-08-02,32565475
06:54:06,2026-08-02,32566313
07:46:35,2026-08-02,32566934
08:48:19,2026-08-02,32567593
09:40:04,2026-08-02,32568149
10:18:12,2026-08-02,32568654
10:53:52,2026-08-02,32569073
11:27:10,2026-08-02,32569467
12:01:05,2026-08-02,32569838
12:40:42,2026-08-02,32570296
13:30:56,2026-08-02,32570994
14:11:28,2026-08-02,32571560
14:46:09,2026-08-02,32572052
15:23:31,2026-08-02,32572597
16:01:51,2026-08-02,32573220
16:37:30,2026-08-02,32573791
17:03:34,2026-08-02,32574209
17:40:50,2026-08-02,32574841
18:20:53,2026-08-02,32575521
19:01:46,2026-08-02,32576229
19:44:26,2026-08-02,32576993
20:20:54,2026-08-02,32577667
21:00:05,2026-08-02,32578398
21:23:43,2026-08-02,32578786
21:59:43,2026-08-02,32579434
22:24:07,2026-08-02,32579846
22:59:46,2026-08-02,32580420
23:24:43,2026-08-02,32580795
00:00:17,2026-08-03,32581369
00:58:03,2026-08-03,32582549
01:42:09,2026-08-03,32583328
03:04:33,2026-08-03,32584716
04:30:50,2026-08-03,32585861
05:52:46,2026-08-03,32586726
07:09:07,2026-08-03,32587515
08:30:25,2026-08-03,32588237
09:59:23,2026-08-03,32589111
11:09:38,2026-08-03,32589830
12:30:00,2026-08-03,32590684
13:32:27,2026-08-03,32591461
14:31:44,2026-08-03,32592197
15:33:24,2026-08-03,32593133
16:30:04,2026-08-03,32593980
17:20:48,2026-08-03,32594804
18:16:11,2026-08-03,32595699
18:57:04,2026-08-03,32596367
19:34:15,2026-08-03,32596966
20:14:08,2026-08-03,32597582
20:44:34,2026-08-03,32598092
21:24:47,2026-08-03,32598726
22:02:01,2026-08-03,32599298
22:39:11,2026-08-03,32599886
23:05:57,2026-08-03,32600294
23:41:47,2026-08-03,32600911
00:32:58,2026-08-04,32601873
01:07:26,2026-08-04,32602479
02:02:03,2026-08-04,32603511
03:28:43,2026-08-04,32605060
04:45:15,2026-08-04,32606095
05:58:02,2026-08-04,32606988
07:02:47,2026-08-04,32607674
08:08:23,2026-08-04,32608394
09:17:35,2026-08-04,32609449
10:15:21,2026-08-04,32610782
11:08:56,2026-08-04,32612283
12:01:03,2026-08-04,32613703
13:01:14,2026-08-04,32615004
14:01:53,2026-08-04,32616350
15:09:08,2026-08-04,32618015
16:03:34,2026-08-04,32619295
16:58:59,2026-08-04,32620727
17:37:59,2026-08-04,32621639
18:15:14,2026-08-04,32622474
18:53:07,2026-08-04,32623305
19:32:01,2026-08-04,32624232
20:11:13,2026-08-04,32625152
20:52:50,2026-08-04,32626052
21:27:17,2026-08-04,32626916
22:02:46,2026-08-04,32627815
22:40:51,2026-08-04,32628621
23:22:50,2026-08-04,32629557
00:00:58,2026-08-05,32630471
00:50:27,2026-08-05,32631671
01:34:06,2026-08-05,32632601
02:31:10,2026-08-05,32633888
03:44:57,2026-08-05,32635272
05:03:37,2026-08-05,32636575
06:10:11,2026-08-05,32637435
07:15:17,2026-08-05,32638275
08:07:58,2026-08-05,32638959
09:17:15,2026-08-05,32639826
10:14:04,2026-08-05,32640488
11:06:40,2026-08-05,32641176
12:00:17,2026-08-05,32642088
12:58:58,2026-08-05,32642992
13:38:29,2026-08-05,32643636
14:29:46,2026-08-05,32644520
15:25:12,2026-08-05,32645538
16:15:13,2026-08-05,32646502
16:53:03,2026-08-05,32647214
17:31:54,2026-08-05,32647927
18:09:37,2026-08-05,32648655
18:53:58,2026-08-05,32649569
19:31:11,2026-08-05,32650300
20:12:01,2026-08-05,32651129
20:44:48,2026-08-05,32651784
21:26:14,2026-08-05,32652627
22:03:12,2026-08-05,32653378
22:40:33,2026-08-05,32654145
23:21:51,2026-08-05,32654957
00:00:39,2026-08-06,32655762
00:48:13,2026-08-06,32656933
01:34:19,2026-08-06,32657909
02:31:29,2026-08-06,32659240
03:47:33,2026-08-06,32660651
05:03:36,2026-08-06,32661795
06:12:57,2026-08-06,32662736
07:15:49,2026-08-06,32663531
08:07:10,2026-08-06,32664127
09:18:00,2026-08-06,32664955
10:15:26,2026-08-06,32665622
11:07:17,2026-08-06,32666218
12:01:12,2026-08-06,32666880
12:59:35,2026-08-06,32667728
13:39:23,2026-08-06,32668390
14:31:35,2026-08-06,32669179
15:25:31,2026-08-06,32670211
21:59:20,2026-08-06,32677863
00:00:58,2026-08-07,32680222
01:30:04,2026-08-07,32682104
02:31:37,2026-08-07,32683332
03:38:16,2026-08-07,32684526
04:31:00,2026-08-07,32685373
05:15:01,2026-08-07,32685981
05:51:59,2026-08-07,32686444
06:25:12,2026-08-07,32686917
07:02:13,2026-08-07,32687358
07:48:42,2026-08-07,32687830
08:24:36,2026-08-07,32688243
09:00:39,2026-08-07,32688658
09:39:28,2026-08-07,32689110
10:05:41,2026-08-07,32689398
10:36:47,2026-08-07,32689765
11:01:08,2026-08-07,32690058
11:34:22,2026-08-07,32690437
11:54:35,2026-08-07,32690678
12:16:47,2026-08-07,32690981
12:35:31,2026-08-07,32691219
13:01:33,2026-08-07,32691609
13:47:06,2026-08-07,32692366
14:22:31,2026-08-07,32692948
15:00:08,2026-08-07,32693559
15:23:31,2026-08-07,32693994
15:59:54,2026-08-07,32694636
16:23:23,2026-08-07,32695103
16:59:27,2026-08-07,32695714
17:22:29,2026-08-07,32696164
17:57:08,2026-08-07,32696804
18:20:43,2026-08-07,32697225
19:00:26,2026-08-07,32697958
19:38:26,2026-08-07,32698735
19:58:17,2026-08-07,32699130
20:16:50,2026-08-07,32699549
20:34:06,2026-08-07,32699875
20:55:16,2026-08-07,32700293
21:14:48,2026-08-07,32700721
21:32:01,2026-08-07,32701027
21:54:12,2026-08-07,32701475
22:11:35,2026-08-07,32701846
22:31:15,2026-08-07,32702228
22:54:01,2026-08-07,32702663
23:11:55,2026-08-07,32702970
23:31:12,2026-08-07,32703317
23:50:37,2026-08-07,32703690
00:16:19,2026-08-08,32704261
00:35:14,2026-08-08,32704641
01:02:29,2026-08-08,32705191
01:59:51,2026-08-08,32706434
02:44:11,2026-08-08,32707251
03:30:58,2026-08-08,32708098
04:03:03,2026-08-08,32708669
04:38:41,2026-08-08,32709234
05:04:37,2026-08-08,32709696
05:33:03,2026-08-08,32710118
05:54:40,2026-08-08,32710452
06:15:07,2026-08-08,32710731
06:32:41,2026-08-08,32710965
06:59:58,2026-08-08,32711369
07:25:03,2026-08-08,32711714
07:55:44,2026-08-08,32712102
08:14:05,2026-08-08,32712323
08:32:04,2026-08-08,32712522
08:56:02,2026-08-08,32712806
09:15:57,2026-08-08,32713047
09:32:32,2026-08-08,32713272
09:53:26,2026-08-08,32713541
10:09:19,2026-08-08,32713751
10:30:53,2026-08-08,32714045
10:52:13,2026-08-08,32714348
11:08:11,2026-08-08,32714547
11:30:23,2026-08-08,32714854
11:48:53,2026-08-08,32715097
12:08:40,2026-08-08,32715358
12:32:14,2026-08-08,32715691
12:59:52,2026-08-08,32716097
13:24:24,2026-08-08,32716510
13:54:41,2026-08-08,32716976
14:12:18,2026-08-08,32717247
14:30:50,2026-08-08,32717522
14:51:22,2026-08-08,32717888
15:07:23,2026-08-08,32718202
15:30:43,2026-08-08,32718677
15:50:27,2026-08-08,32719024
16:07:27,2026-08-08,32719361
16:31:05,2026-08-08,32719820
16:52:34,2026-08-08,32720235
17:08:40,2026-08-08,32720550
17:30:39,2026-08-08,32721037
17:50:30,2026-08-08,32721447
18:08:17,2026-08-08,32721839
18:31:23,2026-08-08,32722317
18:55:10,2026-08-08,32722813
19:11:55,2026-08-08,32723119
19:30:27,2026-08-08,32723601
19:48:23,2026-08-08,32723985
20:07:17,2026-08-08,32724389
20:30:33,2026-08-08,32724893
20:51:17,2026-08-08,32725317
21:08:02,2026-08-08,32725623
21:30:33,2026-08-08,32726134
21:50:05,2026-08-08,32726530
22:06:42,2026-08-08,32726903
22:30:30,2026-08-08,32727534
22:50:26,2026-08-08,32727887
23:07:31,2026-08-08,32728203
23:30:30,2026-08-08,32728636
23:49:11,2026-08-08,32728982
00:16:15,2026-08-09,32729586
00:36:22,2026-08-09,32729972
01:04:22,2026-08-09,32730593
02:00:10,2026-08-09,32731739
02:48:25,2026-08-09,32732674
03:32:30,2026-08-09,32733477
04:04:43,2026-08-09,32734005
04:45:40,2026-08-09,32734676
05:22:03,2026-08-09,32735238
05:55:23,2026-08-09,32735740
06:16:26,2026-08-09,32736065
06:34:49,2026-08-09,32736379
07:00:18,2026-08-09,32736725
07:39:23,2026-08-09,32737261
07:59:43,2026-08-09,32737517
08:19:04,2026-08-09,32737776
08:37:13,2026-08-09,32738019
08:58:18,2026-08-09,32738315
09:18:54,2026-08-09,32738575
09:36:37,2026-08-09,32738798
09:55:36,2026-08-09,32739028
10:11:21,2026-08-09,32739231
10:31:12,2026-08-09,32739485
10:52:41,2026-08-09,32739776
11:08:26,2026-08-09,32739994
11:30:27,2026-08-09,32740331
11:49:45,2026-08-09,32740586
12:09:10,2026-08-09,32740825
12:32:24,2026-08-09,32741173
12:59:58,2026-08-09,32741615
13:26:06,2026-08-09,32742041
13:55:33,2026-08-09,32742611
14:13:13,2026-08-09,32742930
14:31:14,2026-08-09,32743250
14:52:47,2026-08-09,32743686
15:08:15,2026-08-09,32743991
15:31:01,2026-08-09,32744420
15:50:47,2026-08-09,32744779
16:07:47,2026-08-09,32745134
16:31:25,2026-08-09,32745649
16:53:20,2026-08-09,32746134
17:10:19,2026-08-09,32746478
17:30:44,2026-08-09,32746880
17:50:45,2026-08-09,32747311
18:08:44,2026-08-09,32747748
18:31:51,2026-08-09,32748311
18:56:27,2026-08-09,32748871
19:15:44,2026-08-09,32749318
19:31:46,2026-08-09,32749696
19:50:36,2026-08-09,32750114
20:07:38,2026-08-09,32750502
20:30:49,2026-08-09,32751050
20:52:23,2026-08-09,32751503
21:08:53,2026-08-09,32751871
21:30:50,2026-08-09,32752326
21:50:50,2026-08-09,32752748
22:07:28,2026-08-09,32753062
22:30:40,2026-08-09,32753572
22:51:59,2026-08-09,32753996
23:07:52,2026-08-09,32754370
23:30:45,2026-08-09,32754826
23:50:43,2026-08-09,32755228
00:18:02,2026-08-10,32755818
00:38:26,2026-08-10,32756232
01:07:13,2026-08-10,32756801
02:00:36,2026-08-10,32757801
03:03:16,2026-08-10,32759047
04:00:02,2026-08-10,32760023
04:37:56,2026-08-10,32760554
05:10:39,2026-08-10,32761022
05:49:30,2026-08-10,32761515
06:29:41,2026-08-10,32762074
07:03:13,2026-08-10,32762470
07:58:13,2026-08-10,32763079
08:38:47,2026-08-10,32763549
09:08:03,2026-08-10,32763848
09:51:02,2026-08-10,32764342
10:28:43,2026-08-10,32764779
11:01:53,2026-08-10,32765101
11:35:19,2026-08-10,32765498
11:55:51,2026-08-10,32765790
12:18:40,2026-08-10,32766122
12:38:34,2026-08-10,32766404
13:05:55,2026-08-10,32766781
13:49:26,2026-08-10,32767465
14:26:10,2026-08-10,32768114
15:00:28,2026-08-10,32768720
15:38:04,2026-08-10,32769381
16:03:44,2026-08-10,32769844
16:36:24,2026-08-10,32770449
17:01:02,2026-08-10,32770907
17:37:35,2026-08-10,32771666
17:59:36,2026-08-10,32772128
18:22:28,2026-08-10,32772552
19:00:30,2026-08-10,32773317
19:39:55,2026-08-10,32774103
20:00:26,2026-08-10,32774490
20:32:19,2026-08-10,32775111
20:56:38,2026-08-10,32775608
21:17:52,2026-08-10,32776054
21:35:39,2026-08-10,32776442
21:55:37,2026-08-10,32776861
22:13:30,2026-08-10,32777183
22:31:41,2026-08-10,32777537
22:54:34,2026-08-10,32777956
23:11:58,2026-08-10,32778351
23:31:26,2026-08-10,32778742
23:51:53,2026-08-10,32779182
00:17:09,2026-08-11,32779794
00:37:38,2026-08-11,32780275
01:06:10,2026-08-11,32780953
02:00:07,2026-08-11,32782210
02:48:27,2026-08-11,32783180
03:32:41,2026-08-11,32783954
04:06:06,2026-08-11,32784441
04:46:48,2026-08-11,32785159
05:24:56,2026-08-11,32785678
05:58:35,2026-08-11,32786092
06:25:47,2026-08-11,32786456
07:01:23,2026-08-11,32786883
07:45:29,2026-08-11,32787402
08:21:03,2026-08-11,32787795
09:00:17,2026-08-11,32788222
09:39:24,2026-08-11,32788650
10:05:24,2026-08-11,32789004
10:36:03,2026-08-11,32789399
10:59:39,2026-08-11,32789694
11:21:44,2026-08-11,32789956
11:54:49,2026-08-11,32790362
12:16:49,2026-08-11,32790635
12:35:38,2026-08-11,32790866
13:01:57,2026-08-11,32791205
13:48:22,2026-08-11,32791956
14:26:11,2026-08-11,32792620
15:00:26,2026-08-11,32793179
15:38:15,2026-08-11,32793957
16:04:03,2026-08-11,32794409
16:37:48,2026-08-11,32795099
17:03:47,2026-08-11,32795571
17:39:33,2026-08-11,32796278
18:02:58,2026-08-11,32796730
18:37:22,2026-08-11,32797410
19:03:40,2026-08-11,32797885
19:41:16,2026-08-11,32798613
20:14:41,2026-08-11,32799232
20:32:48,2026-08-11,32799575
20:57:55,2026-08-11,32800047
21:20:36,2026-08-11,32800473
21:57:43,2026-08-11,32801160
22:19:12,2026-08-11,32801543
22:37:25,2026-08-11,32801888
22:58:42,2026-08-11,32802288
23:19:42,2026-08-11,32802717
23:37:49,2026-08-11,32803094
23:57:51,2026-08-11,32803544
00:35:08,2026-08-12,32804421
01:02:58,2026-08-12,32805053
02:00:46,2026-08-12,32806220
03:09:19,2026-08-12,32807557
04:01:39,2026-08-12,32808516
04:56:57,2026-08-12,32809362
05:34:52,2026-08-12,32809810
06:05:12,2026-08-12,32810164
06:48:21,2026-08-12,32810680
07:30:58,2026-08-12,32811125
08:05:22,2026-08-12,32811535
08:46:20,2026-08-12,32812038
09:25:50,2026-08-12,32812418
10:01:22,2026-08-12,32812844
10:40:37,2026-08-12,32813379
11:16:59,2026-08-12,32813812
11:35:44,2026-08-12,32814018
11:56:07,2026-08-12,32814260
12:20:18,2026-08-12,32814554
13:01:27,2026-08-12,32815059
13:51:13,2026-08-12,32815820
14:26:13,2026-08-12,32816362
15:00:10,2026-08-12,32816916
15:25:18,2026-08-12,32817342
16:00:24,2026-08-12,32817942
16:37:31,2026-08-12,32818551
17:02:55,2026-08-12,32819010
17:39:52,2026-08-12,32819642
18:03:18,2026-08-12,32820026
18:37:24,2026-08-12,32820623
19:03:44,2026-08-12,32821089
19:42:19,2026-08-12,32821755
20:14:07,2026-08-12,32822294
20:33:09,2026-08-12,32822602
20:57:20,2026-08-12,32823020
21:19:15,2026-08-12,32823416
21:38:04,2026-08-12,32823770
21:59:36,2026-08-12,32824176
22:20:07,2026-08-12,32824540
22:38:24,2026-08-12,32824871
22:58:59,2026-08-12,32825245
23:19:07,2026-08-12,32825593
23:37:12,2026-08-12,32825896
23:56:37,2026-08-12,32826281
00:31:30,2026-08-13,32827081
01:03:00,2026-08-13,32827749
02:00:44,2026-08-13,32828956
03:11:36,2026-08-13,32830262
04:02:29,2026-08-13,32831190
04:58:58,2026-08-13,32831919
05:37:05,2026-08-13,32832360
06:07:34,2026-08-13,32832773
06:50:21,2026-08-13,32833462
07:31:10,2026-08-13,32833864
08:06:23,2026-08-13,32834268
08:48:07,2026-08-13,32834710
09:26:08,2026-08-13,32835099
10:01:27,2026-08-13,32835458
10:41:08,2026-08-13,32835854
11:17:16,2026-08-13,32836254
11:36:01,2026-08-13,32836503
11:56:46,2026-08-13,32836740
12:22:05,2026-08-13,32837089
13:01:32,2026-08-13,32837586
13:51:14,2026-08-13,32838297
14:27:42,2026-08-13,32838834
15:00:22,2026-08-13,32839401
15:38:26,2026-08-13,32840052
16:03:42,2026-08-13,32840497
16:37:16,2026-08-13,32841084
17:02:37,2026-08-13,32841560
17:39:47,2026-08-13,32842266
18:03:34,2026-08-13,32842670
18:37:53,2026-08-13,32843255
19:04:20,2026-08-13,32843736
19:40:40,2026-08-13,32844399
20:11:54,2026-08-13,32844987
20:32:17,2026-08-13,32845388
20:57:00,2026-08-13,32845897
21:19:15,2026-08-13,32846277
21:37:54,2026-08-13,32846584
21:59:17,2026-08-13,32846959
22:20:15,2026-08-13,32847346
22:38:47,2026-08-13,32847672
22:59:50,2026-08-13,32848027
23:20:36,2026-08-13,32848422
23:55:06,2026-08-13,32849119
00:23:02,2026-08-14,32849751
01:02:48,2026-08-14,32850598
02:00:41,2026-08-14,32851750
03:10:18,2026-08-14,32853019
04:01:55,2026-08-14,32853830
04:57:15,2026-08-14,32854631
05:35:23,2026-08-14,32855112
06:05:33,2026-08-14,32855451
06:48:59,2026-08-14,32855992
07:30:52,2026-08-14,32856564
08:03:49,2026-08-14,32856906
08:45:16,2026-08-14,32857365
09:23:47,2026-08-14,32857790
10:00:49,2026-08-14,32858185
10:38:46,2026-08-14,32858620
11:03:55,2026-08-14,32858880
11:33:22,2026-08-14,32859272
11:54:35,2026-08-14,32859526
12:17:21,2026-08-14,32859810
12:36:14,2026-08-14,32860066
13:02:41,2026-08-14,32860417
13:48:59,2026-08-14,32861121
14:22:37,2026-08-14,32861683
14:59:35,2026-08-14,32862245
15:21:52,2026-08-14,32862601
15:58:37,2026-08-14,32863193
16:21:29,2026-08-14,32863545
16:59:36,2026-08-14,32864169
17:23:55,2026-08-14,32864570
17:58:34,2026-08-14,32865202
18:23:03,2026-08-14,32865658
19:00:01,2026-08-14,32866322
19:24:44,2026-08-14,32866781
19:54:30,2026-08-14,32867326
20:10:04,2026-08-14,32867611
20:30:54,2026-08-14,32868029
20:49:45,2026-08-14,32868388
21:06:25,2026-08-14,32868720
21:29:40,2026-08-14,32869135
21:47:03,2026-08-14,32869462
22:04:55,2026-08-14,32869811
22:29:51,2026-08-14,32870270
22:46:47,2026-08-14,32870577
23:05:18,2026-08-14,32870884
23:29:05,2026-08-14,32871282
23:46:25,2026-08-14,32871576
00:11:38,2026-08-15,32872075
00:33:03,2026-08-15,32872506
01:01:31,2026-08-15,32873104
01:51:42,2026-08-15,32874070
02:22:47,2026-08-15,32874604
02:58:41,2026-08-15,32875244
03:19:05,2026-08-15,32875577
03:36:50,2026-08-15,32875876
03:54:49,2026-08-15,32876195
04:09:54,2026-08-15,32876443
04:30:38,2026-08-15,32876783
04:50:21,2026-08-15,32877060
05:06:28,2026-08-15,32877285
05:29:44,2026-08-15,32877641
05:47:30,2026-08-15,32877946
06:07:17,2026-08-15,32878240
06:31:20,2026-08-15,32878564
06:55:03,2026-08-15,32878895
07:11:05,2026-08-15,32879107
07:30:39,2026-08-15,32879360
07:48:21,2026-08-15,32879599
08:05:22,2026-08-15,32879807
08:30:32,2026-08-15,32880121
08:49:16,2026-08-15,32880342
09:07:01,2026-08-15,32880582
09:29:45,2026-08-15,32880846
09:47:16,2026-08-15,32881064
10:04:52,2026-08-15,32881271
10:29:30,2026-08-15,32881548
10:46:22,2026-08-15,32881759
11:04:05,2026-08-15,32881963
11:28:19,2026-08-15,32882286
11:45:17,2026-08-15,32882525
12:04:59,2026-08-15,32882797
12:31:16,2026-08-15,32883145
12:55:33,2026-08-15,32883509
13:12:47,2026-08-15,32883763
13:30:29,2026-08-15,32884028
13:48:10,2026-08-15,32884277
14:04:55,2026-08-15,32884525
14:29:26,2026-08-15,32884916
14:46:40,2026-08-15,32885196
15:04:04,2026-08-15,32885496
15:28:53,2026-08-15,32885923
15:45:29,2026-08-15,32886217
16:04:22,2026-08-15,32886559
16:29:51,2026-08-15,32887020
16:47:09,2026-08-15,32887352
17:05:07,2026-08-15,32887688
17:28:27,2026-08-15,32888162
17:45:31,2026-08-15,32888447
18:04:00,2026-08-15,32888811
18:30:37,2026-08-15,32889347
18:50:19,2026-08-15,32889747
19:06:50,2026-08-15,32890092
19:28:07,2026-08-15,32890512
19:45:18,2026-08-15,32890855
20:04:00,2026-08-15,32891235
20:29:38,2026-08-15,32891770
20:46:33,2026-08-15,32892128
21:05:15,2026-08-15,32892463
21:28:34,2026-08-15,32892937
21:45:34,2026-08-15,32893270
22:03:34,2026-08-15,32893650
22:29:25,2026-08-15,32894098
22:46:32,2026-08-15,32894413
23:04:09,2026-08-15,32894718
23:28:19,2026-08-15,32895174
23:45:14,2026-08-15,32895482
00:11:41,2026-08-16,32895988
00:33:15,2026-08-16,32896449
01:01:43,2026-08-16,32897003
01:54:54,2026-08-16,32898157
02:27:46,2026-08-16,32898808
03:00:35,2026-08-16,32899400
03:34:55,2026-08-16,32900023
03:55:39,2026-08-16,32900386
04:13:53,2026-08-16,32900734
04:31:27,2026-08-16,32901031
04:51:26,2026-08-16,32901322
05:08:25,2026-08-16,32901567
05:30:11,2026-08-16,32901882
05:48:53,2026-08-16,32902152
06:07:58,2026-08-16,32902453
06:31:36,2026-08-16,32902862
06:55:48,2026-08-16,32903186
07:13:45,2026-08-16,32903431
07:30:51,2026-08-16,32903695
07:49:28,2026-08-16,32903926
08:06:36,2026-08-16,32904154
08:30:30,2026-08-16,32904474
08:50:20,2026-08-16,32904743
09:07:14,2026-08-16,32904970
09:30:03,2026-08-16,32905259
09:47:35,2026-08-16,32905482
10:05:19,2026-08-16,32905718
10:29:33,2026-08-16,32906056
10:46:46,2026-08-16,32906315
11:04:27,2026-08-16,32906550
11:28:16,2026-08-16,32906876
11:45:25,2026-08-16,32907126
12:05:23,2026-08-16,32907370
12:31:36,2026-08-16,32907753
12:56:44,2026-08-16,32908134
13:14:43,2026-08-16,32908413
13:30:40,2026-08-16,32908663
13:48:30,2026-08-16,32908982
14:05:15,2026-08-16,32909263
14:29:23,2026-08-16,32909662
14:46:36,2026-08-16,32909981
15:04:43,2026-08-16,32910299
15:29:06,2026-08-16,32910736
15:45:53,2026-08-16,32911044
16:04:27,2026-08-16,32911406
16:29:51,2026-08-16,32911984
16:47:37,2026-08-16,32912332
17:05:06,2026-08-16,32912674
17:27:59,2026-08-16,32913171
17:45:47,2026-08-16,32913546
18:04:12,2026-08-16,32913969
18:30:24,2026-08-16,32914519
18:49:56,2026-08-16,32914963
19:06:10,2026-08-16,32915295
19:27:56,2026-08-16,32915759
19:44:59,2026-08-16,32916112
20:03:24,2026-08-16,32916501
20:29:31,2026-08-16,32917082
20:46:22,2026-08-16,32917435
21:04:01,2026-08-16,32917767
21:28:11,2026-08-16,32918227
21:45:24,2026-08-16,32918563
22:03:26,2026-08-16,32918901
22:29:24,2026-08-16,32919386
22:46:06,2026-08-16,32919711
23:03:38,2026-08-16,32920047
23:28:23,2026-08-16,32920650
23:45:13,2026-08-16,32920985
00:10:59,2026-08-17,32921561
00:33:02,2026-08-17,32922107
01:01:37,2026-08-17,32922709
01:53:47,2026-08-17,32923735
02:27:34,2026-08-17,32924373
03:00:39,2026-08-17,32924998
03:35:09,2026-08-17,32925553
03:57:19,2026-08-17,32925921
04:19:23,2026-08-17,32926266
04:37:27,2026-08-17,32926530
04:56:59,2026-08-17,32926808
05:16:38,2026-08-17,32927052
05:33:05,2026-08-17,32927240
05:51:44,2026-08-17,32927451
06:11:42,2026-08-17,32927699
06:32:51,2026-08-17,32927940
07:00:14,2026-08-17,32928276
07:38:26,2026-08-17,32928650
07:58:53,2026-08-17,32928882
08:19:25,2026-08-17,32929123
08:37:44,2026-08-17,32929323
08:58:23,2026-08-17,32929535
09:19:40,2026-08-17,32929792
09:37:53,2026-08-17,32929986
09:57:06,2026-08-17,32930218
10:13:31,2026-08-17,32930393
10:30:48,2026-08-17,32930606
10:50:37,2026-08-17,32930826
11:06:56,2026-08-17,32931021
11:29:55,2026-08-17,32931265
11:47:20,2026-08-17,32931504
12:07:15,2026-08-17,32931732
12:31:58,2026-08-17,32932030
12:59:05,2026-08-17,32932385
13:21:18,2026-08-17,32932675
13:53:00,2026-08-17,32933107
14:08:18,2026-08-17,32933326
14:30:25,2026-08-17,32933695
14:49:03,2026-08-17,32934020
15:08:07,2026-08-17,32934327
15:29:52,2026-08-17,32934665
16:05:38,2026-08-17,32935307
16:49:49,2026-08-17,32936087
18:07:59,2026-08-17,32937580
18:31:55,2026-08-17,32938021
18:55:06,2026-08-17,32938418
19:11:18,2026-08-17,32938727
19:30:09,2026-08-17,32939087
19:47:38,2026-08-17,32939384
20:06:04,2026-08-17,32939720
20:30:06,2026-08-17,32940159
20:48:12,2026-08-17,32940497
21:06:45,2026-08-17,32940855
21:29:54,2026-08-17,32941303
21:47:14,2026-08-17,32941609
22:05:06,2026-08-17,32941931
22:29:41,2026-08-17,32942347
22:47:05,2026-08-17,32942663
23:05:15,2026-08-17,32943001
23:29:06,2026-08-17,32943461
23:46:11,2026-08-17,32943803
00:11:29,2026-08-18,32944417
00:33:14,2026-08-18,32944978
01:01:29,2026-08-18,32945528
01:51:53,2026-08-18,32946626
02:24:20,2026-08-18,32947261
02:59:58,2026-08-18,32947849
03:22:40,2026-08-18,32948256
03:54:52,2026-08-18,32948770
04:13:33,2026-08-18,32949104
04:31:23,2026-08-18,32949341
04:52:36,2026-08-18,32949612
05:09:24,2026-08-18,32949804
05:30:25,2026-08-18,32950057
05:49:28,2026-08-18,32950288
06:08:34,2026-08-18,32950509
06:31:48,2026-08-18,32950779
06:58:17,2026-08-18,32951060
07:19:53,2026-08-18,32951307
07:37:45,2026-08-18,32951511
07:55:30,2026-08-18,32951691
08:10:32,2026-08-18,32951877
08:31:38,2026-08-18,32952105
08:53:07,2026-08-18,32952365
09:09:52,2026-08-18,32952558
09:31:01,2026-08-18,32952794
09:51:06,2026-08-18,32953037
10:07:09,2026-08-18,32953198
10:30:19,2026-08-18,32953444
10:50:11,2026-08-18,32953664
11:07:02,2026-08-18,32953837
11:29:46,2026-08-18,32954143
11:47:17,2026-08-18,32954371
12:08:22,2026-08-18,32954637
12:32:01,2026-08-18,32954944
12:59:30,2026-08-18,32955316
13:22:58,2026-08-18,32955645
13:54:40,2026-08-18,32956139
14:11:58,2026-08-18,32956411
14:31:09,2026-08-18,32956737
14:52:52,2026-08-18,32957107
15:08:38,2026-08-18,32957348
15:30:56,2026-08-18,32957747
15:50:09,2026-08-18,32958048
16:06:57,2026-08-18,32958319
16:30:41,2026-08-18,32958745
16:51:12,2026-08-18,32959088
17:07:26,2026-08-18,32959375
17:30:04,2026-08-18,32959742
17:48:26,2026-08-18,32960083
18:07:42,2026-08-18,32960439
18:31:31,2026-08-18,32960849
18:54:12,2026-08-18,32961208
19:11:19,2026-08-18,32961523
19:30:02,2026-08-18,32961875
19:46:56,2026-08-18,32962180
20:04:18,2026-08-18,32962489
20:29:43,2026-08-18,32962968
20:46:52,2026-08-18,32963301
21:05:50,2026-08-18,32963692
21:29:34,2026-08-18,32964098
21:46:21,2026-08-18,32964442
22:04:18,2026-08-18,32964768
22:29:46,2026-08-18,32965186
22:47:09,2026-08-18,32965514
23:05:25,2026-08-18,32965848
23:28:52,2026-08-18,32966302
23:45:55,2026-08-18,32966625
00:11:10,2026-08-19,32967168
00:33:03,2026-08-19,32967653
01:01:41,2026-08-19,32968263
01:52:49,2026-08-19,32969299
02:26:08,2026-08-19,32969954
03:00:03,2026-08-19,32970581
03:55:25,2026-08-19,32971490
04:14:18,2026-08-19,32971794
04:31:38,2026-08-19,32972016
04:52:26,2026-08-19,32972298
05:09:54,2026-08-19,32972546
05:30:40,2026-08-19,32972819
05:50:06,2026-08-19,32973034
06:09:15,2026-08-19,32973269
06:31:56,2026-08-19,32973513
06:58:22,2026-08-19,32973786
07:20:19,2026-08-19,32974052
07:53:17,2026-08-19,32974388
08:10:29,2026-08-19,32974609
08:31:44,2026-08-19,32974863
08:53:35,2026-08-19,32975105
09:11:26,2026-08-19,32975275
09:31:10,2026-08-19,32975499
09:51:20,2026-08-19,32975702
10:07:01,2026-08-19,32975872
10:30:28,2026-08-19,32976125
10:49:50,2026-08-19,32976319
11:06:37,2026-08-19,32976481
11:29:44,2026-08-19,32976791
11:47:17,2026-08-19,32976991
12:07:52,2026-08-19,32977250
12:32:12,2026-08-19,32977606
12:59:32,2026-08-19,32978030
13:23:27,2026-08-19,32978356
13:54:57,2026-08-19,32978801
14:12:08,2026-08-19,32979078
14:31:09,2026-08-19,32979343
14:53:09,2026-08-19,32979657
15:08:54,2026-08-19,32979933
15:30:48,2026-08-19,32980336
15:49:58,2026-08-19,32980654
16:07:14,2026-08-19,32980921
16:30:47,2026-08-19,32981315
16:50:39,2026-08-19,32981658
17:07:11,2026-08-19,32981941
17:29:52,2026-08-19,32982338
17:47:18,2026-08-19,32982638
18:06:46,2026-08-19,32983011
18:31:15,2026-08-19,32983431
18:53:02,2026-08-19,32983854
19:08:39,2026-08-19,32984234
19:29:46,2026-08-19,32984577
19:46:58,2026-08-19,32984892
20:05:20,2026-08-19,32985202
20:30:17,2026-08-19,32985649
20:49:02,2026-08-19,32985962
21:07:16,2026-08-19,32986292
21:29:48,2026-08-19,32986667
21:47:15,2026-08-19,32986971
22:05:43,2026-08-19,32987270
22:29:38,2026-08-19,32987682
22:47:35,2026-08-19,32987987
23:05:59,2026-08-19,32988310
23:29:09,2026-08-19,32988741
23:46:01,2026-08-19,32989042
00:11:24,2026-08-20,32989579
00:33:00,2026-08-20,32990052
01:01:43,2026-08-20,32990601
01:52:14,2026-08-20,32991615
02:25:24,2026-08-20,32992256
03:00:10,2026-08-20,32992859
03:23:49,2026-08-20,32993253
03:55:26,2026-08-20,32993710
04:14:07,2026-08-20,32994053
04:31:52,2026-08-20,32994298
04:52:52,2026-08-20,32994608
05:10:45,2026-08-20,32994817
05:30:43,2026-08-20,32995047
05:50:11,2026-08-20,32995276
06:09:09,2026-08-20,32995487
06:32:18,2026-08-20,32995773
06:58:49,2026-08-20,32996077
07:22:01,2026-08-20,32996313
07:54:25,2026-08-20,32996648
08:12:21,2026-08-20,32996849
08:31:39,2026-08-20,32997019
08:54:33,2026-08-20,32997266
09:11:10,2026-08-20,32997533
09:31:08,2026-08-20,32997901
09:51:35,2026-08-20,32998336
10:08:28,2026-08-20,32998748
10:30:40,2026-08-20,32999237
10:50:35,2026-08-20,32999639
11:06:51,2026-08-20,32999987
11:30:09,2026-08-20,33000451
11:47:52,2026-08-20,33000735
12:08:48,2026-08-20,33001400
12:32:16,2026-08-20,33001970
12:59:46,2026-08-20,33002736
13:24:58,2026-08-20,33003416
13:55:33,2026-08-20,33004625
14:14:09,2026-08-20,33005358
14:31:32,2026-08-20,33005927
14:53:33,2026-08-20,33006501
15:11:00,2026-08-20,33006972
15:30:58,2026-08-20,33007526
15:50:47,2026-08-20,33008003
16:08:05,2026-08-20,33008478
16:31:14,2026-08-20,33009048
16:52:08,2026-08-20,33009536
17:08:19,2026-08-20,33009926
17:30:41,2026-08-20,33010409
17:50:01,2026-08-20,33010812
18:08:05,2026-08-20,33011231
18:31:41,2026-08-20,33011678
18:55:40,2026-08-20,33012158
19:14:10,2026-08-20,33012549
19:30:50,2026-08-20,33012931
19:49:43,2026-08-20,33013286
20:06:36,2026-08-20,33013646
20:30:21,2026-08-20,33014156
20:50:08,2026-08-20,33014560
21:07:43,2026-08-20,33014923
21:30:23,2026-08-20,33015390
21:48:53,2026-08-20,33015772
22:06:06,2026-08-20,33016153
22:30:06,2026-08-20,33016633
22:49:18,2026-08-20,33016989
23:07:01,2026-08-20,33017401
23:29:44,2026-08-20,33017866
23:47:22,2026-08-20,33018223
00:12:11,2026-08-21,33018833
00:33:17,2026-08-21,33019340
01:01:49,2026-08-21,33019990
01:55:15,2026-08-21,33021117
02:29:29,2026-08-21,33021809
03:01:05,2026-08-21,33022391
03:36:35,2026-08-21,33022964
03:57:23,2026-08-21,33023305
04:17:46,2026-08-21,33023650
04:34:51,2026-08-21,33023915
04:53:23,2026-08-21,33024146
05:11:12,2026-08-21,33024455
05:30:50,2026-08-21,33024703
05:50:35,2026-08-21,33024916
06:09:54,2026-08-21,33025222
06:32:12,2026-08-21,33025503
06:58:56,2026-08-21,33025813
07:22:14,2026-08-21,33026084
07:54:29,2026-08-21,33026463
08:13:09,2026-08-21,33026734
08:31:58,2026-08-21,33026949
08:55:02,2026-08-21,33027220
09:13:05,2026-08-21,33027452
09:31:28,2026-08-21,33027656
09:52:35,2026-08-21,33027894
10:08:25,2026-08-21,33028149
10:30:35,2026-08-21,33028431
10:50:55,2026-08-21,33028699
11:06:57,2026-08-21,33028899
11:30:01,2026-08-21,33029213
11:47:52,2026-08-21,33029443
12:08:12,2026-08-21,33029745
12:32:04,2026-08-21,33030074
12:59:36,2026-08-21,33030488
13:24:19,2026-08-21,33030876
13:55:25,2026-08-21,33031394
14:12:33,2026-08-21,33031726
14:31:24,2026-08-21,33032035
14:53:15,2026-08-21,33032387
15:09:54,2026-08-21,33032660
15:31:00,2026-08-21,33033035
15:50:52,2026-08-21,33033401
16:07:45,2026-08-21,33033739
16:31:09,2026-08-21,33034135
16:52:21,2026-08-21,33034506
17:08:27,2026-08-21,33034818
17:30:27,2026-08-21,33035218
17:49:54,2026-08-21,33035553
18:07:56,2026-08-21,33035901
18:31:23,2026-08-21,33036369
18:54:10,2026-08-21,33036764
19:10:44,2026-08-21,33037067
19:29:38,2026-08-21,33037421
19:46:33,2026-08-21,33037741
20:05:15,2026-08-21,33038078
20:30:04,2026-08-21,33038505
20:46:54,2026-08-21,33038838
21:05:49,2026-08-21,33039217
21:29:41,2026-08-21,33039677
21:46:45,2026-08-21,33040073
22:04:49,2026-08-21,33040412
22:29:44,2026-08-21,33040867
22:47:19,2026-08-21,33041225
23:05:41,2026-08-21,33041594
23:29:46,2026-08-21,33042094
23:46:31,2026-08-21,33042421
00:11:50,2026-08-22,33042998
00:33:04,2026-08-22,33043478
01:01:32,2026-08-22,33044097
01:51:52,2026-08-22,33045135
02:23:37,2026-08-22,33045744
02:59:34,2026-08-22,33046431
03:21:07,2026-08-22,33046864
03:54:23,2026-08-22,33047418
04:12:11,2026-08-22,33047694
04:31:00,2026-08-22,33047991
04:51:48,2026-08-22,33048296
05:07:28,2026-08-22,33048524
05:30:08,2026-08-22,33048842
05:48:31,2026-08-22,33049096
06:07:19,2026-08-22,33049382
06:31:31,2026-08-22,33049748
06:55:57,2026-08-22,33050095
07:14:01,2026-08-22,33050346
07:31:00,2026-08-22,33050591
07:49:38,2026-08-22,33050796
08:06:16,2026-08-22,33051022
08:30:36,2026-08-22,33051334
08:50:47,2026-08-22,33051550
09:07:15,2026-08-22,33051768
09:30:05,2026-08-22,33052053
09:47:49,2026-08-22,33052289
10:05:16,2026-08-22,33052492
10:29:36,2026-08-22,33052760
10:47:05,2026-08-22,33053002
11:04:36,2026-08-22,33053229
11:28:35,2026-08-22,33053566
11:45:32,2026-08-22,33053760
12:05:23,2026-08-22,33054034
12:31:33,2026-08-22,33054386
12:56:42,2026-08-22,33054771
13:14:45,2026-08-22,33055104
13:30:48,2026-08-22,33055352
13:48:11,2026-08-22,33055619
14:04:29,2026-08-22,33055879
14:29:10,2026-08-22,33056326
14:46:19,2026-08-22,33056624
15:04:33,2026-08-22,33056975
15:28:54,2026-08-22,33057426
15:45:58,2026-08-22,33057758
16:29:50,2026-08-22,33058564
16:46:59,2026-08-22,33058901
17:05:04,2026-08-22,33059282
17:28:28,2026-08-22,33059734
17:45:41,2026-08-22,33060100
