15:44:00,2015-01-21,138648
04:58:00,2015-04-16,133052
09:17:00,2015-06-02,134886
23:17:00,2015-07-24,125492
23:17:00,2015-07-25,124853
11:17:00,2015-07-27,124100
23:17:00,2015-07-27,123964
21:13:00,2015-07-30,123077
05:47:00,2015-08-01,122451
21:02:00,2015-08-01,122291
21:55:00,2015-08-02,121796
22:50:00,2015-08-03,121460
23:24:00,2015-08-05,120696
05:12:00,2015-08-08,119804
06:28:00,2015-08-09,119925
02:03:00,2015-08-10,119830
23:35:00,2015-08-13,119028
21:11:00,2015-08-14,118684
03:42:00,2015-08-16,119329
22:04:00,2015-08-16,119162
21:50:00,2015-08-17,119246
21:29:00,2015-08-18,118849
21:46:00,2015-08-19,117973
02:45:00,2015-08-22,117415
21:09:00,2015-08-22,117760
01:04:00,2015-08-25,117305
23:21:00,2015-08-25,116454
01:44:00,2015-08-28,115009
23:56:00,2015-08-28,114575
01:31:00,2015-09-01,113784
02:43:00,2015-09-06,111130
00:05:00,2015-09-12,108303
23:00:00,2015-09-13,109483
22:34:00,2015-09-17,108192
22:00:00,2015-09-19,108881
00:05:00,2015-09-22,107751
00:48:00,2015-09-23,107437
00:31:00,2015-09-24,107934
23:27:00,2015-09-24,108444
21:44:00,2015-09-25,108588
22:03:00,2015-09-26,109510
23:38:00,2015-09-28,109344
19:57:00,2015-09-30,109543
21:42:00,2015-10-01,109815
21:09:00,2015-10-02,110000
00:07:00,2015-10-07,111429
21:15:00,2015-10-08,111486
10:29:00,2015-10-10,112436
20:19:00,2015-10-16,114004
23:44:00,2015-10-17,114220
02:18:00,2015-10-20,113670
01:11:00,2015-10-21,114406
02:41:00,2015-10-22,114635
01:10:00,2015-10-24,115016
22:26:00,2015-10-24,115288
05:04:00,2015-10-29,116982
22:09:00,2015-11-05,119119
01:29:00,2015-11-15,123531
22:38:00,2015-11-15,131157
09:17:00,2015-11-16,133407
21:13:00,2015-11-16,134443
20:40:00,2015-11-17,137134
23:09:00,2015-11-18,139820
21:01:00,2015-11-19,141339
23:09:00,2015-11-20,143359
00:05:00,2015-11-22,145809
22:10:00,2015-11-24,150063
20:46:00,2015-11-25,151609
21:37:00,2015-11-26,153069
23:45:00,2015-11-29,150176
21:19:00,2015-12-03,144312
23:15:00,2015-12-05,140575
01:42:00,2015-12-08,137665
21:29:00,2015-12-08,136955
23:21:00,2015-12-20,137589
23:40:00,2015-12-27,140688
05:53:00,2016-01-08,129115
00:43:00,2016-01-16,124195
20:49:00,2016-02-05,129228
10:06:00,2016-04-07,124479
04:00:00,2016-05-25,118152
23:25:00,2016-07-14,115983
11:39:00,2016-07-23,131652
09:16:00,2016-07-24,133391
05:15:00,2016-08-11,153333
23:52:00,2016-08-12,150883
04:32:00,2016-08-23,145654
00:03:00,2016-09-02,139922
00:25:00,2016-09-05,135181
08:56:00,2016-09-13,127560
09:41:00,2016-09-27,111348
22:44:00,2016-11-20,100752
19:49:00,2016-12-08,101725
23:31:00,2016-12-17,102574
20:41:00,2016-12-21,105364
07:14:00,2017-01-06,115964
22:55:00,2017-01-10,110014
21:36:00,2017-01-26,98624
03:03:00,2017-01-28,98707
01:46:00,2017-01-30,97705
11:45:00,2017-02-05,95349
10:08:00,2017-02-09,94414
07:02:00,2017-02-16,98437
17:58:00,2017-02-19,100117
01:21:00,2017-02-26,102707
07:27:00,2017-02-28,101730
23:45:00,2017-03-05,106277
20:27:00,2017-03-06,105406
18:07:00,2017-03-16,108749
09:28:00,2017-03-19,109343
15:13:00,2017-03-21,108534
04:09:00,2017-03-29,106380
01:56:00,2017-03-30,106671
08:06:00,2017-04-13,107997
19:46:00,2017-04-14,108672
04:51:00,2017-05-01,102201
00:04:00,2017-05-05,100478
04:03:00,2017-05-20,97730
05:34:00,2017-05-25,98280
10:11:00,2017-06-02,99573
18:58:00,2017-06-17,97829
22:30:00,2017-06-23,98761
11:18:00,2017-06-26,100264
23:37:00,2017-07-11,102080
23:53:00,2017-07-12,101942
18:41:00,2017-07-23,104538
21:52:00,2017-07-27,108100
01:26:00,2017-08-01,112033
22:50:00,2017-08-08,157200
06:33:00,2017-08-10,161229
09:42:00,2017-08-16,164804
02:23:00,2017-08-17,162956
07:18:00,2017-08-18,161338
19:02:00,2017-08-21,153593
15:58:00,2017-08-22,149286
01:14:00,2017-08-26,142060
03:03:00,2017-08-28,141579
12:47:00,2017-08-31,140186
06:59:00,2017-09-01,139801
09:31:00,2017-09-03,139017
12:34:00,2017-09-05,137440
12:12:00,2017-09-06,136375
23:53:00,2017-09-08,134100
03:11:00,2017-09-21,118961
01:17:00,2017-09-27,113163
02:08:00,2017-10-06,110443
07:55:00,2017-10-08,109874
19:00:00,2017-10-09,110093
02:22:00,2017-10-19,107042
07:56:00,2017-10-21,106616
01:24:00,2017-11-02,116611
20:01:00,2017-11-02,117585
05:00:00,2017-11-12,121545
09:04:00,2017-11-15,116812
23:32:00,2017-11-16,114332
22:28:00,2017-11-18,112401
21:57:00,2017-11-24,115496
09:10:00,2017-12-01,116207
21:15:00,2017-12-08,117754
03:21:00,2017-12-17,118718
16:53:00,2017-12-20,118726
18:43:00,2017-12-24,120133
01:22:00,2017-12-26,121273
07:49:00,2017-12-28,123454
20:22:00,2018-01-01,125368
20:42:00,2018-01-05,125997
19:36:00,2018-01-12,122130
20:46:00,2018-01-14,121004
20:14:00,2018-01-19,114866
00:28:00,2018-02-02,105963
22:12:00,2018-02-10,106475
22:43:00,2018-02-12,106042
04:14:00,2018-02-21,103999
04:15:00,2018-03-01,109115
07:35:00,2018-03-30,94801
02:55:00,2018-04-01,98108
19:52:00,2018-04-03,101794
10:04:00,2018-04-16,99445
20:08:00,2018-04-16,98954
20:37:00,2018-04-26,97269
12:19:00,2018-05-02,101974
00:47:00,2018-05-13,104105
23:06:00,2018-05-14,102811
03:17:00,2018-05-21,103532
23:17:00,2018-05-31,109223
18:34:00,2018-06-25,108746
19:31:00,2018-06-28,107089
06:59:00,2018-07-24,104163
21:23:00,2018-07-29,104245
22:45:00,2018-07-31,107599
03:59:00,2018-08-01,108692
19:31:00,2018-08-01,113937
01:41:00,2018-08-03,121269
03:20:00,2018-08-05,130328
12:11:00,2018-08-06,134056
06:03:00,2018-08-12,152857
23:33:00,2018-08-14,156367
01:14:00,2018-08-18,149000
16:04:00,2018-08-23,137508
02:12:00,2018-08-26,131629
09:00:00,2018-08-29,127550
04:01:00,2018-08-31,126495
00:53:00,2018-09-03,124548
00:56:00,2018-09-06,121128
02:34:00,2018-09-11,114906
09:07:00,2018-09-19,95941
07:51:00,2018-09-21,93822
02:32:00,2018-09-30,90199
06:59:00,2018-10-16,87810
06:12:00,2018-10-17,87165
07:01:00,2018-10-19,85668
19:52:00,2018-10-23,82946
22:39:00,2018-10-27,82323
13:11:00,2018-10-30,82974
06:39:00,2018-11-02,85168
22:06:00,2018-11-02,85460
19:00:00,2018-11-08,85415
04:58:00,2018-11-11,84498
22:18:00,2018-11-15,80866
22:16:00,2018-11-16,80330
22:20:00,2018-11-18,81301
21:44:00,2018-11-19,81615
05:57:00,2018-11-26,84696
19:23:00,2018-11-27,84771
13:13:00,2018-11-30,84764
01:56:00,2018-12-05,87305
20:54:00,2018-12-06,86649
21:15:00,2018-12-12,87386
04:34:00,2018-12-16,86860
00:47:00,2018-12-19,86816
03:43:00,2018-12-21,87533
02:57:00,2018-12-24,89837
19:51:00,2018-12-26,93747
23:50:00,2018-12-28,95331
00:32:00,2019-01-01,96158
05:25:00,2019-01-02,96866
04:03:00,2019-01-04,96997
02:44:00,2019-01-05,96770
02:42:00,2019-01-09,93828
23:45:00,2019-01-16,86671
14:51:00,2019-01-17,85710
16:35:00,2019-01-21,83596
03:38:00,2019-01-23,83063
01:10:00,2019-01-26,82839
01:39:00,2019-01-28,82027
23:36:00,2019-01-30,81931
23:10:00,2019-02-05,83774
20:59:00,2019-02-06,83795
23:38:00,2019-02-09,83892
01:44:00,2019-02-19,79557
08:53:00,2019-02-20,79181
07:23:00,2019-02-22,79310
05:09:00,2019-02-25,79676
03:11:00,2019-03-02,81196
19:02:00,2019-03-13,80849
05:16:00,2019-03-19,78730
15:02:00,2019-03-21,78282
00:35:00,2019-03-29,78373
03:00:00,2019-03-30,78436
11:45:00,2019-03-31,79329
01:55:00,2019-04-02,80640
08:58:00,2019-04-08,82353
08:35:00,2019-04-12,82636
03:13:00,2019-04-14,82703
08:49:00,2019-04-19,81307
21:07:00,2019-04-23,82077
12:33:00,2019-04-26,82724
16:14:00,2019-05-03,84762
06:05:00,2019-05-06,84676
21:13:00,2019-05-09,84169
05:48:00,2019-05-11,84751
11:19:00,2019-05-15,85337
09:18:00,2019-05-19,86534
19:17:00,2019-05-30,93627
19:58:00,2019-05-31,95122
23:20:00,2019-06-25,86038
02:27:00,2019-07-01,83949
09:06:00,2019-07-14,88770
00:02:00,2019-07-17,89995
23:43:00,2019-07-31,85663
08:31:00,2019-08-11,88114
19:21:00,2019-08-18,82618
11:07:00,2019-08-20,81511
19:18:00,2019-08-27,74195
23:04:00,2019-08-29,72321
22:28:00,2019-08-30,71747
17:08:00,2019-09-02,72772
13:29:00,2019-09-04,71694
22:46:00,2019-09-05,70620
00:54:00,2019-09-07,70197
01:11:00,2019-09-08,70618
02:18:00,2019-09-09,70793
04:24:00,2019-09-10,70199
05:04:00,2019-09-12,69995
06:51:00,2019-09-13,69751
00:01:00,2019-09-14,69724
05:33:00,2019-09-17,66180
04:22:00,2019-09-18,65404
20:04:00,2019-09-18,65154
21:57:00,2019-09-19,64958
08:49:00,2019-09-21,64737
23:51:00,2019-09-22,64357
05:36:00,2019-09-29,64896
08:23:00,2019-09-30,65587
01:03:00,2019-10-01,66452
20:02:00,2019-10-01,66969
06:18:00,2019-10-06,71389
17:22:00,2019-10-06,71649
01:30:00,2019-10-08,71790
02:07:00,2019-10-09,71805
08:33:00,2019-10-10,71683
23:51:00,2019-10-13,71756
19:42:00,2019-10-14,71524
08:59:00,2019-10-16,71066
22:30:00,2019-10-16,69556
22:09:00,2019-10-18,66818
10:22:00,2019-10-21,65542
19:00:00,2019-10-23,65366
20:50:00,2019-10-25,66113
23:20:00,2019-10-27,66685
19:07:00,2019-10-28,66504
01:14:00,2019-10-30,66254
09:37:00,2019-11-03,71520
20:52:00,2019-11-04,72750
22:35:00,2019-11-05,73558
22:21:00,2019-11-07,74423
14:45:00,2019-11-09,75514
10:25:00,2019-11-13,78058
04:13:00,2019-11-18,75203
02:33:00,2019-11-22,74114
22:03:00,2019-11-22,74141
00:48:00,2019-11-26,74008
22:30:00,2019-11-27,74061
04:27:00,2019-11-30,74632
23:15:00,2019-11-30,75928
07:33:00,2019-12-04,77985
21:42:00,2019-12-06,78604
22:17:00,2019-12-09,79215
00:07:00,2019-12-15,77362
23:33:00,2019-12-16,77079
06:38:00,2019-12-22,80404
22:56:00,2019-12-23,81738
04:15:00,2019-12-27,86000
07:41:00,2019-12-29,87986
00:07:00,2020-01-04,91704
23:19:00,2020-01-04,91930
21:55:00,2020-01-07,90662
18:00:00,2020-01-08,90033
11:49:00,2020-01-11,88521
22:25:00,2020-01-12,88543
18:19:00,2020-01-23,77314
17:34:00,2020-01-27,76076
05:37:00,2020-01-30,75657
18:02:00,2020-01-31,76323
02:22:00,2020-02-03,77755
16:17:00,2020-02-05,77531
22:04:00,2020-02-07,79115
02:44:00,2020-02-10,79907
09:59:00,2020-02-13,79581
22:42:00,2020-02-21,75795
22:40:00,2020-03-01,77511
22:51:00,2020-03-04,78971
00:34:00,2020-03-06,81554
07:13:00,2020-03-11,85470
00:48:00,2020-03-12,85987
15:28:00,2020-03-16,90084
22:21:00,2020-03-17,94370
23:21:00,2020-03-19,103151
12:01:00,2020-03-22,110852
10:50:00,2020-03-24,115977
22:07:00,2020-03-24,117275
00:40:00,2020-03-26,120060
23:02:00,2020-03-27,124859
03:49:00,2020-03-28,125562
00:12:00,2020-03-31,129994
22:08:00,2020-03-31,131160
20:54:00,2020-04-03,127661
05:16:00,2020-04-07,125284
23:52:00,2020-04-07,125844
18:17:00,2020-04-10,130705
01:47:00,2020-04-13,132527
06:16:00,2020-04-14,134320
02:31:00,2020-04-16,142798
12:37:00,2020-04-16,154421
22:16:00,2020-04-17,167555
00:18:00,2020-04-19,173168
08:00:00,2020-04-19,177854
08:00:00,2020-04-20,180349
06:32:00,2020-04-21,180779
20:31:00,2020-04-21,182047
08:00:00,2020-04-23,184721
21:21:00,2020-04-24,185400
06:22:00,2020-04-26,187173
09:30:00,2020-04-26,187784
08:00:00,2020-04-28,192560
02:49:00,2020-04-29,193520
08:47:00,2020-04-30,199796
21:39:00,2020-04-30,202349
10:49:00,2020-05-01,171575
20:40:00,2020-05-01,167885
00:40:00,2020-05-06,156356
21:40:00,2020-05-06,153432
00:03:00,2020-05-08,151201
08:00:00,2020-05-10,147874
01:05:00,2020-05-11,147020
00:21:00,2020-05-13,145278
22:42:00,2020-05-15,136848
13:18:00,2020-05-17,135281
23:08:00,2020-05-19,132556
10:30:00,2020-05-21,129818
21:26:00,2020-05-29,127173
00:29:00,2020-06-06,121485
22:28:00,2020-06-19,109436
11:57:00,2020-06-30,102103
22:42:00,2020-07-14,96557
22:24:00,2020-07-21,90361
16:34:00,2020-07-23,91783
14:00:00,2020-08-04,104151
03:19:00,2020-08-07,102351
13:11:00,2020-08-11,99275
10:23:40,2020-08-12,101761
20:57:09,2020-08-12,104275
08:31:19,2020-08-13,106547
20:31:17,2020-08-13,108869
08:31:17,2020-08-14,108399
20:31:14,2020-08-14,108204
08:31:20,2020-08-15,107659
20:31:20,2020-08-15,107556
08:31:13,2020-08-16,107151
20:31:23,2020-08-16,106842
02:42:00,2020-08-17,106337
08:31:10,2020-08-17,106230
09:59:51,2020-08-17,106242
20:31:10,2020-08-17,106022
08:31:10,2020-08-18,105562
20:31:10,2020-08-18,105295
08:31:10,2020-08-19,105058
20:31:10,2020-08-19,104983
08:31:10,2020-08-20,104768
20:31:10,2020-08-20,104787
08:31:10,2020-08-21,104713
20:31:12,2020-08-21,104907
08:31:09,2020-08-22,105289
20:31:10,2020-08-22,105638
08:31:10,2020-08-23,106090
20:31:10,2020-08-23,106553
08:31:10,2020-08-24,106572
20:31:10,2020-08-24,106842
08:31:10,2020-08-25,106888
20:31:10,2020-08-25,107037
08:31:10,2020-08-26,105781
20:31:10,2020-08-26,104019
08:31:10,2020-08-27,102142
20:31:10,2020-08-27,100407
08:31:10,2020-08-28,99620
20:31:10,2020-08-28,99051
08:31:10,2020-08-29,98804
20:31:10,2020-08-29,98724
08:31:10,2020-08-30,98711
20:31:10,2020-08-30,98537
08:31:10,2020-08-31,98885
20:31:10,2020-08-31,99563
08:31:10,2020-09-01,99972
20:31:10,2020-09-01,100343
08:31:10,2020-09-02,100501
20:31:10,2020-09-02,100604
08:31:10,2020-09-03,100943
20:31:10,2020-09-03,101941
08:31:10,2020-09-04,102098
20:31:10,2020-09-04,102015
08:31:10,2020-09-05,101829
20:31:10,2020-09-05,101877
08:31:10,2020-09-06,101654
20:31:10,2020-09-06,101447
08:31:10,2020-09-07,101230
20:31:10,2020-09-07,101103
20:31:10,2020-09-08,100771
08:31:10,2020-09-09,100430
20:31:28,2020-09-09,100333
20:31:57,2020-09-09,100333
08:31:10,2020-09-10,100044
20:31:09,2020-09-10,99677
08:31:10,2020-09-11,99331
20:31:10,2020-09-11,99063
08:31:10,2020-09-12,98986
20:31:10,2020-09-12,99013
08:31:09,2020-09-13,99042
20:31:10,2020-09-13,98978
08:31:10,2020-09-14,98212
20:31:10,2020-09-14,97504
08:31:13,2020-09-15,97088
20:31:10,2020-09-15,96819
08:31:10,2020-09-16,96454
20:31:10,2020-09-16,96217
08:31:10,2020-09-17,95828
20:31:10,2020-09-17,94794
08:31:10,2020-09-18,94434
20:31:10,2020-09-18,94348
08:31:09,2020-09-19,94304
20:31:10,2020-09-19,94403
08:31:10,2020-09-20,94459
20:31:10,2020-09-20,94411
08:31:10,2020-09-21,94230
20:31:10,2020-09-21,94139
08:31:10,2020-09-22,94056
20:31:10,2020-09-22,94358
08:31:10,2020-09-23,94695
20:33:44,2020-09-24,94364
08:31:10,2020-09-25,96083
20:31:10,2020-09-25,97034
08:31:10,2020-09-26,97441
20:31:10,2020-09-26,98282
08:31:10,2020-09-27,98844
20:31:10,2020-09-27,99234
08:31:10,2020-09-28,99463
20:33:13,2020-09-28,99471
08:31:11,2020-09-29,99553
20:31:10,2020-09-29,99565
08:31:10,2020-09-30,99649
08:31:10,2020-10-02,94219
20:31:10,2020-10-02,92651
01:56:01,2020-10-03,95033
08:31:10,2020-10-03,90784
20:31:10,2020-10-03,89060
08:31:09,2020-10-04,87191
21:02:10,2020-10-05,87829
08:31:10,2020-10-06,87375
20:31:10,2020-10-06,86450
08:31:10,2020-10-07,84640
20:31:10,2020-10-07,84870
08:31:10,2020-10-08,86242
20:31:10,2020-10-08,85228
08:31:10,2020-10-09,83927
20:31:10,2020-10-09,82964
08:31:10,2020-10-10,81852
20:31:10,2020-10-10,80753
08:31:10,2020-10-11,79727
20:31:09,2020-10-11,78632
08:31:10,2020-10-12,77429
20:31:10,2020-10-12,76573
08:31:10,2020-10-13,75419
20:31:10,2020-10-13,74205
08:31:10,2020-10-14,71698
20:31:10,2020-10-14,72317
08:31:10,2020-10-15,73705
20:31:10,2020-10-15,74964
08:31:10,2020-10-16,77152
20:31:10,2020-10-16,79065
08:31:10,2020-10-17,81463
20:31:10,2020-10-17,83602
08:31:10,2020-10-18,85670
20:31:10,2020-10-18,87206
08:31:10,2020-10-19,87427
20:31:10,2020-10-19,88006
08:31:10,2020-10-20,88467
20:31:11,2020-10-20,89017
08:31:10,2020-10-21,89354
20:31:10,2020-10-21,89701
08:31:10,2020-10-22,89972
20:31:10,2020-10-22,90222
08:31:10,2020-10-23,90427
20:31:10,2020-10-23,90615
08:31:09,2020-10-24,92139
20:31:10,2020-10-24,93496
08:31:10,2020-10-25,91245
20:31:10,2020-10-25,91506
08:31:10,2020-10-26,91717
20:31:09,2020-10-26,91974
08:31:10,2020-10-27,92033
20:31:10,2020-10-27,92066
08:31:10,2020-10-28,92230
20:31:19,2020-10-28,91955
20:31:47,2020-10-28,91955
08:31:10,2020-10-29,92226
20:31:10,2020-10-29,92552
08:31:10,2020-10-30,92000
20:31:10,2020-10-30,91544
08:31:10,2020-10-31,91314
20:31:10,2020-10-31,91345
08:31:10,2020-11-01,91290
20:31:10,2020-11-01,90682
08:31:10,2020-11-02,90300
20:31:10,2020-11-02,89874
08:31:10,2020-11-03,89492
20:31:10,2020-11-03,88937
08:31:10,2020-11-04,88563
20:31:10,2020-11-04,88081
08:31:10,2020-11-05,87817
20:31:10,2020-11-05,87565
08:31:10,2020-11-06,87266
20:31:10,2020-11-06,87059
08:31:10,2020-11-07,86877
20:31:10,2020-11-07,86759
08:31:10,2020-11-08,86686
20:31:10,2020-11-08,86834
08:31:10,2020-11-09,86814
20:31:29,2020-11-09,86443
08:31:09,2020-11-10,86481
20:31:10,2020-11-10,86265
08:31:10,2020-11-11,85962
20:31:10,2020-11-11,85268
08:31:11,2020-11-12,84649
20:31:10,2020-11-12,84126
08:31:10,2020-11-13,83762
20:31:09,2020-11-13,83253
08:31:10,2020-11-14,82319
20:31:09,2020-11-14,81381
08:31:10,2020-11-15,80767
20:31:10,2020-11-15,80291
08:31:10,2020-11-16,79609
20:31:10,2020-11-16,79172
08:31:10,2020-11-17,78611
20:31:10,2020-11-17,78375
08:31:10,2020-11-18,77937
20:31:10,2020-11-18,78272
08:31:10,2020-11-19,77973
20:31:10,2020-11-19,77834
08:31:09,2020-11-20,77559
20:31:10,2020-11-20,77327
08:31:10,2020-11-21,77141
20:31:09,2020-11-21,77098
08:31:10,2020-11-22,77118
20:31:10,2020-11-22,76903
08:31:10,2020-11-23,76814
20:31:10,2020-11-23,76604
08:31:10,2020-11-24,76198
20:31:10,2020-11-24,75702
08:31:09,2020-11-25,75702
20:31:10,2020-11-25,75838
08:31:11,2020-11-26,75821
20:31:10,2020-11-26,76006
08:31:10,2020-11-27,76126
20:31:10,2020-11-27,76034
08:31:10,2020-11-28,76201
20:31:10,2020-11-28,76267
08:31:10,2020-11-29,76010
20:31:10,2020-11-29,75887
08:31:10,2020-11-30,76117
20:31:10,2020-11-30,76586
08:31:09,2020-12-01,76702
20:31:10,2020-12-01,76923
08:31:10,2020-12-02,77110
20:31:10,2020-12-02,76560
08:31:10,2020-12-03,76563
20:31:10,2020-12-03,76415
08:31:10,2020-12-04,76282
20:31:09,2020-12-04,76179
08:31:10,2020-12-05,76303
20:31:10,2020-12-05,76444
08:31:09,2020-12-06,76624
20:31:10,2020-12-06,75939
08:31:10,2020-12-07,76005
20:31:10,2020-12-07,76091
08:31:10,2020-12-08,76188
20:31:10,2020-12-08,76829
08:31:10,2020-12-09,76871
20:31:10,2020-12-09,76820
08:31:10,2020-12-10,76838
20:31:48,2020-12-10,76597
08:31:10,2020-12-11,76212
20:31:10,2020-12-11,76292
08:31:10,2020-12-12,76160
20:31:10,2020-12-12,76147
08:31:10,2020-12-13,76204
20:31:10,2020-12-13,76168
08:31:10,2020-12-14,75709
20:31:10,2020-12-14,75091
08:31:10,2020-12-15,74874
20:31:09,2020-12-15,74851
08:31:10,2020-12-16,74852
20:31:10,2020-12-16,74104
08:31:10,2020-12-17,72883
20:31:10,2020-12-17,71848
08:31:10,2020-12-18,70548
20:31:10,2020-12-18,70933
08:31:10,2020-12-19,72216
20:31:10,2020-12-19,72705
08:31:10,2020-12-20,73208
20:31:10,2020-12-20,73555
08:31:09,2020-12-21,74033
20:31:10,2020-12-21,74306
08:31:10,2020-12-22,74628
20:31:10,2020-12-22,74834
08:31:10,2020-12-23,75063
20:31:10,2020-12-23,75163
08:31:10,2020-12-24,75424
20:31:10,2020-12-24,75508
08:31:10,2020-12-25,75751
20:31:10,2020-12-25,75939
08:31:10,2020-12-26,76396
20:31:10,2020-12-26,76444
08:31:10,2020-12-27,76640
20:31:10,2020-12-27,76599
08:31:10,2020-12-28,76818
20:31:10,2020-12-28,76915
08:31:10,2020-12-29,76973
20:31:10,2020-12-29,76719
08:31:10,2020-12-30,76324
20:31:10,2020-12-30,76979
08:31:10,2020-12-31,78955
20:31:10,2020-12-31,81344
08:31:10,2021-01-01,83345
20:31:09,2021-01-01,85146
08:31:10,2021-01-02,85909
20:31:10,2021-01-02,86132
08:31:10,2021-01-03,86601
20:31:10,2021-01-03,87119
08:31:09,2021-01-04,87295
20:31:10,2021-01-04,87675
08:31:10,2021-01-05,87645
20:31:10,2021-01-05,87675
08:31:10,2021-01-06,87855
20:31:10,2021-01-06,88068
08:31:10,2021-01-07,88145
20:31:10,2021-01-07,88230
08:31:10,2021-01-08,88253
20:31:10,2021-01-08,88061
08:31:10,2021-01-09,87989
20:31:10,2021-01-09,88124
08:31:10,2021-01-10,88216
20:31:10,2021-01-10,88328
08:31:10,2021-01-11,88386
20:31:10,2021-01-11,88389
08:31:10,2021-01-12,88291
20:31:10,2021-01-12,88217
08:31:10,2021-01-13,88056
20:31:10,2021-01-13,87809
08:31:10,2021-01-14,87291
20:31:10,2021-01-14,86213
08:31:10,2021-01-15,85384
20:31:10,2021-01-15,83667
08:31:10,2021-01-16,82215
20:31:10,2021-01-16,81586
08:31:10,2021-01-17,80664
20:31:10,2021-01-17,79836
08:31:10,2021-01-18,78910
20:31:10,2021-01-18,78306
08:31:10,2021-01-19,77638
20:31:10,2021-01-19,77054
08:31:09,2021-01-20,76303
20:31:10,2021-01-20,75540
08:31:10,2021-01-21,74664
20:31:10,2021-01-21,74013
08:31:09,2021-01-22,73576
20:31:10,2021-01-22,73681
08:31:10,2021-01-23,73360
20:31:09,2021-01-23,73270
08:31:10,2021-01-24,72851
20:31:10,2021-01-24,72674
08:31:10,2021-01-25,72271
20:31:10,2021-01-25,72120
08:31:10,2021-01-26,71914
20:31:10,2021-01-26,71634
08:31:10,2021-01-27,71533
20:31:10,2021-01-27,71955
08:31:10,2021-01-28,71905
20:31:10,2021-01-28,72109
08:31:10,2021-01-29,72049
20:31:10,2021-01-29,72028
08:31:10,2021-01-30,72116
20:31:10,2021-01-30,72389
08:31:10,2021-01-31,72850
20:31:10,2021-01-31,73423
08:31:10,2021-02-01,73627
20:31:10,2021-02-01,73760
08:31:10,2021-02-02,73754
20:31:10,2021-02-02,73954
08:31:10,2021-02-03,74071
20:31:10,2021-02-03,74275
08:31:10,2021-02-04,74334
20:31:10,2021-02-04,74696
08:31:10,2021-02-05,74491
20:31:10,2021-02-05,74212
08:31:10,2021-02-06,74176
20:31:10,2021-02-06,74131
08:31:10,2021-02-07,74094
20:31:10,2021-02-07,73876
08:31:10,2021-02-08,73627
20:31:10,2021-02-08,73501
08:31:10,2021-02-09,73276
20:31:10,2021-02-09,73054
08:31:10,2021-02-10,73263
20:31:10,2021-02-10,73038
08:31:10,2021-02-11,73611
20:31:10,2021-02-11,74649
08:31:10,2021-02-12,75248
20:31:10,2021-02-12,76059
08:31:10,2021-02-13,76708
20:31:10,2021-02-13,77140
08:31:10,2021-02-14,76936
20:31:10,2021-02-14,76480
08:31:10,2021-02-15,76624
20:31:10,2021-02-15,76618
08:31:10,2021-02-16,76704
20:31:10,2021-02-16,76786
08:31:10,2021-02-17,76845
20:31:10,2021-02-17,76912
08:31:10,2021-02-18,77151
20:31:10,2021-02-18,77376
08:31:11,2021-02-19,77520
20:31:10,2021-02-19,77698
08:31:10,2021-02-20,78042
20:31:10,2021-02-20,78185
08:31:10,2021-02-21,78236
20:31:10,2021-02-21,79008
08:31:10,2021-02-22,78198
20:31:10,2021-02-22,78367
08:31:10,2021-02-23,78362
20:31:10,2021-02-23,78798
08:31:10,2021-02-24,78825
20:31:10,2021-02-24,78990
08:31:10,2021-02-25,78750
20:31:10,2021-02-25,77742
20:31:10,2021-02-26,76594
08:31:30,2021-02-27,76201
20:31:10,2021-02-27,76111
08:31:10,2021-02-28,76330
20:31:10,2021-02-28,76664
08:31:10,2021-03-01,76406
20:31:10,2021-03-01,76560
08:31:10,2021-03-02,76496
20:31:10,2021-03-02,75360
08:31:10,2021-03-03,73956
20:31:10,2021-03-03,72758
08:31:10,2021-03-04,71166
20:31:10,2021-03-04,69792
08:31:10,2021-03-05,68207
20:31:10,2021-03-05,66845
08:31:10,2021-03-06,66539
20:31:10,2021-03-06,67238
08:31:10,2021-03-07,67560
20:31:10,2021-03-07,67836
08:31:10,2021-03-08,67953
20:31:10,2021-03-08,67796
08:31:10,2021-03-09,67713
20:31:10,2021-03-09,67802
08:31:10,2021-03-10,67935
20:31:10,2021-03-10,67919
08:31:10,2021-03-11,67956
20:31:10,2021-03-11,68136
08:31:10,2021-03-12,67860
20:31:10,2021-03-12,67847
08:31:10,2021-03-13,67928
20:31:10,2021-03-13,67991
08:31:10,2021-03-14,67347
20:31:10,2021-03-14,66640
08:31:10,2021-03-15,66112
20:31:10,2021-03-15,65040
08:31:09,2021-03-16,63579
20:31:10,2021-03-16,64007
08:31:10,2021-03-17,65535
20:31:10,2021-03-17,66676
08:31:10,2021-03-18,68178
20:31:10,2021-03-18,69406
08:31:10,2021-03-19,70747
20:31:10,2021-03-19,71835
08:31:09,2021-03-20,72908
20:31:10,2021-03-20,73098
08:31:10,2021-03-21,73349
20:31:10,2021-03-21,73437
08:31:10,2021-03-22,73587
20:31:10,2021-03-22,73649
08:31:10,2021-03-23,73769
20:31:10,2021-03-23,73869
08:31:10,2021-03-24,74042
20:31:10,2021-03-24,74444
08:31:10,2021-03-25,74696
20:31:10,2021-03-25,74824
08:31:10,2021-03-26,74955
20:31:10,2021-03-26,75179
08:31:10,2021-03-27,75259
20:31:10,2021-03-27,75312
08:31:10,2021-03-28,75355
20:31:10,2021-03-28,75513
08:31:10,2021-03-29,75829
20:31:10,2021-03-29,76246
08:31:11,2021-03-30,76556
20:31:10,2021-03-30,73576
08:31:10,2021-03-31,72076
20:31:10,2021-03-31,78985
08:31:10,2021-04-01,79745
20:31:10,2021-04-01,79666
08:31:10,2021-04-02,79456
20:31:10,2021-04-02,81102
08:31:10,2021-04-03,82155
20:31:10,2021-04-03,82828
08:31:11,2021-04-04,82238
20:31:10,2021-04-04,82165
08:31:10,2021-04-05,81950
20:31:10,2021-04-05,81805
08:31:10,2021-04-06,81140
20:31:10,2021-04-06,81167
08:31:10,2021-04-07,80800
20:31:10,2021-04-07,79668
08:31:10,2021-04-08,78912
20:31:10,2021-04-08,78912
08:31:10,2021-04-09,75913
20:31:10,2021-04-09,74920
08:31:10,2021-04-10,73537
20:31:10,2021-04-10,72480
08:31:10,2021-04-11,70989
20:31:10,2021-04-11,69775
08:31:10,2021-04-12,68229
20:31:10,2021-04-12,69243
08:31:10,2021-04-13,70920
20:31:10,2021-04-13,72603
08:31:10,2021-04-14,72195
20:31:10,2021-04-14,70125
08:31:10,2021-04-15,69563
20:31:10,2021-04-15,69698
08:31:10,2021-04-16,69348
20:31:10,2021-04-16,67467
08:31:10,2021-04-17,65735
20:31:10,2021-04-17,63334
08:31:10,2021-04-18,65108
20:31:10,2021-04-18,65813
08:31:10,2021-04-19,66451
20:31:10,2021-04-19,67121
08:31:10,2021-04-20,67923
08:31:10,2021-04-21,67437
20:31:10,2021-04-21,68719
08:31:10,2021-04-22,70212
20:31:10,2021-04-22,71740
08:31:10,2021-04-23,73212
20:31:10,2021-04-23,74392
08:31:10,2021-04-24,75843
20:31:10,2021-04-24,77101
08:31:10,2021-04-25,78569
20:31:10,2021-04-25,79804
08:31:10,2021-04-26,81163
20:31:10,2021-04-26,81567
08:31:10,2021-04-27,81288
20:31:10,2021-04-27,81155
08:31:10,2021-04-28,80944
20:31:10,2021-04-28,81419
08:31:10,2021-04-29,80833
20:31:10,2021-04-29,80683
08:31:10,2021-04-30,81596
20:31:10,2021-04-30,82206
08:31:10,2021-05-01,83155
20:31:10,2021-05-01,84248
08:31:09,2021-05-02,84281
20:31:10,2021-05-02,84407
08:31:10,2021-05-03,83298
20:31:13,2021-05-03,82830
08:31:10,2021-05-04,82377
20:31:10,2021-05-04,82608
08:31:10,2021-05-05,83450
20:31:10,2021-05-05,82523
08:31:10,2021-05-06,82228
20:31:10,2021-05-06,81433
08:31:10,2021-05-07,81234
20:31:10,2021-05-07,81085
08:31:10,2021-05-08,81032
20:31:10,2021-05-08,81017
08:31:09,2021-05-09,80879
20:31:10,2021-05-09,80506
08:31:10,2021-05-10,80336
20:31:10,2021-05-10,80046
08:31:10,2021-05-11,79766
20:31:10,2021-05-11,79456
08:31:10,2021-05-12,79224
20:31:10,2021-05-12,79190
08:31:10,2021-05-13,78892
20:31:10,2021-05-13,78589
08:31:10,2021-05-14,78155
20:31:10,2021-05-14,77688
08:31:10,2021-05-15,77129
20:31:10,2021-05-15,76767
08:31:10,2021-05-16,76427
20:31:10,2021-05-16,76039
08:31:10,2021-05-17,75749
20:31:10,2021-05-17,75368
08:31:10,2021-05-18,74930
20:31:10,2021-05-18,75141
08:31:09,2021-05-19,75210
20:31:10,2021-05-19,74770
08:31:10,2021-05-20,74744
20:31:10,2021-05-20,75151
08:31:10,2021-05-21,75450
20:31:10,2021-05-21,75623
08:31:10,2021-05-22,76255
20:31:10,2021-05-22,76540
08:31:09,2021-05-23,76625
20:31:09,2021-05-23,76636
08:31:10,2021-05-24,76696
20:31:10,2021-05-24,76996
08:31:09,2021-05-25,77024
20:31:10,2021-05-25,77199
08:31:10,2021-05-26,77262
20:31:10,2021-05-26,77435
08:31:10,2021-05-27,77848
20:31:10,2021-05-27,77920
08:31:10,2021-05-28,77990
20:31:10,2021-05-28,77996
08:31:10,2021-05-29,78060
20:31:10,2021-05-29,77970
08:31:10,2021-05-30,78029
20:31:10,2021-05-30,78107
08:31:10,2021-05-31,78070
20:31:10,2021-05-31,77952
08:31:10,2021-06-01,78123
20:31:10,2021-06-01,78106
08:31:09,2021-06-02,77972
20:31:10,2021-06-02,77924
08:31:10,2021-06-03,77867
20:31:10,2021-06-03,77848
08:31:10,2021-06-04,77577
20:31:10,2021-06-04,77233
08:31:10,2021-06-05,76622
20:31:10,2021-06-05,76280
08:31:09,2021-06-06,76249
20:31:09,2021-06-06,76327
08:31:10,2021-06-07,76107
20:31:10,2021-06-07,75715
08:31:10,2021-06-08,75552
20:31:10,2021-06-08,75280
08:31:10,2021-06-09,75024
20:31:10,2021-06-09,74701
08:31:10,2021-06-10,74146
20:31:10,2021-06-10,73959
08:31:10,2021-06-11,73735
20:31:10,2021-06-11,73506
08:31:10,2021-06-12,73284
20:31:09,2021-06-12,73289
08:31:10,2021-06-13,73126
20:31:10,2021-06-13,72880
08:31:30,2021-06-14,72633
20:31:10,2021-06-14,72499
08:31:09,2021-06-15,72149
20:31:10,2021-06-15,72025
08:31:10,2021-06-16,71905
20:31:10,2021-06-16,71705
08:31:10,2021-06-17,71505
20:31:10,2021-06-17,71143
08:31:10,2021-06-18,70807
20:31:10,2021-06-18,72957
08:31:10,2021-06-19,74408
20:31:10,2021-06-19,75034
08:31:10,2021-06-20,75458
20:31:33,2021-06-20,75708
08:31:09,2021-06-21,76048
20:31:10,2021-06-21,76321
08:31:09,2021-06-22,76658
20:31:10,2021-06-22,76773
08:31:09,2021-06-23,76628
20:31:10,2021-06-23,76502
08:31:10,2021-06-24,76398
20:31:10,2021-06-24,76434
08:31:10,2021-06-25,76300
20:31:10,2021-06-25,76338
08:31:10,2021-06-26,76167
20:31:10,2021-06-26,76234
08:31:10,2021-06-27,76190
20:31:10,2021-06-27,76358
08:31:10,2021-06-28,76185
20:31:10,2021-06-28,76135
08:31:10,2021-06-29,76019
20:31:10,2021-06-29,75978
08:31:11,2021-06-30,76009
20:31:10,2021-06-30,76099
08:31:10,2021-07-01,75991
20:31:10,2021-07-01,76084
08:31:10,2021-07-02,76177
20:31:09,2021-07-02,73826
08:31:10,2021-07-03,71988
20:31:10,2021-07-03,71301
08:31:10,2021-07-04,70605
20:31:10,2021-07-04,70161
08:31:10,2021-07-05,69572
20:31:10,2021-07-05,69132
08:31:10,2021-07-06,68560
20:31:10,2021-07-06,68311
08:31:10,2021-07-07,68065
20:31:10,2021-07-07,68020
08:31:12,2021-07-08,67889
20:31:10,2021-07-08,67719
08:31:10,2021-07-09,67573
20:31:10,2021-07-09,67469
08:31:10,2021-07-10,67626
20:31:10,2021-07-10,67619
08:31:09,2021-07-11,67507
20:31:10,2021-07-11,67420
08:31:10,2021-07-12,67411
20:31:10,2021-07-12,67455
08:31:10,2021-07-13,67442
20:31:10,2021-07-13,67509
08:31:10,2021-07-14,67352
20:31:09,2021-07-14,67071
08:31:10,2021-07-15,67005
20:31:10,2021-07-15,66975
08:31:10,2021-07-16,66893
20:31:10,2021-07-16,66874
08:31:10,2021-07-17,66858
20:31:10,2021-07-17,66881
08:31:10,2021-07-18,66974
20:31:09,2021-07-18,66797
08:31:10,2021-07-19,66905
20:31:10,2021-07-19,66793
08:31:09,2021-07-20,66876
20:31:10,2021-07-20,66735
08:31:10,2021-07-21,66872
20:31:10,2021-07-21,66787
08:31:10,2021-07-22,66827
20:31:10,2021-07-22,66770
08:31:10,2021-07-23,66772
20:31:10,2021-07-23,66917
08:31:10,2021-07-24,66790
20:31:10,2021-07-24,66866
08:31:09,2021-07-25,66911
20:31:09,2021-07-25,66960
08:31:10,2021-07-26,66952
20:31:09,2021-07-26,66901
08:31:10,2021-07-27,66810
20:31:10,2021-07-27,66712
08:31:10,2021-07-28,66465
20:31:10,2021-07-28,66202
08:31:09,2021-07-29,66096
20:31:10,2021-07-29,65905
08:31:10,2021-07-30,65623
20:31:10,2021-07-30,65575
08:31:09,2021-07-31,65672
20:31:10,2021-07-31,65931
08:31:10,2021-08-01,66030
20:31:10,2021-08-01,66509
08:31:10,2021-08-02,66771
20:31:10,2021-08-02,66895
08:31:10,2021-08-03,66903
20:31:10,2021-08-03,67044
08:31:10,2021-08-04,66940
20:31:10,2021-08-04,66982
08:31:10,2021-08-05,67033
20:31:09,2021-08-05,67090
08:31:09,2021-08-06,67221
20:31:10,2021-08-06,67188
08:31:09,2021-08-07,67369
20:31:10,2021-08-07,67520
08:31:09,2021-08-08,67661
20:31:09,2021-08-08,67840
08:31:10,2021-08-09,68087
20:31:13,2021-08-09,68222
08:31:10,2021-08-10,68403
20:31:09,2021-08-10,68549
08:31:09,2021-08-11,68716
20:31:10,2021-08-11,68885
08:31:10,2021-08-12,69084
20:31:10,2021-08-12,69098
08:31:09,2021-08-13,69243
20:31:10,2021-08-13,69122
08:31:10,2021-08-14,69059
20:31:09,2021-08-14,69040
08:31:10,2021-08-15,69044
20:31:10,2021-08-15,69035
08:31:10,2021-08-16,68958
20:31:09,2021-08-16,69093
08:31:09,2021-08-17,69217
20:31:10,2021-08-17,69997
08:31:10,2021-08-18,73667
20:31:10,2021-08-18,76121
08:31:10,2021-08-19,77927
20:31:10,2021-08-19,78979
08:31:10,2021-08-20,80093
20:31:10,2021-08-20,80095
08:31:10,2021-08-21,81136
20:31:10,2021-08-21,82073
08:31:10,2021-08-22,83014
20:31:10,2021-08-22,83755
08:31:09,2021-08-23,84511
20:31:09,2021-08-23,84878
08:31:09,2021-08-24,85288
20:31:10,2021-08-24,85560
08:31:10,2021-08-25,86007
20:31:10,2021-08-25,86292
08:31:10,2021-08-26,86571
20:31:10,2021-08-26,86725
08:31:10,2021-08-27,86837
20:31:10,2021-08-27,87110
08:31:10,2021-08-28,87365
20:31:10,2021-08-28,87692
08:31:09,2021-08-29,88111
20:31:09,2021-08-29,88495
08:31:10,2021-08-30,88861
20:31:10,2021-08-30,89050
08:31:10,2021-08-31,89216
20:31:10,2021-08-31,89571
08:31:09,2021-09-01,87597
20:31:10,2021-09-01,86245
08:31:10,2021-09-02,85026
20:31:10,2021-09-02,84367
08:31:10,2021-09-03,83217
20:31:10,2021-09-03,83299
08:31:10,2021-09-04,82609
20:31:10,2021-09-04,82210
08:31:10,2021-09-05,81619
20:31:10,2021-09-05,81111
08:31:10,2021-09-06,80547
20:31:10,2021-09-06,80343
08:31:10,2021-09-07,79895
20:31:10,2021-09-07,80083
08:34:30,2021-09-08,80052
20:31:10,2021-09-08,80132
08:31:10,2021-09-09,79897
20:31:10,2021-09-09,79903
08:31:10,2021-09-10,79564
20:31:10,2021-09-10,79447
08:31:10,2021-09-11,79296
20:31:10,2021-09-11,79235
08:31:10,2021-09-12,79028
20:31:09,2021-09-12,78852
08:31:10,2021-09-13,78491
20:31:10,2021-09-13,78187
08:31:10,2021-09-14,77811
20:31:10,2021-09-14,77113
08:31:09,2021-09-15,76654
20:31:10,2021-09-15,76428
08:31:10,2021-09-16,76143
20:31:10,2021-09-16,75963
08:31:10,2021-09-17,75642
20:31:10,2021-09-17,75516
08:31:10,2021-09-18,75498
20:31:10,2021-09-18,75546
08:31:09,2021-09-19,75402
20:31:09,2021-09-19,75329
08:31:10,2021-09-20,75122
20:31:09,2021-09-20,74876
08:31:10,2021-09-21,74666
20:31:10,2021-09-21,74087
08:31:11,2021-09-22,73059
20:31:10,2021-09-22,72560
08:31:09,2021-09-23,71935
20:31:10,2021-09-23,71457
08:31:34,2021-09-24,71031
20:31:09,2021-09-24,70718
08:31:10,2021-09-25,70381
20:31:10,2021-09-25,70052
08:31:10,2021-09-26,69652
20:31:09,2021-09-26,69337
08:31:10,2021-09-27,68945
20:31:10,2021-09-27,68687
08:31:10,2021-09-28,68415
20:31:10,2021-09-28,68416
08:31:10,2021-09-29,68427
20:31:10,2021-09-29,68320
08:31:10,2021-09-30,68289
20:31:10,2021-09-30,68222
08:31:10,2021-10-01,68003
20:31:10,2021-10-01,68019
08:31:10,2021-10-02,67754
20:31:10,2021-10-02,67612
08:31:10,2021-10-03,67372
20:31:10,2021-10-03,67195
08:31:09,2021-10-04,66970
20:31:09,2021-10-04,66952
08:31:10,2021-10-05,66627
20:31:10,2021-10-05,66493
08:31:10,2021-10-06,66048
20:31:10,2021-10-06,65992
08:31:10,2021-10-07,65675
20:31:10,2021-10-07,65477
08:31:10,2021-10-08,65161
20:31:09,2021-10-08,64938
08:31:10,2021-10-09,64607
20:31:10,2021-10-09,64353
08:31:10,2021-10-10,64098
20:31:10,2021-10-10,63864
08:31:10,2021-10-11,63503
20:31:10,2021-10-11,63211
08:31:10,2021-10-12,62723
20:31:10,2021-10-12,62561
08:31:10,2021-10-13,62207
20:31:10,2021-10-13,62057
08:31:10,2021-10-14,61440
20:31:10,2021-10-14,61022
08:31:10,2021-10-15,60638
20:31:10,2021-10-15,60339
08:31:10,2021-10-16,60137
20:31:10,2021-10-16,60148
08:31:16,2021-10-17,60033
20:31:10,2021-10-17,59718
08:31:10,2021-10-18,59475
20:31:10,2021-10-18,59033
08:31:10,2021-10-19,58515
20:31:10,2021-10-19,58157
08:31:10,2021-10-20,57887
20:31:10,2021-10-20,57526
08:31:10,2021-10-21,57127
20:31:10,2021-10-21,56850
08:31:10,2021-10-22,56547
20:31:10,2021-10-22,56418
08:31:10,2021-10-23,56224
20:31:10,2021-10-23,56123
08:31:09,2021-10-24,55968
20:31:10,2021-10-24,55612
08:31:10,2021-10-25,55328
20:31:10,2021-10-25,54978
08:31:10,2021-10-26,54567
20:31:10,2021-10-26,55329
08:31:10,2021-10-27,55851
20:31:10,2021-10-27,56142
08:31:10,2021-10-28,56339
20:31:10,2021-10-28,56465
08:31:10,2021-10-29,56840
20:31:10,2021-10-29,57188
08:31:10,2021-10-30,57500
20:31:10,2021-10-30,57736
08:31:10,2021-10-31,58056
20:31:10,2021-10-31,58468
08:31:11,2021-11-01,58637
20:31:10,2021-11-01,58793
08:31:10,2021-11-02,58951
20:31:10,2021-11-02,59026
08:31:10,2021-11-03,59081
20:31:10,2021-11-03,59030
08:31:10,2021-11-04,59101
20:31:10,2021-11-04,59095
08:31:10,2021-11-05,59184
20:31:10,2021-11-05,59192
08:31:10,2021-11-06,59301
20:31:10,2021-11-06,59239
08:31:10,2021-11-07,59368
20:31:10,2021-11-07,59381
08:31:10,2021-11-08,59340
20:31:10,2021-11-08,59343
08:31:10,2021-11-09,59325
20:31:10,2021-11-09,58862
08:31:10,2021-11-10,58427
20:31:10,2021-11-10,58062
08:31:10,2021-11-11,57895
20:31:09,2021-11-11,57880
08:31:10,2021-11-12,57621
20:31:10,2021-11-12,57173
08:31:10,2021-11-13,56977
20:31:10,2021-11-13,56696
08:31:10,2021-11-14,56260
20:31:10,2021-11-14,55603
08:31:10,2021-11-15,55221
20:31:10,2021-11-15,54851
08:31:10,2021-11-16,54567
20:31:10,2021-11-16,54192
08:31:10,2021-11-17,53972
20:31:10,2021-11-17,53869
08:31:10,2021-11-18,53711
20:31:10,2021-11-18,53613
08:31:10,2021-11-19,53488
20:31:10,2021-11-19,53337
08:31:10,2021-11-20,53260
20:31:10,2021-11-20,53300
08:31:10,2021-11-21,53380
20:31:10,2021-11-21,53404
08:31:10,2021-11-22,53459
20:31:10,2021-11-22,53451
08:31:10,2021-11-23,53383
20:31:10,2021-11-23,53352
08:31:10,2021-11-24,53522
20:31:10,2021-11-24,53639
08:31:10,2021-11-25,53611
20:31:10,2021-11-25,53857
08:31:10,2021-11-26,53878
20:31:10,2021-11-26,53968
08:31:10,2021-11-27,54042
20:31:10,2021-11-27,54051
08:31:10,2021-11-28,54012
20:31:10,2021-11-28,53934
08:31:10,2021-11-29,53803
20:31:10,2021-11-29,53632
08:31:10,2021-11-30,53617
20:31:10,2021-11-30,53990
08:31:10,2021-12-01,54135
20:31:10,2021-12-01,54487
08:31:10,2021-12-02,54742
20:31:10,2021-12-02,54992
08:31:10,2021-12-03,55045
20:31:10,2021-12-03,55221
08:31:17,2021-12-04,55446
20:31:10,2021-12-04,55706
08:31:10,2021-12-05,55964
20:31:09,2021-12-05,56100
08:31:09,2021-12-06,56088
20:31:10,2021-12-06,56195
08:31:10,2021-12-07,56239
20:31:10,2021-12-07,56304
08:31:10,2021-12-08,56351
20:31:10,2021-12-08,56255
08:31:10,2021-12-09,56157
20:31:10,2021-12-09,56780
08:31:10,2021-12-10,57672
20:31:10,2021-12-10,58270
08:31:12,2021-12-11,58606
20:31:10,2021-12-11,54724
08:31:10,2021-12-12,54932
20:31:10,2021-12-12,55057
08:31:10,2021-12-13,55127
20:31:10,2021-12-13,55212
08:31:10,2021-12-14,55204
20:31:10,2021-12-14,54265
08:31:10,2021-12-15,55348
20:31:10,2021-12-15,55879
08:31:10,2021-12-16,56237
20:31:10,2021-12-16,56434
08:31:10,2021-12-17,56584
20:31:10,2021-12-17,56585
08:31:10,2021-12-18,56762
20:31:10,2021-12-18,56895
08:31:10,2021-12-19,57136
20:31:10,2021-12-19,57230
08:31:10,2021-12-20,57459
20:31:10,2021-12-20,57682
08:31:10,2021-12-21,57894
20:31:10,2021-12-21,58032
08:31:14,2021-12-22,58251
20:31:10,2021-12-22,58517
08:31:10,2021-12-23,58713
20:31:10,2021-12-23,58957
08:31:10,2021-12-24,59247
20:31:09,2021-12-24,60551
08:31:10,2021-12-25,62137
20:31:09,2021-12-25,63006
08:31:10,2021-12-26,63540
20:31:10,2021-12-26,63955
08:31:10,2021-12-27,64165
20:31:10,2021-12-27,64628
08:31:10,2021-12-28,64880
20:31:10,2021-12-28,65791
08:31:09,2021-12-29,65739
20:31:10,2021-12-29,65731
08:31:10,2021-12-30,65810
20:31:10,2021-12-30,65802
08:31:24,2021-12-31,65929
20:31:10,2021-12-31,66068
08:31:10,2022-01-01,66093
20:31:10,2022-01-01,66147
08:31:10,2022-01-02,66212
20:31:10,2022-01-02,66139
08:31:10,2022-01-03,66202
20:31:10,2022-01-03,66265
08:31:09,2022-01-04,66224
20:31:10,2022-01-04,66269
08:31:10,2022-01-05,66205
20:31:09,2022-01-05,66347
08:31:10,2022-01-06,66212
20:31:10,2022-01-06,66354
08:31:10,2022-01-07,66186
20:31:10,2022-01-07,65355
08:31:10,2022-01-08,64759
20:31:10,2022-01-08,64137
08:31:10,2022-01-09,63695
20:31:09,2022-01-09,63597
08:31:10,2022-01-10,63456
20:31:10,2022-01-10,63089
08:31:10,2022-01-11,62899
20:31:10,2022-01-11,62715
08:31:10,2022-01-12,62466
20:31:10,2022-01-12,62249
08:31:10,2022-01-13,61947
20:31:10,2022-01-13,61891
08:31:10,2022-01-14,61544
20:31:09,2022-01-14,61073
08:31:10,2022-01-15,60837
20:31:10,2022-01-15,60692
08:31:10,2022-01-16,60444
20:31:10,2022-01-16,60483
08:31:10,2022-01-17,60161
20:31:10,2022-01-17,59925
08:31:09,2022-01-18,59583
20:31:10,2022-01-18,58719
08:31:10,2022-01-19,57426
20:31:10,2022-01-19,57484
08:31:10,2022-01-20,57316
20:31:09,2022-01-20,56740
08:31:10,2022-01-21,56511
20:31:10,2022-01-21,56508
08:31:10,2022-01-22,56285
20:31:10,2022-01-22,56311
08:31:09,2022-01-23,56287
20:31:10,2022-01-23,56288
08:31:10,2022-01-24,56167
20:31:10,2022-01-24,56298
08:31:09,2022-01-25,56268
20:31:10,2022-01-25,56251
08:31:10,2022-01-26,56054
20:31:10,2022-01-26,56023
08:31:16,2022-01-27,55874
20:31:09,2022-01-27,55841
08:31:10,2022-01-28,55701
20:31:10,2022-01-28,55544
08:31:10,2022-01-29,55381
20:31:10,2022-01-29,55375
08:31:09,2022-01-30,55256
20:31:10,2022-01-30,55042
08:31:10,2022-01-31,54894
20:31:10,2022-01-31,54809
08:31:10,2022-02-01,54413
20:31:10,2022-02-01,55171
08:31:10,2022-02-02,56284
20:31:10,2022-02-02,56310
08:31:10,2022-02-03,56285
20:31:10,2022-02-03,56830
08:31:10,2022-02-04,56986
20:31:10,2022-02-04,57062
08:31:10,2022-02-05,57072
20:31:09,2022-02-05,57106
08:31:10,2022-02-06,57005
20:31:10,2022-02-06,57051
08:31:10,2022-02-07,56965
20:31:09,2022-02-07,57102
08:31:10,2022-02-08,56949
20:31:10,2022-02-08,56135
08:31:10,2022-02-09,56396
20:31:10,2022-02-09,56722
08:31:10,2022-02-10,56783
20:31:10,2022-02-10,56930
08:31:10,2022-02-11,56980
20:31:10,2022-02-11,57074
08:31:10,2022-02-12,57121
20:31:09,2022-02-12,57207
08:31:10,2022-02-13,57252
20:31:10,2022-02-13,57231
08:31:10,2022-02-14,56834
20:31:10,2022-02-14,56643
08:31:10,2022-02-15,56336
20:31:10,2022-02-15,56184
08:31:10,2022-02-16,56019
20:31:10,2022-02-16,55847
08:31:10,2022-02-17,55636
20:31:10,2022-02-17,55488
08:31:10,2022-02-18,55199
20:31:09,2022-02-18,54982
08:31:10,2022-02-19,54856
20:31:10,2022-02-19,54926
08:31:10,2022-02-20,54777
20:31:10,2022-02-20,54692
08:31:10,2022-02-21,54626
20:31:10,2022-02-21,54419
08:31:09,2022-02-22,54218
20:31:10,2022-02-22,54185
08:31:10,2022-02-23,53199
20:31:10,2022-02-23,53125
08:31:10,2022-02-24,53121
20:31:10,2022-02-24,53002
08:31:10,2022-02-25,52773
20:31:10,2022-02-25,52398
08:31:10,2022-02-26,52196
20:31:09,2022-02-26,52175
08:31:10,2022-02-27,52043
20:31:10,2022-02-27,51904
08:31:10,2022-02-28,51990
20:31:10,2022-02-28,51937
08:31:10,2022-03-01,51854
20:31:10,2022-03-01,51815
08:31:10,2022-03-02,51554
20:31:10,2022-03-02,51478
08:31:10,2022-03-03,51200
20:31:10,2022-03-03,51009
08:31:10,2022-03-04,50789
20:31:10,2022-03-04,50581
08:31:10,2022-03-05,50416
20:31:10,2022-03-05,50290
08:31:10,2022-03-06,50218
20:31:10,2022-03-06,50116
08:31:09,2022-03-07,49809
20:31:09,2022-03-07,49481
08:31:10,2022-03-08,48918
20:31:10,2022-03-08,49456
08:31:10,2022-03-09,50285
20:31:10,2022-03-09,50351
08:31:10,2022-03-10,50207
20:31:10,2022-03-10,50152
08:31:09,2022-03-11,50147
20:31:09,2022-03-11,50178
08:31:10,2022-03-12,50189
20:31:10,2022-03-12,50511
08:31:10,2022-03-13,50957
20:31:09,2022-03-13,51462
08:31:10,2022-03-14,51569
20:31:15,2022-03-14,51496
08:31:10,2022-03-15,52107
20:31:10,2022-03-15,51573
08:31:10,2022-03-16,50569
20:31:10,2022-03-16,50934
08:31:10,2022-03-17,51583
20:31:10,2022-03-17,51932
08:31:10,2022-03-18,52239
20:31:10,2022-03-18,52508
08:31:09,2022-03-19,52774
20:31:10,2022-03-19,53020
08:31:09,2022-03-20,53198
20:31:09,2022-03-20,53389
08:31:10,2022-03-21,53444
20:31:10,2022-03-21,53601
08:31:10,2022-03-22,53768
20:31:10,2022-03-22,53821
08:31:10,2022-03-23,53940
20:31:10,2022-03-23,53964
08:31:10,2022-03-24,54069
20:31:10,2022-03-24,54074
08:31:10,2022-03-25,54042
20:31:10,2022-03-25,54025
08:31:10,2022-03-26,54086
20:31:10,2022-03-26,54081
08:31:09,2022-03-27,53930
20:31:10,2022-03-27,53766
08:31:10,2022-03-28,53476
20:31:10,2022-03-28,54166
08:31:10,2022-03-29,52471
20:31:10,2022-03-29,53408
08:31:10,2022-03-30,55279
20:31:10,2022-03-30,56010
08:31:10,2022-03-31,56429
20:31:10,2022-03-31,57075
08:31:10,2022-04-01,57366
20:31:10,2022-04-01,57601
08:31:10,2022-04-02,57767
20:31:10,2022-04-02,58163
08:31:10,2022-04-03,58240
20:31:17,2022-04-03,58487
08:31:09,2022-04-04,58650
20:31:10,2022-04-04,58767
08:31:10,2022-04-05,58801
20:31:10,2022-04-05,58947
08:31:10,2022-04-06,59038
20:31:10,2022-04-06,59045
08:31:10,2022-04-07,59027
20:31:10,2022-04-07,59077
08:31:10,2022-04-08,59121
20:31:10,2022-04-08,59257
20:31:38,2022-04-08,59257
20:32:16,2022-04-08,59257
08:31:10,2022-04-09,59402
20:31:10,2022-04-09,59562
08:31:10,2022-04-10,59676
20:31:10,2022-04-10,59954
08:31:10,2022-04-11,60078
20:31:10,2022-04-11,60247
08:31:10,2022-04-12,60382
20:31:10,2022-04-12,60364
08:31:10,2022-04-13,60019
20:31:10,2022-04-13,60203
08:31:10,2022-04-14,60289
20:31:10,2022-04-14,60364
08:31:10,2022-04-15,60698
20:31:10,2022-04-15,61121
08:31:10,2022-04-16,61370
20:31:12,2022-04-16,61342
08:31:10,2022-04-17,61502
20:31:10,2022-04-17,61608
08:31:10,2022-04-18,61816
20:31:10,2022-04-18,62015
08:31:10,2022-04-19,62096
20:31:10,2022-04-19,62126
08:31:10,2022-04-20,62215
20:31:10,2022-04-20,62307
08:31:10,2022-04-21,62265
20:31:10,2022-04-21,62344
08:31:10,2022-04-22,62408
20:31:10,2022-04-22,62427
08:31:10,2022-04-23,62500
20:31:10,2022-04-23,62759
08:31:10,2022-04-24,63048
20:31:10,2022-04-24,63142
08:31:10,2022-04-25,63279
20:31:10,2022-04-25,63360
08:31:10,2022-04-26,63338
20:31:10,2022-04-26,62573
08:31:10,2022-04-27,61419
20:31:10,2022-04-27,61158
08:31:10,2022-04-28,60843
20:31:10,2022-04-28,60297
08:31:10,2022-04-29,59670
20:31:10,2022-04-29,59083
08:31:10,2022-04-30,58877
20:31:10,2022-04-30,59002
08:31:10,2022-05-01,58767
20:31:10,2022-05-01,58595
08:31:10,2022-05-02,58351
20:31:09,2022-05-02,58099
08:31:10,2022-05-03,57958
20:31:10,2022-05-03,57824
08:31:10,2022-05-04,57670
20:31:10,2022-05-04,57582
08:31:09,2022-05-05,57361
20:31:10,2022-05-05,57099
08:31:10,2022-05-06,56729
20:31:10,2022-05-06,56551
08:31:10,2022-05-07,56259
20:31:10,2022-05-07,56081
08:31:10,2022-05-08,55728
20:31:10,2022-05-08,55394
08:31:10,2022-05-09,54839
20:31:10,2022-05-09,54311
08:31:10,2022-05-10,53708
20:31:10,2022-05-10,54338
08:31:10,2022-05-11,55360
20:31:10,2022-05-11,55474
08:31:10,2022-05-12,55490
20:31:10,2022-05-12,55594
08:31:10,2022-05-13,55605
20:31:10,2022-05-13,55693
08:31:10,2022-05-14,55666
20:31:10,2022-05-14,55461
08:31:10,2022-05-15,55556
20:31:10,2022-05-15,55571
08:31:10,2022-05-16,55419
20:31:10,2022-05-16,55381
08:31:10,2022-05-17,55384
20:31:11,2022-05-17,54693
08:31:10,2022-05-18,54721
20:31:11,2022-05-18,54741
08:31:10,2022-05-19,54579
20:31:11,2022-05-19,54453
08:31:10,2022-05-20,54452
20:31:10,2022-05-20,54588
08:31:10,2022-05-21,54786
20:31:10,2022-05-21,55175
08:31:10,2022-05-22,55326
20:31:10,2022-05-22,55456
08:31:10,2022-05-23,55528
20:31:10,2022-05-23,55714
08:31:10,2022-05-24,55862
20:31:10,2022-05-24,55867
08:31:10,2022-05-25,55764
20:31:10,2022-05-25,55729
08:31:10,2022-05-26,55664
20:31:10,2022-05-26,55685
08:31:10,2022-05-27,55723
20:31:10,2022-05-27,55733
08:31:10,2022-05-28,55529
20:31:10,2022-05-28,55630
08:31:10,2022-05-29,55438
20:31:10,2022-05-29,55307
08:31:10,2022-05-30,55232
20:31:10,2022-05-30,55210
08:31:10,2022-05-31,55092
20:31:10,2022-05-31,55854
08:31:10,2022-06-01,55894
20:31:10,2022-06-01,55828
08:31:10,2022-06-02,56014
20:31:11,2022-06-02,56136
08:31:10,2022-06-03,56163
20:31:10,2022-06-03,55931
08:31:10,2022-06-04,55601
20:31:10,2022-06-04,55264
08:31:10,2022-06-05,55017
20:31:10,2022-06-05,54719
08:31:10,2022-06-06,54435
20:31:10,2022-06-06,54272
08:31:10,2022-06-07,53945
20:31:10,2022-06-07,54113
08:31:10,2022-06-08,54462
20:31:10,2022-06-08,54462
08:31:10,2022-06-09,54462
20:31:10,2022-06-09,54462
08:31:10,2022-06-10,54462
20:31:10,2022-06-10,54462
08:31:10,2022-06-11,54462
20:31:10,2022-06-11,54462
08:31:10,2022-06-12,54462
20:31:10,2022-06-12,54462
08:31:10,2022-06-13,54462
20:31:10,2022-06-13,54462
08:31:10,2022-06-14,54462
20:31:10,2022-06-14,54462
08:31:10,2022-06-15,54462
20:31:10,2022-06-15,54462
08:31:10,2022-06-16,54462
20:31:10,2022-06-16,54462
08:31:10,2022-06-17,54462
20:31:10,2022-06-17,54462
08:31:10,2022-06-18,54462
20:31:10,2022-06-18,54462
08:31:10,2022-06-19,54462
20:31:10,2022-06-19,54462
08:31:10,2022-06-20,54462
20:31:10,2022-06-20,54462
08:31:10,2022-06-21,54462
20:31:10,2022-06-21,54462
08:31:10,2022-06-22,54462
20:31:10,2022-06-22,54462
08:31:10,2022-06-23,54462
20:31:10,2022-06-23,54462
08:31:10,2022-06-24,54462
20:31:10,2022-06-24,54462
08:31:10,2022-06-25,54462
20:31:10,2022-06-25,54462
08:31:10,2022-06-26,54462
20:31:09,2022-06-26,54462
08:31:10,2022-06-27,54462
20:31:09,2022-06-27,54462
08:31:10,2022-06-28,54462
20:31:10,2022-06-28,54462
08:31:10,2022-06-29,54462
20:31:10,2022-06-29,54462
08:31:10,2022-06-30,54462
20:31:10,2022-06-30,54462
08:31:09,2022-07-01,54462
20:31:10,2022-07-01,54462
08:31:10,2022-07-02,54462
20:31:10,2022-07-02,54462
08:31:10,2022-07-03,54462
20:31:10,2022-07-03,54462
08:31:10,2022-07-04,54462
20:31:10,2022-07-04,54462
08:31:10,2022-07-05,54462
20:31:10,2022-07-05,54462
08:31:10,2022-07-06,54462
20:31:13,2022-07-06,54462
08:31:11,2022-07-07,54462
20:31:10,2022-07-07,49039
08:31:10,2022-07-08,48980
20:31:10,2022-07-08,49026
08:31:10,2022-07-09,49066
20:31:10,2022-07-09,49138
08:31:10,2022-07-10,49116
20:31:10,2022-07-10,49080
08:31:10,2022-07-11,49055
20:31:10,2022-07-11,48998
08:31:10,2022-07-12,48954
20:31:10,2022-07-12,48900
08:31:10,2022-07-13,48883
20:31:10,2022-07-13,49529
08:31:10,2022-07-14,50111
20:31:10,2022-07-14,50468
08:31:10,2022-07-15,50666
20:31:10,2022-07-15,51039
08:31:10,2022-07-16,51191
20:31:10,2022-07-16,51440
08:31:10,2022-07-17,51678
20:31:10,2022-07-17,51897
08:31:10,2022-07-18,52081
20:31:10,2022-07-18,52101
08:31:10,2022-07-19,52173
20:31:10,2022-07-19,52549
08:31:10,2022-07-20,52948
20:31:10,2022-07-20,53087
08:31:10,2022-07-21,53353
20:31:10,2022-07-21,53366
08:31:10,2022-07-22,53425
20:31:10,2022-07-22,53396
08:31:10,2022-07-23,53462
20:31:10,2022-07-23,53609
08:31:10,2022-07-24,53811
20:31:10,2022-07-24,54066
08:31:10,2022-07-25,54017
20:31:12,2022-07-25,54118
08:31:10,2022-07-26,54221
20:31:10,2022-07-26,54334
08:31:10,2022-07-27,54437
20:31:11,2022-07-27,53979
08:31:10,2022-07-28,53255
20:31:10,2022-07-28,52653
08:31:10,2022-07-29,52284
20:31:10,2022-07-29,51831
08:31:10,2022-07-30,51545
20:31:10,2022-07-30,51550
08:31:10,2022-07-31,51526
20:31:10,2022-07-31,51640
08:31:10,2022-08-01,51697
20:31:10,2022-08-01,51868
08:31:10,2022-08-02,52004
20:31:10,2022-08-02,51269
08:31:11,2022-08-03,52782
20:31:10,2022-08-07,57487
08:31:10,2022-08-08,57853
20:31:09,2022-08-08,58089
08:31:10,2022-08-09,58584
20:31:10,2022-08-09,59098
08:31:10,2022-08-10,59276
20:31:10,2022-08-10,59406
08:31:10,2022-08-11,59598
20:31:10,2022-08-11,59715
08:31:10,2022-08-12,59827
20:31:10,2022-08-12,59883
08:31:10,2022-08-13,60028
20:31:10,2022-08-13,60045
08:31:10,2022-08-14,60096
20:31:10,2022-08-14,60069
08:31:10,2022-08-15,60167
20:31:10,2022-08-15,60152
08:31:10,2022-08-16,60019
20:31:10,2022-08-16,60502
08:31:10,2022-08-17,59830
20:31:12,2022-08-17,59217
08:31:10,2022-08-18,58359
20:31:10,2022-08-18,58030
08:31:10,2022-08-19,57480
20:31:10,2022-08-19,57240
08:31:10,2022-08-20,56810
20:31:11,2022-08-20,56541
08:31:10,2022-08-21,56235
20:31:10,2022-08-21,55960
08:31:10,2022-08-22,55630
20:31:11,2022-08-22,55299
08:31:10,2022-08-23,54826
20:31:12,2022-08-23,54334
08:31:10,2022-08-24,54063
20:31:10,2022-08-24,53777
08:31:10,2022-08-25,53481
20:31:10,2022-08-25,53367
08:31:10,2022-08-26,53151
20:31:10,2022-08-26,53053
08:31:11,2022-08-27,52881
20:31:10,2022-08-27,52887
08:31:10,2022-08-28,52743
20:31:10,2022-08-28,52595
08:31:10,2022-08-29,52316
20:31:10,2022-08-29,52048
08:31:10,2022-08-30,51826
20:31:11,2022-08-30,51964
08:31:10,2022-08-31,51897
20:31:10,2022-08-31,51935
08:31:10,2022-09-01,51761
20:31:10,2022-09-01,51839
08:31:11,2022-09-02,51898
20:31:10,2022-09-02,51950
08:31:10,2022-09-03,51962
20:31:10,2022-09-03,52077
08:31:11,2022-09-04,52146
20:31:10,2022-09-04,52169
08:31:10,2022-09-05,52153
20:31:10,2022-09-05,52183
08:31:10,2022-09-06,52352
20:31:11,2022-09-06,52631
08:31:10,2022-09-07,52883
20:31:10,2022-09-07,53121
08:31:10,2022-09-08,53295
20:31:10,2022-09-08,53337
08:31:10,2022-09-09,53339
20:31:10,2022-09-09,53422
08:31:10,2022-09-10,53598
20:31:10,2022-09-10,53932
08:31:10,2022-09-11,54181
20:31:10,2022-09-11,54438
08:31:10,2022-09-12,54676
20:31:10,2022-09-12,54751
08:31:10,2022-09-13,54789
20:31:10,2022-09-13,54756
08:31:10,2022-09-14,54534
20:31:10,2022-09-14,54237
08:31:10,2022-09-15,54057
20:31:11,2022-09-15,53935
08:31:10,2022-09-16,53788
20:31:10,2022-09-16,53725
08:31:10,2022-09-17,53704
20:31:10,2022-09-17,53780
08:31:10,2022-09-18,53773
20:31:10,2022-09-18,53727
08:31:10,2022-09-19,53576
20:31:10,2022-09-19,53403
08:31:10,2022-09-20,53294
20:31:10,2022-09-20,52953
08:31:10,2022-09-21,52737
20:31:10,2022-09-21,52581
08:31:10,2022-09-22,52517
20:31:10,2022-09-22,52633
08:31:10,2022-09-23,52542
20:31:10,2022-09-23,52598
08:31:11,2022-09-24,52491
20:31:11,2022-09-24,52506
08:31:10,2022-09-25,52458
20:31:10,2022-09-25,52958
08:31:10,2022-09-26,53236
20:31:10,2022-09-26,53643
08:31:10,2022-09-27,53897
20:31:10,2022-09-27,54109
08:31:10,2022-09-28,54334
20:31:10,2022-09-28,54580
08:31:10,2022-09-29,54784
20:31:10,2022-09-29,55060
08:31:10,2022-09-30,55352
20:31:10,2022-09-30,55888
08:31:10,2022-10-01,56476
20:31:10,2022-10-01,57073
08:31:10,2022-10-02,57656
20:31:10,2022-10-02,58438
08:31:10,2022-10-03,58944
20:31:10,2022-10-03,59515
08:31:10,2022-10-04,59853
20:31:10,2022-10-04,60055
08:31:10,2022-10-05,60514
20:31:10,2022-10-05,60108
08:31:10,2022-10-06,59077
20:31:10,2022-10-06,59793
08:31:10,2022-10-07,60225
20:31:10,2022-10-07,60510
08:31:10,2022-10-08,60826
20:31:10,2022-10-08,61084
08:31:10,2022-10-09,61390
20:31:10,2022-10-09,61510
08:31:10,2022-10-10,61317
20:31:10,2022-10-10,61223
08:31:11,2022-10-11,61077
20:31:10,2022-10-11,60907
08:31:10,2022-10-12,60640
20:31:10,2022-10-12,60580
08:31:10,2022-10-13,60357
20:31:10,2022-10-13,60168
08:31:10,2022-10-14,59886
20:31:10,2022-10-14,59601
08:31:10,2022-10-15,59172
20:31:10,2022-10-15,58983
08:31:10,2022-10-16,58720
20:31:11,2022-10-16,58306
08:31:10,2022-10-17,57538
20:31:10,2022-10-17,57087
08:31:10,2022-10-18,56325
20:31:10,2022-10-18,56046
08:31:10,2022-10-19,55073
20:31:10,2022-10-19,55375
08:31:10,2022-10-20,56196
20:31:11,2022-10-20,55886
08:31:10,2022-10-21,55507
20:31:10,2022-10-21,55251
08:31:10,2022-10-22,54979
20:31:11,2022-10-22,54639
08:31:11,2022-10-23,54470
20:31:10,2022-10-23,54244
08:31:10,2022-10-24,54008
20:31:10,2022-10-24,53844
08:31:10,2022-10-25,53577
20:31:10,2022-10-25,53514
08:31:10,2022-10-26,53696
20:31:10,2022-10-26,53763
08:31:10,2022-10-27,53913
20:31:10,2022-10-27,53976
08:31:10,2022-10-28,53910
20:31:10,2022-10-28,53897
08:31:10,2022-10-29,53931
20:31:10,2022-10-29,53858
08:31:10,2022-10-30,53812
20:31:10,2022-10-30,53752
08:31:10,2022-10-31,53813
20:31:11,2022-10-31,54079
08:31:10,2022-11-01,54063
20:31:10,2022-11-01,54186
08:31:10,2022-11-02,54176
20:31:10,2022-11-02,54165
08:31:10,2022-11-03,54214
20:31:10,2022-11-03,54152
08:31:10,2022-11-04,54203
20:31:10,2022-11-04,54112
08:31:10,2022-11-05,54203
20:31:10,2022-11-05,54390
08:31:10,2022-11-06,54566
20:31:10,2022-11-06,54621
08:31:10,2022-11-07,54694
20:31:10,2022-11-07,54704
08:31:10,2022-11-08,54787
20:31:11,2022-11-08,54818
08:31:10,2022-11-09,54818
20:31:10,2022-11-09,53176
08:31:10,2022-11-10,53312
20:31:10,2022-11-10,53209
08:31:11,2022-11-11,53202
20:31:10,2022-11-11,53244
08:31:10,2022-11-12,53333
20:31:10,2022-11-12,53263
08:31:10,2022-11-13,53381
20:31:10,2022-11-13,53277
08:31:10,2022-11-14,53033
20:31:10,2022-11-14,52604
08:31:10,2022-11-15,52475
20:31:10,2022-11-15,52144
08:31:10,2022-11-16,51989
20:31:10,2022-11-16,51774
08:31:11,2022-11-17,51637
20:31:10,2022-11-17,51446
08:31:11,2022-11-18,51273
20:31:10,2022-11-18,51131
08:31:10,2022-11-19,51086
20:31:10,2022-11-19,50995
08:31:10,2022-11-20,50948
20:31:11,2022-11-20,50884
08:31:11,2022-11-21,50718
20:31:10,2022-11-21,50511
08:31:10,2022-11-22,50151
20:31:10,2022-11-22,50983
08:31:10,2022-11-23,52170
20:31:10,2022-11-23,52872
08:31:10,2022-11-24,53921
20:31:10,2022-11-24,54636
08:31:10,2022-11-25,55213
20:31:10,2022-11-25,55424
08:31:10,2022-11-26,55691
20:31:10,2022-11-26,55907
08:31:10,2022-11-27,55971
20:31:10,2022-11-27,55975
08:31:10,2022-11-28,56365
20:31:10,2022-11-28,57752
08:31:10,2022-11-29,58607
20:31:10,2022-11-29,59145
08:31:10,2022-11-30,59415
20:31:10,2022-11-30,59694
08:31:10,2022-12-01,59840
20:31:11,2022-12-01,59900
08:31:10,2022-12-02,60040
20:31:10,2022-12-02,60064
08:31:10,2022-12-03,60259
20:31:10,2022-12-03,60378
08:31:10,2022-12-04,60522
20:31:10,2022-12-04,60496
08:31:10,2022-12-05,60574
20:31:10,2022-12-05,60622
08:31:10,2022-12-06,60771
20:31:10,2022-12-06,60720
08:31:10,2022-12-07,60626
20:31:10,2022-12-07,60062
08:31:10,2022-12-08,59170
20:31:10,2022-12-08,58662
08:31:10,2022-12-09,58034
20:31:11,2022-12-09,57665
08:31:10,2022-12-10,57376
20:31:10,2022-12-10,57192
08:31:10,2022-12-11,57132
20:31:10,2022-12-11,57016
08:31:10,2022-12-12,56929
20:31:10,2022-12-12,56946
08:31:10,2022-12-13,56988
20:31:10,2022-12-13,56291
08:31:10,2022-12-14,54027
20:31:10,2022-12-14,53485
08:31:10,2022-12-15,53501
20:31:10,2022-12-15,53614
08:31:10,2022-12-16,53770
20:31:10,2022-12-16,53890
08:31:10,2022-12-17,54010
20:31:10,2022-12-17,53979
08:31:10,2022-12-18,53949
20:31:10,2022-12-18,53881
08:31:10,2022-12-19,53930
20:31:11,2022-12-19,53955
08:31:10,2022-12-20,53952
20:31:10,2022-12-20,53684
08:31:10,2022-12-21,53741
20:31:10,2022-12-21,54057
08:31:10,2022-12-22,54147
20:31:10,2022-12-22,54305
08:31:11,2022-12-23,54434
20:31:10,2022-12-23,54643
08:31:10,2022-12-24,54842
20:31:10,2022-12-24,54816
08:31:10,2022-12-25,54691
20:31:10,2022-12-25,54778
08:31:11,2022-12-26,54886
20:31:10,2022-12-26,55080
08:31:10,2022-12-27,55235
20:31:11,2022-12-27,55552
08:31:10,2022-12-28,55440
20:31:10,2022-12-28,55568
08:31:10,2022-12-29,55427
20:31:10,2022-12-29,55379
08:31:10,2022-12-30,55311
20:31:10,2022-12-30,55279
08:31:10,2022-12-31,55473
20:31:10,2022-12-31,55539
08:31:10,2023-01-01,55355
20:31:10,2023-01-01,55295
08:31:10,2023-01-02,55259
20:31:10,2023-01-02,55249
08:31:10,2023-01-03,55057
20:31:10,2023-01-03,55258
08:31:11,2023-01-04,55140
20:31:10,2023-01-04,54914
08:31:10,2023-01-05,54687
20:31:11,2023-01-05,54467
08:31:10,2023-01-06,54645
20:31:12,2023-01-06,54627
08:31:10,2023-01-07,54786
20:31:10,2023-01-07,54880
08:31:10,2023-01-08,55304
20:31:10,2023-01-08,55562
08:31:11,2023-01-09,55216
20:31:10,2023-01-09,54975
08:31:10,2023-01-10,54536
20:31:10,2023-01-10,54364
08:31:10,2023-01-11,53968
20:31:10,2023-01-11,53782
08:31:11,2023-01-12,53643
20:31:11,2023-01-12,53494
08:31:10,2023-01-13,53565
20:31:10,2023-01-13,53899
08:31:10,2023-01-14,53819
20:31:10,2023-01-14,53825
08:31:10,2023-01-15,53751
20:31:10,2023-01-15,53659
08:31:10,2023-01-16,53330
20:31:10,2023-01-16,53181
08:31:10,2023-01-17,52878
20:31:10,2023-01-17,52731
08:31:10,2023-01-18,52478
20:31:10,2023-01-18,52328
08:31:10,2023-01-19,52218
20:31:10,2023-01-19,52171
08:31:10,2023-01-20,51921
20:31:10,2023-01-20,51984
08:31:10,2023-01-21,51945
20:31:10,2023-01-21,51888
08:31:10,2023-01-22,51546
20:31:10,2023-01-22,51195
08:31:10,2023-01-23,51084
20:31:10,2023-01-23,51229
08:31:10,2023-01-24,51125
20:31:10,2023-01-24,51338
08:31:11,2023-01-25,51554
20:31:10,2023-01-25,51849
08:31:10,2023-01-26,51886
20:31:10,2023-01-26,51852
08:31:10,2023-01-27,51873
20:31:10,2023-01-27,51934
08:31:10,2023-01-28,52197
20:31:10,2023-01-28,52620
08:31:10,2023-01-29,52676
20:31:10,2023-01-29,52680
08:31:10,2023-01-30,52458
20:31:10,2023-01-30,52443
08:31:11,2023-01-31,52412
20:31:10,2023-01-31,52560
08:31:10,2023-02-01,52558
20:31:10,2023-02-01,52642
08:31:10,2023-02-02,52543
20:31:10,2023-02-02,52562
08:31:10,2023-02-03,52482
20:31:10,2023-02-03,52496
08:31:10,2023-02-04,52495
20:31:10,2023-02-04,52595
08:31:10,2023-02-05,52637
20:31:10,2023-02-05,52589
08:31:10,2023-02-06,52466
20:31:10,2023-02-06,52338
08:31:10,2023-02-07,52242
20:31:10,2023-02-07,52051
08:31:10,2023-02-08,52000
20:31:10,2023-02-08,52026
08:31:10,2023-02-09,51915
20:31:10,2023-02-09,51880
08:31:10,2023-02-10,51726
20:31:10,2023-02-10,51733
08:31:10,2023-02-11,51739
20:31:10,2023-02-11,51784
08:31:10,2023-02-12,51671
20:31:10,2023-02-12,51642
08:31:10,2023-02-13,51478
20:31:10,2023-02-13,51340
08:31:10,2023-02-14,51083
20:31:10,2023-02-14,51123
08:31:10,2023-02-15,51095
20:31:10,2023-02-15,51180
08:31:10,2023-02-16,51154
20:31:10,2023-02-16,51263
08:31:10,2023-02-17,51666
20:31:11,2023-02-17,51850
08:31:10,2023-02-18,51960
20:31:11,2023-02-18,52186
08:31:10,2023-02-19,52296
20:31:10,2023-02-19,52422
08:31:10,2023-02-20,52704
20:31:10,2023-02-20,53046
08:31:10,2023-02-21,53338
20:31:10,2023-02-21,53889
08:31:10,2023-02-22,54356
20:31:10,2023-02-22,54435
08:31:10,2023-02-23,54793
20:31:10,2023-02-23,55137
08:31:10,2023-02-24,55408
20:31:10,2023-02-24,55658
08:31:10,2023-02-25,55848
20:31:10,2023-02-25,56083
08:31:10,2023-02-26,56463
20:31:10,2023-02-26,56632
08:31:10,2023-02-27,57003
20:31:10,2023-02-27,57130
08:31:10,2023-02-28,57330
20:31:10,2023-02-28,57297
08:31:10,2023-03-01,57401
20:31:10,2023-03-01,57520
08:31:11,2023-03-02,57693
20:31:10,2023-03-02,57693
08:31:10,2023-03-03,57702
20:31:10,2023-03-03,57688
08:31:10,2023-03-04,57801
20:31:10,2023-03-04,57753
08:31:11,2023-03-05,57736
20:31:10,2023-03-05,57864
08:31:10,2023-03-06,57708
20:31:10,2023-03-06,57381
08:31:10,2023-03-07,57078
20:31:10,2023-03-07,56769
08:31:10,2023-03-08,56250
20:31:11,2023-03-08,56238
08:31:10,2023-03-09,56148
20:31:10,2023-03-09,55925
08:31:10,2023-03-10,55850
20:31:10,2023-03-10,55695
08:32:00,2023-03-11,55624
20:31:10,2023-03-11,55756
08:31:10,2023-03-12,55746
20:31:10,2023-03-12,55734
08:31:10,2023-03-13,55719
20:31:10,2023-03-13,55747
08:31:10,2023-03-14,55533
20:31:10,2023-03-14,55629
08:31:10,2023-03-15,55896
20:31:11,2023-03-15,55848
08:31:10,2023-03-16,55403
20:31:11,2023-03-16,55512
08:31:10,2023-03-17,55545
20:31:10,2023-03-17,55609
08:31:10,2023-03-18,55580
20:31:10,2023-03-18,55715
08:31:10,2023-03-19,55705
20:31:10,2023-03-19,55672
08:31:10,2023-03-20,55702
20:31:10,2023-03-20,55714
08:31:10,2023-03-21,55796
20:31:10,2023-03-21,55752
08:31:10,2023-03-22,55791
20:31:10,2023-03-22,55784
08:31:10,2023-03-23,55685
20:31:10,2023-03-23,55818
08:31:10,2023-03-24,55726
20:31:10,2023-03-24,55960
08:31:10,2023-03-25,56141
20:31:10,2023-03-25,56238
08:31:10,2023-03-26,56264
20:31:11,2023-03-26,56321
08:31:10,2023-03-27,56181
20:31:10,2023-03-27,56169
08:31:11,2023-03-28,56135
20:31:10,2023-03-28,55520
08:31:10,2023-03-29,55685
20:31:10,2023-03-29,56515
08:31:10,2023-03-30,56704
20:31:10,2023-03-30,56796
08:31:11,2023-03-31,57136
20:31:10,2023-03-31,57397
08:31:10,2023-04-01,57616
20:31:10,2023-04-01,57882
08:31:10,2023-04-02,58017
20:31:10,2023-04-02,58271
08:31:10,2023-04-03,58631
20:31:10,2023-04-03,59132
08:31:10,2023-04-04,60607
20:31:10,2023-04-04,61649
08:31:10,2023-04-05,61975
20:31:10,2023-04-05,62297
08:31:10,2023-04-06,62706
20:31:10,2023-04-06,63425
08:31:10,2023-04-07,63702
20:31:10,2023-04-07,64348
08:31:10,2023-04-08,64514
20:31:10,2023-04-08,64690
08:31:10,2023-04-09,64794
20:31:10,2023-04-09,64926
08:31:10,2023-04-10,65076
20:31:10,2023-04-10,65235
08:31:10,2023-04-11,65246
20:31:10,2023-04-11,65797
08:31:10,2023-04-12,65331
20:31:11,2023-04-12,65364
08:31:10,2023-04-13,65474
20:31:10,2023-04-13,65578
08:31:10,2023-04-14,65276
20:31:10,2023-04-14,65217
08:31:10,2023-04-15,64933
20:31:10,2023-04-15,64792
08:31:10,2023-04-16,64740
20:31:10,2023-04-16,64621
08:31:10,2023-04-17,64484
20:31:10,2023-04-17,64522
08:31:10,2023-04-18,64436
20:31:11,2023-04-18,64619
08:31:12,2023-04-19,64638
20:31:10,2023-04-19,64629
08:31:10,2023-04-20,64585
20:31:10,2023-04-20,64467
08:31:10,2023-04-21,64409
20:31:10,2023-04-21,64267
08:31:10,2023-04-22,64419
20:31:10,2023-04-22,64726
08:31:10,2023-04-23,65054
20:31:10,2023-04-23,65406
08:31:11,2023-04-24,65438
20:31:10,2023-04-24,65483
08:31:11,2023-04-25,65678
20:31:10,2023-04-25,65205
08:31:10,2023-04-26,65958
20:31:10,2023-04-26,66242
08:31:10,2023-04-27,66394
20:31:11,2023-04-27,66620
08:31:10,2023-04-28,66910
20:31:10,2023-04-28,67264
08:31:10,2023-04-29,67811
20:31:10,2023-04-29,68092
08:31:10,2023-04-30,68637
20:31:10,2023-04-30,68979
08:31:10,2023-05-01,69467
20:31:11,2023-05-01,69946
08:31:11,2023-05-02,70331
20:31:11,2023-05-02,70481
08:31:10,2023-05-03,70590
20:31:10,2023-05-03,70709
08:31:11,2023-05-04,70847
20:31:14,2023-05-04,70809
08:31:10,2023-05-05,70654
20:31:10,2023-05-05,70833
08:31:10,2023-05-06,70939
20:31:10,2023-05-06,71077
08:31:10,2023-05-07,71143
20:31:11,2023-05-07,71109
08:31:11,2023-05-08,71058
20:31:12,2023-05-08,70968
08:31:10,2023-05-09,70911
20:31:10,2023-05-09,71408
08:31:10,2023-05-10,70761
20:31:11,2023-05-10,70483
08:31:10,2023-05-11,70162
20:31:10,2023-05-11,69913
08:31:10,2023-05-12,69712
20:31:10,2023-05-12,69459
08:31:10,2023-05-13,69286
20:31:10,2023-05-13,69224
08:31:10,2023-05-14,68998
20:31:10,2023-05-14,68709
08:32:37,2023-05-15,68341
20:31:10,2023-05-15,67956
08:31:10,2023-05-16,67579
20:31:10,2023-05-16,67545
08:31:10,2023-05-17,66709
20:31:10,2023-05-17,64308
08:31:11,2023-05-18,62635
20:31:10,2023-05-18,62140
08:31:10,2023-05-19,62045
20:31:10,2023-05-19,61646
08:31:11,2023-05-20,61324
20:31:10,2023-05-20,60964
08:31:10,2023-05-21,60676
20:31:10,2023-05-21,60371
08:31:10,2023-05-22,60146
20:31:10,2023-05-22,59993
08:31:10,2023-05-23,59789
20:31:10,2023-05-23,59774
08:31:10,2023-05-24,59847
20:31:10,2023-05-24,59889
08:31:10,2023-05-25,60023
20:31:10,2023-05-25,60148
08:31:10,2023-05-26,60396
20:31:10,2023-05-26,60700
08:31:10,2023-05-27,60669
20:31:10,2023-05-27,60728
08:31:10,2023-05-28,60689
20:31:10,2023-05-28,60881
08:31:10,2023-05-29,61062
20:31:10,2023-05-29,61327
08:31:10,2023-05-30,61481
20:31:10,2023-05-30,61463
08:31:10,2023-05-31,61708
20:31:10,2023-05-31,61989
08:31:10,2023-06-01,62033
20:31:11,2023-06-01,62046
08:31:10,2023-06-02,62308
20:31:10,2023-06-02,62310
08:31:10,2023-06-03,62236
20:31:10,2023-06-03,62274
08:31:10,2023-06-04,62252
20:31:10,2023-06-04,62210
08:31:10,2023-06-05,62243
20:31:10,2023-06-05,62357
08:31:11,2023-06-06,62260
20:31:11,2023-06-06,62251
08:31:11,2023-06-07,62129
20:31:10,2023-06-07,61998
08:31:10,2023-06-08,61861
20:31:10,2023-06-08,61910
08:31:11,2023-06-09,61805
20:31:10,2023-06-09,61700
08:31:10,2023-06-10,61628
20:31:10,2023-06-10,61529
08:31:11,2023-06-11,61307
20:31:10,2023-06-11,61315
08:31:11,2023-06-12,61113
20:31:11,2023-06-12,61805
08:31:10,2023-06-13,61548
20:31:10,2023-06-13,61551
08:31:11,2023-06-14,61267
20:31:10,2023-06-14,61637
08:31:10,2023-06-15,61528
20:31:10,2023-06-15,61717
08:31:11,2023-06-16,61329
20:31:10,2023-06-16,61228
08:31:10,2023-06-17,61178
20:31:10,2023-06-17,61461
08:31:10,2023-06-18,61314
20:31:10,2023-06-18,61204
08:31:10,2023-06-19,60995
20:31:10,2023-06-19,60925
08:31:10,2023-06-20,60697
20:31:11,2023-06-20,60701
08:31:10,2023-06-21,60539
20:31:10,2023-06-21,60734
08:31:10,2023-06-22,60792
20:31:11,2023-06-22,60881
08:31:10,2023-06-23,60951
20:31:10,2023-06-23,61120
08:31:10,2023-06-24,61248
20:31:10,2023-06-24,61617
08:31:11,2023-06-25,61771
20:31:10,2023-06-25,61941
08:31:10,2023-06-26,61947
20:31:11,2023-06-26,61991
08:31:10,2023-06-27,62098
20:31:11,2023-06-27,62103
08:31:10,2023-06-28,62136
20:31:10,2023-06-28,62278
08:31:10,2023-06-29,62271
20:31:10,2023-06-29,62365
08:31:10,2023-06-30,62325
20:31:10,2023-06-30,62470
08:31:10,2023-07-01,62568
20:31:10,2023-07-01,62695
08:31:10,2023-07-02,62787
20:31:10,2023-07-02,62907
08:31:10,2023-07-03,62874
20:31:10,2023-07-03,62985
08:31:13,2023-07-04,63079
20:31:10,2023-07-04,63235
08:31:11,2023-07-05,63277
20:31:10,2023-07-05,63038
08:31:10,2023-07-06,62850
20:31:10,2023-07-06,62755
08:31:10,2023-07-07,62554
20:31:10,2023-07-07,62465
08:31:11,2023-07-08,62244
20:31:10,2023-07-08,62020
08:31:10,2023-07-09,61913
20:31:10,2023-07-09,61775
08:31:10,2023-07-10,61683
20:31:11,2023-07-10,61611
08:31:10,2023-07-11,61414
20:31:10,2023-07-11,61283
08:31:10,2023-07-12,61405
20:31:10,2023-07-12,61569
08:31:10,2023-07-13,61617
20:31:10,2023-07-13,61538
08:31:10,2023-07-14,61478
20:31:11,2023-07-14,61339
08:31:10,2023-07-15,61312
20:31:10,2023-07-15,61290
08:31:10,2023-07-16,61313
20:31:10,2023-07-16,61161
08:31:10,2023-07-17,61199
20:31:10,2023-07-17,61193
08:31:10,2023-07-18,61151
20:31:11,2023-07-18,60844
08:31:10,2023-07-19,60842
20:31:10,2023-07-19,61590
08:31:10,2023-07-20,62598
20:31:10,2023-07-20,63122
08:31:10,2023-07-21,63494
20:31:11,2023-07-21,63684
08:31:10,2023-07-22,63922
20:31:10,2023-07-22,64032
08:31:10,2023-07-23,64217
20:31:10,2023-07-23,64380
08:31:10,2023-07-24,64484
20:31:10,2023-07-24,64927
08:31:10,2023-07-25,65043
20:31:10,2023-07-25,65472
08:31:10,2023-07-26,65659
20:31:10,2023-07-26,65548
08:31:10,2023-07-27,65466
20:31:10,2023-07-27,65589
08:31:10,2023-07-28,65473
20:31:10,2023-07-28,65543
08:31:10,2023-07-29,65631
20:31:10,2023-07-29,65801
08:31:10,2023-07-30,65955
20:31:10,2023-07-30,66433
08:31:10,2023-07-31,66496
20:31:10,2023-07-31,66598
08:31:10,2023-08-01,66729
20:31:10,2023-08-01,67558
08:31:10,2023-08-02,68463
20:31:10,2023-08-02,68623
08:31:11,2023-08-03,68209
20:31:11,2023-08-03,68165
08:31:10,2023-08-04,68302
20:31:10,2023-08-04,68437
08:31:11,2023-08-05,68629
20:31:11,2023-08-05,68868
08:31:10,2023-08-06,69046
20:31:11,2023-08-06,69323
08:31:10,2023-08-07,69607
20:31:10,2023-08-07,69781
08:31:11,2023-08-08,69986
20:31:10,2023-08-08,69968
08:31:10,2023-08-09,69960
20:31:11,2023-08-09,69967
08:31:10,2023-08-10,69974
20:31:11,2023-08-10,69988
08:31:11,2023-08-11,69975
20:31:10,2023-08-11,70191
08:31:10,2023-08-12,70373
20:31:10,2023-08-12,70541
08:31:10,2023-08-13,70570
20:31:10,2023-08-13,70715
08:31:10,2023-08-14,70754
20:31:13,2023-08-14,70716
08:31:10,2023-08-15,70657
20:31:10,2023-08-15,70355
08:31:13,2023-08-16,69637
20:31:10,2023-08-16,69225
08:31:10,2023-08-17,68760
20:31:11,2023-08-17,68484
08:31:11,2023-08-18,68102
20:31:10,2023-08-18,67863
08:31:10,2023-08-19,67665
20:31:10,2023-08-19,67471
08:31:10,2023-08-20,67369
20:31:10,2023-08-20,67355
08:31:10,2023-08-21,67075
20:31:10,2023-08-21,66908
08:31:10,2023-08-22,66715
20:31:10,2023-08-22,66795
08:31:11,2023-08-23,66544
20:31:10,2023-08-23,66392
08:31:10,2023-08-24,66152
20:31:11,2023-08-24,66009
08:31:10,2023-08-25,65825
20:31:11,2023-08-25,65496
08:31:10,2023-08-26,65198
20:31:10,2023-08-26,65038
08:31:10,2023-08-27,64853
20:31:10,2023-08-27,64749
08:31:10,2023-08-28,64452
20:31:10,2023-08-28,64248
08:31:10,2023-08-29,64014
20:31:10,2023-08-29,63839
08:31:10,2023-08-30,63527
20:31:11,2023-08-30,63348
08:31:10,2023-08-31,63139
20:31:10,2023-08-31,63173
08:31:11,2023-09-01,62894
20:31:10,2023-09-01,62693
08:31:10,2023-09-02,62527
20:31:10,2023-09-02,62400
08:31:10,2023-09-03,62143
20:31:10,2023-09-03,61898
08:31:10,2023-09-04,61662
20:31:10,2023-09-04,61584
08:31:10,2023-09-05,61457
20:31:12,2023-09-05,61417
08:31:11,2023-09-06,61421
20:31:10,2023-09-06,61367
08:31:11,2023-09-07,61295
20:31:10,2023-09-07,61270
08:31:10,2023-09-08,61186
20:31:10,2023-09-08,61162
08:31:10,2023-09-09,61067
20:31:10,2023-09-09,61117
08:31:10,2023-09-10,61050
20:31:10,2023-09-10,61072
08:31:10,2023-09-11,60999
20:31:11,2023-09-11,60849
08:31:10,2023-09-12,60764
20:31:11,2023-09-12,60596
08:31:10,2023-09-13,60354
20:31:10,2023-09-13,60272
08:31:10,2023-09-14,59928
20:31:11,2023-09-14,59607
08:31:11,2023-09-15,59270
20:31:10,2023-09-15,59093
08:31:11,2023-09-16,58983
20:31:11,2023-09-16,58986
08:31:10,2023-09-17,58929
20:31:10,2023-09-17,58957
08:31:10,2023-09-18,58848
20:31:11,2023-09-18,58606
08:31:11,2023-09-19,58338
20:31:10,2023-09-19,58135
08:31:11,2023-09-20,57694
20:31:10,2023-09-20,57639
08:31:10,2023-09-21,57404
20:31:10,2023-09-21,57280
08:31:11,2023-09-22,57109
20:31:10,2023-09-22,56922
08:31:10,2023-09-23,56757
20:31:10,2023-09-23,56905
08:31:10,2023-09-24,56802
20:31:10,2023-09-24,56799
08:31:10,2023-09-25,56675
20:31:10,2023-09-25,56680
08:31:10,2023-09-26,56595
20:31:10,2023-09-26,56657
08:31:10,2023-09-27,56918
20:31:10,2023-09-27,57171
08:31:10,2023-09-28,57287
20:31:10,2023-09-28,57429
08:31:10,2023-09-29,57416
20:31:10,2023-09-29,57441
08:31:11,2023-09-30,57449
20:31:11,2023-09-30,57833
08:31:10,2023-10-01,57870
20:31:11,2023-10-01,57951
08:31:10,2023-10-02,57917
20:31:10,2023-10-02,58006
08:31:10,2023-10-03,58059
20:31:12,2023-10-03,58126
08:31:10,2023-10-04,58214
20:31:10,2023-10-04,58238
08:31:11,2023-10-05,58289
20:31:10,2023-10-05,58291
08:31:10,2023-10-06,58177
20:31:10,2023-10-06,58290
08:31:11,2023-10-07,58322
20:31:10,2023-10-07,58368
08:31:10,2023-10-08,58341
20:31:11,2023-10-08,58360
08:31:10,2023-10-09,58332
20:31:10,2023-10-09,58380
08:31:10,2023-10-10,58293
20:31:10,2023-10-10,58311
08:31:11,2023-10-11,58045
20:31:10,2023-10-11,57904
08:31:10,2023-10-12,57620
20:31:10,2023-10-12,57371
08:31:10,2023-10-13,57333
20:31:11,2023-10-13,57342
08:31:11,2023-10-14,57517
20:31:10,2023-10-14,57386
08:31:10,2023-10-15,57257
20:31:10,2023-10-15,57324
08:31:11,2023-10-16,57318
20:31:11,2023-10-16,57227
08:31:10,2023-10-17,57133
20:31:10,2023-10-17,57068
08:31:10,2023-10-18,56790
20:31:11,2023-10-18,56153
08:31:10,2023-10-19,55165
20:31:12,2023-10-19,55657
08:31:12,2023-10-20,56357
20:31:10,2023-10-20,56685
08:31:10,2023-10-21,57186
20:31:10,2023-10-21,57548
08:31:10,2023-10-22,58060
20:31:10,2023-10-22,58281
08:31:10,2023-10-23,58411
20:31:10,2023-10-23,58462
08:31:10,2023-10-24,58598
20:31:11,2023-10-24,58829
08:31:10,2023-10-25,59141
20:31:10,2023-10-25,59334
08:31:10,2023-10-26,59516
20:31:10,2023-10-26,59646
08:31:10,2023-10-27,59194
20:31:11,2023-10-27,59116
08:31:11,2023-10-28,49670
20:31:10,2023-10-28,49389
08:31:11,2023-10-29,48889
20:31:10,2023-10-29,48984
08:31:11,2023-10-30,49169
20:31:10,2023-10-30,49162
08:31:10,2023-10-31,49463
20:31:10,2023-10-31,49725
08:31:11,2023-11-01,49872
20:31:10,2023-11-01,50571
08:31:10,2023-11-02,51472
20:31:11,2023-11-02,51551
08:31:11,2023-11-03,51525
20:31:10,2023-11-03,51636
08:31:10,2023-11-04,51588
20:31:11,2023-11-04,51481
08:31:11,2023-11-05,51367
20:31:11,2023-11-05,51284
08:31:10,2023-11-06,51251
20:31:10,2023-11-06,51145
08:31:10,2023-11-07,50987
20:31:11,2023-11-07,50809
08:31:10,2023-11-08,50697
20:31:11,2023-11-08,50592
08:31:11,2023-11-09,50505
20:31:11,2023-11-09,50448
08:31:11,2023-11-10,50416
20:31:10,2023-11-10,50308
08:31:10,2023-11-11,50481
20:31:11,2023-11-11,50487
08:31:10,2023-11-12,50662
20:31:10,2023-11-12,50640
08:31:11,2023-11-13,50651
20:31:10,2023-11-13,50572
08:31:10,2023-11-14,50312
20:31:10,2023-11-14,50015
08:31:10,2023-11-15,49816
20:31:11,2023-11-15,49670
08:31:10,2023-11-16,49577
20:31:11,2023-11-16,49459
08:31:10,2023-11-17,49296
20:31:11,2023-11-17,49054
08:31:10,2023-11-18,49079
20:31:12,2023-11-18,49029
08:31:11,2023-11-19,48953
20:31:10,2023-11-19,48878
08:31:10,2023-11-20,48890
20:31:11,2023-11-20,48884
08:31:11,2023-11-21,48860
20:31:10,2023-11-21,48761
08:31:11,2023-11-22,48609
20:31:10,2023-11-22,48595
08:31:10,2023-11-23,48503
20:31:10,2023-11-23,48558
08:31:11,2023-11-24,48563
20:31:11,2023-11-24,48650
08:31:10,2023-11-25,48612
20:31:11,2023-11-25,48571
08:31:10,2023-11-26,48449
20:31:12,2023-11-26,48343
08:31:10,2023-11-27,48107
20:31:11,2023-11-27,48118
08:31:10,2023-11-28,48049
20:31:12,2023-11-28,47934
08:31:10,2023-11-29,47935
20:31:10,2023-11-29,47752
08:31:10,2023-11-30,47748
20:31:10,2023-11-30,47850
08:31:11,2023-12-01,47886
20:31:10,2023-12-01,47870
08:31:11,2023-12-02,47885
20:31:10,2023-12-02,47974
08:31:11,2023-12-03,48187
20:31:10,2023-12-03,48245
08:31:10,2023-12-04,48089
20:31:11,2023-12-04,48027
08:31:11,2023-12-05,48036
20:31:10,2023-12-05,48165
08:31:10,2023-12-06,48150
20:31:10,2023-12-06,48167
08:31:11,2023-12-07,48070
20:31:10,2023-12-07,47919
08:31:11,2023-12-08,47737
20:31:10,2023-12-08,47557
08:31:11,2023-12-09,47364
20:31:10,2023-12-09,47334
08:31:10,2023-12-10,47247
20:31:10,2023-12-10,47018
08:31:11,2023-12-11,46918
20:31:10,2023-12-11,46818
08:31:10,2023-12-12,46783
20:31:10,2023-12-12,46788
20:31:11,2023-12-14,47257
08:31:10,2023-12-15,47358
20:31:11,2023-12-15,47395
08:31:10,2023-12-16,47431
20:31:10,2023-12-16,47503
08:31:11,2023-12-17,47338
20:31:10,2023-12-17,47353
08:31:10,2023-12-18,47434
20:31:11,2023-12-18,47410
08:31:10,2023-12-19,47470
20:31:12,2023-12-19,47436
08:31:12,2023-12-20,47429
20:31:12,2023-12-20,47502
08:31:11,2023-12-21,47588
20:31:11,2023-12-21,47562
08:31:11,2023-12-22,47681
20:31:11,2023-12-22,47731
08:31:11,2023-12-23,47932
20:31:10,2023-12-23,47947
08:31:10,2023-12-24,48140
20:31:10,2023-12-24,48251
08:31:10,2023-12-25,48312
20:31:11,2023-12-25,48712
08:31:11,2023-12-26,48973
20:31:11,2023-12-26,49270
08:31:10,2023-12-27,49212
20:31:11,2023-12-27,49204
08:31:10,2023-12-28,49259
20:31:11,2023-12-28,49282
08:31:11,2023-12-29,49297
20:31:11,2023-12-29,49239
08:31:10,2023-12-30,49253
20:31:10,2023-12-30,49157
08:31:10,2023-12-31,49108
20:31:10,2023-12-31,49364
08:31:10,2024-01-01,49450
20:31:10,2024-01-01,49727
08:31:10,2024-01-02,49910
20:31:10,2024-01-02,50065
08:31:10,2024-01-03,50191
20:31:10,2024-01-03,50254
08:31:10,2024-01-04,50242
20:31:11,2024-01-04,50150
08:31:10,2024-01-05,50151
20:31:10,2024-01-05,50102
08:31:11,2024-01-06,50057
20:31:10,2024-01-06,50035
08:31:10,2024-01-07,50050
20:31:10,2024-01-07,50051
08:36:10,2024-01-08,50010
20:36:11,2024-01-08,49767
16:36:10,2024-01-09,49495
04:36:10,2024-01-10,49432
16:36:10,2024-01-10,49460
04:36:10,2024-01-11,49529
16:36:10,2024-01-11,49498
04:36:10,2024-01-12,49455
16:36:10,2024-01-12,49413
04:36:10,2024-01-13,49379
16:36:10,2024-01-13,49502
04:36:10,2024-01-14,49598
16:36:10,2024-01-14,49699
04:36:10,2024-01-15,49484
16:36:11,2024-01-15,49465
04:36:10,2024-01-16,49203
16:36:10,2024-01-16,48995
04:36:10,2024-01-17,48456
16:36:10,2024-01-17,48341
04:36:10,2024-01-18,48407
16:36:10,2024-01-18,48308
04:36:10,2024-01-19,48345
16:36:10,2024-01-19,48227
04:36:10,2024-01-20,48239
16:36:10,2024-01-20,48171
04:36:10,2024-01-21,48236
16:36:10,2024-01-21,48106
04:36:10,2024-01-22,48028
16:36:10,2024-01-22,47915
04:36:10,2024-01-23,47827
16:36:10,2024-01-23,47766
04:36:10,2024-01-24,47720
16:36:11,2024-01-24,47307
04:36:10,2024-01-25,46936
16:36:11,2024-01-25,46634
04:36:10,2024-01-26,46421
16:36:10,2024-01-26,46121
04:36:10,2024-01-27,46037
16:36:10,2024-01-27,45756
04:36:10,2024-01-28,45681
16:36:10,2024-01-28,45426
04:36:10,2024-01-29,45241
16:36:10,2024-01-29,44943
04:36:10,2024-01-30,44638
16:36:10,2024-01-30,44210
04:36:11,2024-01-31,44658
16:36:10,2024-01-31,44576
04:36:10,2024-02-01,44639
16:36:10,2024-02-01,44474
04:36:10,2024-02-02,44360
16:36:10,2024-02-02,44182
04:36:11,2024-02-03,44071
16:36:10,2024-02-03,43998
04:36:10,2024-02-04,43936
16:36:10,2024-02-04,43801
04:36:10,2024-02-05,43796
16:36:11,2024-02-05,43697
04:36:14,2024-02-06,43649
16:36:10,2024-02-06,43569
04:36:10,2024-02-07,43266
16:36:10,2024-02-07,43280
04:36:10,2024-02-08,43419
16:36:12,2024-02-08,43061
04:36:10,2024-02-09,43467
16:36:10,2024-02-09,43803
04:36:10,2024-02-10,44124
16:36:10,2024-02-10,44300
04:36:11,2024-02-11,44417
16:36:10,2024-02-11,44536
04:36:10,2024-02-12,45232
16:36:10,2024-02-12,45193
04:36:10,2024-02-13,45293
16:36:10,2024-02-13,45392
04:36:10,2024-02-14,45518
16:36:11,2024-02-14,45837
04:36:10,2024-02-15,45681
16:36:10,2024-02-15,45555
04:36:10,2024-02-16,45589
16:36:10,2024-02-16,45587
04:36:10,2024-02-17,45861
16:36:10,2024-02-17,45920
04:36:10,2024-02-18,46190
16:36:10,2024-02-18,46262
04:36:10,2024-02-19,46441
16:36:10,2024-02-19,46528
04:36:11,2024-02-20,46637
16:36:11,2024-02-20,46722
04:36:10,2024-02-21,47078
16:36:10,2024-02-21,47079
04:36:10,2024-02-22,47099
16:36:10,2024-02-22,47347
04:36:10,2024-02-23,47212
16:36:11,2024-02-23,47032
04:36:10,2024-02-24,46969
16:36:10,2024-02-24,46845
04:36:10,2024-02-25,46926
16:36:24,2024-02-25,47001
04:36:10,2024-02-26,46869
16:36:10,2024-02-26,46790
04:36:11,2024-02-27,46683
16:36:11,2024-02-27,46582
04:36:11,2024-02-28,46662
16:36:11,2024-02-28,46637
04:36:10,2024-02-29,46752
16:36:10,2024-02-29,46959
04:36:10,2024-03-01,47152
16:36:10,2024-03-01,47199
04:36:10,2024-03-02,47154
16:36:10,2024-03-02,47232
04:36:10,2024-03-03,47274
16:36:10,2024-03-03,47393
04:36:10,2024-03-04,47522
16:36:10,2024-03-04,47501
04:36:10,2024-03-05,47524
16:36:10,2024-03-05,47429
04:36:10,2024-03-06,47325
16:36:10,2024-03-06,47319
04:36:12,2024-03-07,47466
16:36:10,2024-03-07,47536
04:36:10,2024-03-08,47610
16:36:10,2024-03-08,47661
04:36:10,2024-03-09,47740
16:36:10,2024-03-09,47871
04:36:10,2024-03-10,47910
16:36:13,2024-03-10,48005
03:36:10,2024-03-11,48144
15:36:15,2024-03-11,48301
03:36:10,2024-03-12,48372
15:36:10,2024-03-12,48523
03:36:10,2024-03-13,48493
15:36:15,2024-03-13,48751
03:36:10,2024-03-14,48888
15:36:10,2024-03-14,49028
03:36:10,2024-03-15,49026
15:36:10,2024-03-15,48901
03:36:10,2024-03-16,48961
15:36:10,2024-03-16,49058
03:36:10,2024-03-17,49247
15:36:10,2024-03-17,49188
03:36:10,2024-03-18,49327
15:36:11,2024-03-18,49353
03:36:10,2024-03-19,49459
15:36:10,2024-03-19,49490
03:36:10,2024-03-20,49593
15:36:10,2024-03-20,49650
03:36:10,2024-03-21,49599
15:36:10,2024-03-21,49500
03:36:10,2024-03-22,49452
15:36:10,2024-03-22,49443
03:36:10,2024-03-23,49392
15:36:10,2024-03-23,49386
03:36:11,2024-03-24,49513
15:36:10,2024-03-24,49701
03:36:10,2024-03-25,49848
15:36:10,2024-03-25,50025
03:36:10,2024-03-26,50193
15:36:11,2024-03-26,50341
03:36:10,2024-03-27,50620
15:36:11,2024-03-27,50575
03:36:10,2024-03-28,50579
15:36:10,2024-03-28,50657
03:36:10,2024-03-29,50760
15:36:10,2024-03-29,50871
03:36:11,2024-03-30,51024
15:36:10,2024-03-30,51059
03:36:10,2024-03-31,50993
15:36:10,2024-03-31,51111
03:36:10,2024-04-01,51313
15:36:11,2024-04-01,51379
03:36:10,2024-04-02,51653
15:36:10,2024-04-02,51816
03:36:10,2024-04-03,52084
15:36:13,2024-04-03,52114
03:36:10,2024-04-04,52258
15:36:10,2024-04-04,52481
03:36:10,2024-04-05,52546
15:36:10,2024-04-05,52706
03:36:10,2024-04-06,52905
15:36:10,2024-04-06,53161
03:36:11,2024-04-07,53367
15:36:10,2024-04-07,53570
03:36:10,2024-04-08,53773
15:36:10,2024-04-08,53958
03:36:10,2024-04-09,54040
15:36:10,2024-04-09,53998
03:36:10,2024-04-10,54024
15:36:10,2024-04-10,54003
03:36:10,2024-04-11,53999
15:36:11,2024-04-11,53777
03:36:10,2024-04-12,53846
15:36:10,2024-04-12,53896
03:36:11,2024-04-13,53877
15:36:10,2024-04-13,53992
03:36:10,2024-04-14,54183
15:36:10,2024-04-14,54156
03:36:10,2024-04-15,54150
15:36:10,2024-04-15,54090
03:36:10,2024-04-16,53869
15:36:10,2024-04-16,53752
03:36:11,2024-04-17,53540
15:36:10,2024-04-17,53307
03:36:10,2024-04-18,53256
15:36:10,2024-04-18,52918
03:36:12,2024-04-19,52861
15:36:10,2024-04-19,52714
03:36:10,2024-04-20,52697
15:36:10,2024-04-20,52577
03:36:10,2024-04-21,52632
15:36:11,2024-04-21,52667
03:36:10,2024-04-22,52777
15:36:10,2024-04-22,52558
03:36:10,2024-04-23,52568
15:36:13,2024-04-23,52638
03:36:10,2024-04-24,53097
15:36:10,2024-04-24,55370
03:36:10,2024-04-25,56295
15:36:10,2024-04-25,57227
03:36:11,2024-04-26,58023
15:36:10,2024-04-26,58712
03:36:10,2024-04-27,59257
15:36:10,2024-04-27,59815
03:36:10,2024-04-28,60321
15:36:10,2024-04-28,60880
03:36:10,2024-04-29,61425
15:36:10,2024-04-29,61975
03:36:10,2024-04-30,62370
15:36:10,2024-04-30,63022
03:36:10,2024-05-01,63415
15:36:10,2024-05-01,63960
03:36:10,2024-05-02,64313
15:36:10,2024-05-02,64681
03:36:11,2024-05-03,64802
15:36:11,2024-05-03,65016
03:36:10,2024-05-04,65244
15:36:10,2024-05-04,65565
03:36:10,2024-05-05,65680
15:36:10,2024-05-05,65904
03:36:10,2024-05-06,66173
15:36:10,2024-05-06,66568
03:36:12,2024-05-07,66727
15:36:10,2024-05-07,66948
03:36:11,2024-05-08,66918
15:36:10,2024-05-08,65755
03:36:10,2024-05-09,65343
15:36:10,2024-05-09,64805
03:36:11,2024-05-10,64438
15:36:11,2024-05-10,63966
03:36:10,2024-05-11,63641
15:36:10,2024-05-11,63195
03:36:10,2024-05-12,62873
15:36:14,2024-05-12,62499
03:36:10,2024-05-13,62202
15:36:10,2024-05-13,61762
03:36:10,2024-05-14,61543
15:36:10,2024-05-14,61016
03:36:10,2024-05-15,60899
15:36:11,2024-05-15,60638
03:36:10,2024-05-16,60349
15:36:10,2024-05-16,60057
03:36:10,2024-05-17,59939
15:36:10,2024-05-17,59634
03:36:10,2024-05-18,59483
15:36:12,2024-05-18,59361
03:36:10,2024-05-19,59374
15:36:10,2024-05-19,59618
03:36:10,2024-05-20,59299
15:36:19,2024-05-20,59190
03:36:11,2024-05-21,59351
15:36:10,2024-05-21,59031
03:36:10,2024-05-22,59471
15:36:10,2024-05-22,59544
03:36:10,2024-05-23,59831
15:36:10,2024-05-23,59540
03:36:10,2024-05-24,59431
15:36:10,2024-05-24,59206
03:36:10,2024-05-25,59008
15:36:10,2024-05-25,58851
03:36:10,2024-05-26,58797
15:36:10,2024-05-26,58667
03:36:10,2024-05-27,58608
15:36:10,2024-05-27,58466
03:36:11,2024-05-28,58451
15:36:10,2024-05-28,58421
03:37:22,2024-05-29,58414
15:36:10,2024-05-29,58134
03:36:11,2024-05-30,58088
15:36:10,2024-05-30,57991
03:36:10,2024-05-31,57868
15:36:10,2024-05-31,57924
03:36:11,2024-06-01,58239
15:36:10,2024-06-01,58700
03:36:10,2024-06-02,59089
15:36:10,2024-06-02,58505
03:36:11,2024-06-03,58285
15:36:10,2024-06-03,57675
03:36:10,2024-06-04,57398
15:36:10,2024-06-04,57786
03:36:10,2024-06-05,57080
15:36:10,2024-06-05,57192
03:36:10,2024-06-06,56996
15:36:10,2024-06-06,57047
03:36:11,2024-06-07,56749
15:36:12,2024-06-07,56815
03:36:11,2024-06-08,56800
15:36:10,2024-06-08,56744
03:36:10,2024-06-09,56778
15:36:29,2024-06-09,56748
03:36:10,2024-06-10,56632
15:36:10,2024-06-10,56691
03:36:10,2024-06-11,56447
15:36:10,2024-06-11,56145
03:36:10,2024-06-12,55889
03:36:12,2024-06-13,55593
15:36:10,2024-06-13,55546
03:36:10,2024-06-14,55533
15:36:10,2024-06-14,55382
03:36:10,2024-06-15,55169
15:36:10,2024-06-15,55309
03:36:10,2024-06-16,55306
15:36:10,2024-06-16,55270
03:36:10,2024-06-17,55197
15:36:10,2024-06-17,54353
03:36:10,2024-06-18,53934
15:36:11,2024-06-18,52267
03:36:10,2024-06-19,52619
15:36:10,2024-06-19,52155
03:36:10,2024-06-20,51747
15:36:11,2024-06-20,51311
03:36:10,2024-06-21,51684
15:36:10,2024-06-21,51332
03:36:10,2024-06-22,51181
15:36:10,2024-06-22,50988
03:36:10,2024-06-23,50829
15:36:10,2024-06-23,50502
03:36:10,2024-06-24,50368
15:36:10,2024-06-24,49991
03:36:10,2024-06-25,49776
15:36:10,2024-06-25,49477
03:36:10,2024-06-26,49795
15:36:11,2024-06-26,49612
03:36:10,2024-06-27,49464
15:36:10,2024-06-27,49029
03:36:11,2024-06-28,48808
15:36:10,2024-06-28,48652
03:36:10,2024-06-29,48625
15:36:10,2024-06-29,49258
03:36:10,2024-06-30,48943
15:36:10,2024-06-30,48701
03:36:10,2024-07-01,48790
15:36:10,2024-07-01,49563
03:36:10,2024-07-02,49743
15:36:10,2024-07-02,49696
03:36:12,2024-07-03,49565
15:36:10,2024-07-03,49552
03:36:10,2024-07-04,49567
15:36:10,2024-07-04,49482
03:36:10,2024-07-05,49325
15:36:10,2024-07-05,48949
03:36:10,2024-07-06,48755
15:36:10,2024-07-06,48705
03:36:10,2024-07-07,48685
15:36:10,2024-07-07,48479
03:36:10,2024-07-08,48413
15:36:10,2024-07-08,48298
03:36:10,2024-07-09,48268
15:36:10,2024-07-09,48061
03:36:10,2024-07-10,47745
15:36:10,2024-07-10,47568
03:36:10,2024-07-11,47479
15:36:10,2024-07-11,47278
03:36:10,2024-07-12,47233
15:36:10,2024-07-12,47141
03:36:10,2024-07-13,47041
15:36:10,2024-07-13,46647
03:36:10,2024-07-14,46308
15:36:10,2024-07-14,46038
03:36:10,2024-07-15,45677
15:36:10,2024-07-15,45303
03:36:10,2024-07-16,45242
15:36:10,2024-07-16,45048
03:36:13,2024-07-17,45136
15:36:10,2024-07-17,45106
03:36:10,2024-07-18,44959
15:36:10,2024-07-18,44807
03:36:10,2024-07-19,44642
15:36:10,2024-07-19,44716
03:36:10,2024-07-20,44677
15:36:10,2024-07-20,44791
03:36:10,2024-07-21,44792
15:36:10,2024-07-21,45026
03:36:10,2024-07-22,45152
15:36:10,2024-07-22,45271
03:36:10,2024-07-23,45364
15:36:11,2024-07-23,45486
03:36:10,2024-07-24,45558
15:36:11,2024-07-24,45590
03:36:10,2024-07-25,45614
15:36:10,2024-07-25,45670
03:36:10,2024-07-26,45714
15:36:10,2024-07-26,45641
03:36:10,2024-07-27,45667
15:36:10,2024-07-27,45505
03:36:10,2024-07-28,45405
15:36:10,2024-07-28,45319
03:36:10,2024-07-29,45262
15:36:10,2024-07-29,45173
03:36:11,2024-07-30,45161
15:36:10,2024-07-30,45271
03:36:10,2024-07-31,45480
15:36:11,2024-07-31,45793
03:36:10,2024-08-01,46081
15:36:10,2024-08-01,46651
03:36:11,2024-08-02,46970
15:36:10,2024-08-02,47333
03:36:10,2024-08-03,47913
15:36:10,2024-08-03,48335
03:36:10,2024-08-04,48745
15:36:10,2024-08-04,48926
03:36:10,2024-08-05,49101
15:36:10,2024-08-05,49229
03:36:10,2024-08-06,49335
15:36:10,2024-08-06,49452
03:36:10,2024-08-07,49420
15:36:10,2024-08-07,49523
03:36:15,2024-08-08,49692
15:36:10,2024-08-08,49952
03:36:11,2024-08-09,50019
15:36:10,2024-08-09,50068
03:36:10,2024-08-10,50050
15:36:10,2024-08-10,50244
03:36:10,2024-08-11,50416
15:36:11,2024-08-11,50576
03:36:10,2024-08-12,50690
15:36:10,2024-08-12,50880
03:37:46,2024-08-13,51014
15:36:10,2024-08-13,51047
03:36:10,2024-08-14,51272
15:36:10,2024-08-14,51183
03:36:10,2024-08-15,51144
15:36:10,2024-08-15,50847
03:36:10,2024-08-16,50795
15:36:25,2024-08-16,50629
03:36:10,2024-08-17,50403
15:36:10,2024-08-17,50225
03:36:10,2024-08-18,50043
15:36:10,2024-08-18,49911
03:36:10,2024-08-19,49818
15:36:10,2024-08-19,49619
03:36:11,2024-08-20,49603
15:36:10,2024-08-20,49524
03:36:10,2024-08-21,49656
15:36:11,2024-08-21,49570
03:36:10,2024-08-22,49448
15:36:10,2024-08-22,49219
03:36:10,2024-08-23,49131
15:36:10,2024-08-23,48944
03:36:10,2024-08-24,48869
15:36:10,2024-08-24,48675
03:36:10,2024-08-25,48675
15:36:10,2024-08-25,48648
03:36:10,2024-08-26,48593
15:36:11,2024-08-26,48585
03:36:10,2024-08-27,48608
15:36:11,2024-08-27,48561
03:36:10,2024-08-28,48254
15:36:10,2024-08-28,47898
03:36:10,2024-08-29,47766
15:36:10,2024-08-29,47504
03:36:10,2024-08-30,47318
15:36:11,2024-08-30,47079
03:36:10,2024-08-31,46914
15:36:10,2024-08-31,46766
03:36:10,2024-09-01,46723
15:36:10,2024-09-01,46544
03:36:10,2024-09-02,46473
15:36:10,2024-09-02,46261
03:36:10,2024-09-03,46188
15:36:10,2024-09-03,46017
03:36:10,2024-09-04,45799
15:36:10,2024-09-04,45538
03:36:11,2024-09-05,45340
15:36:10,2024-09-05,45102
03:36:10,2024-09-06,45006
15:36:10,2024-09-06,44784
03:36:10,2024-09-07,45165
15:36:10,2024-09-07,45230
03:36:10,2024-09-08,45333
15:36:10,2024-09-08,45259
03:36:10,2024-09-09,45361
15:36:10,2024-09-09,45232
03:36:10,2024-09-10,45196
15:36:12,2024-09-10,45000
03:36:10,2024-09-11,45007
15:36:10,2024-09-11,44887
03:36:10,2024-09-12,44806
15:36:10,2024-09-12,44749
03:36:10,2024-09-13,44791
15:36:10,2024-09-13,44672
03:36:10,2024-09-14,44641
15:36:10,2024-09-14,44436
03:36:10,2024-09-15,44370
15:36:10,2024-09-15,44359
03:36:10,2024-09-16,44283
15:36:10,2024-09-16,44129
03:36:11,2024-09-17,43946
15:36:10,2024-09-17,43728
03:36:10,2024-09-18,44304
15:36:10,2024-09-18,44879
03:36:10,2024-09-19,45136
15:36:10,2024-09-19,45379
03:36:10,2024-09-20,45534
15:36:10,2024-09-20,45784
03:36:10,2024-09-21,45606
15:36:10,2024-09-21,45634
03:36:11,2024-09-22,45817
15:36:10,2024-09-22,45894
03:36:10,2024-09-23,46135
15:36:11,2024-09-23,46142
03:36:10,2024-09-24,46247
15:36:10,2024-09-24,46222
03:36:10,2024-09-25,46242
15:36:10,2024-09-25,46286
03:36:10,2024-09-26,46328
15:36:10,2024-09-26,46282
03:36:15,2024-09-27,46167
15:36:10,2024-09-27,46176
03:36:10,2024-09-28,46153
15:36:10,2024-09-28,46180
03:36:10,2024-09-29,46233
15:36:10,2024-09-29,46382
03:36:10,2024-09-30,46537
15:36:11,2024-09-30,46575
03:36:10,2024-10-01,46608
15:36:13,2024-10-01,46647
03:36:10,2024-10-02,46543
15:36:10,2024-10-02,46716
03:36:11,2024-10-03,46990
15:36:10,2024-10-03,47281
03:36:10,2024-10-04,47392
15:36:10,2024-10-04,47454
03:36:12,2024-10-05,47666
15:36:10,2024-10-05,47805
03:36:12,2024-10-06,48013
15:36:10,2024-10-06,48202
03:36:10,2024-10-07,48210
15:36:11,2024-10-07,48454
03:36:10,2024-10-08,48625
15:36:10,2024-10-08,48746
03:36:10,2024-10-09,48804
15:36:10,2024-10-09,48900
03:36:10,2024-10-10,49021
15:36:10,2024-10-10,49037
03:36:11,2024-10-11,49010
15:36:11,2024-10-11,49015
03:36:10,2024-10-12,49046
15:36:10,2024-10-12,49099
03:36:11,2024-10-13,49215
15:36:10,2024-10-13,49303
03:36:10,2024-10-14,49347
15:36:10,2024-10-14,49361
03:36:10,2024-10-15,49431
15:36:10,2024-10-15,49415
03:36:11,2024-10-16,49394
15:36:10,2024-10-16,49198
03:36:11,2024-10-17,48940
15:36:10,2024-10-17,48685
03:36:10,2024-10-18,48554
15:36:11,2024-10-18,48315
03:36:12,2024-10-19,48099
15:36:10,2024-10-19,47906
03:36:10,2024-10-20,47896
15:36:10,2024-10-20,47799
03:36:10,2024-10-21,47689
15:36:10,2024-10-21,47539
03:36:10,2024-10-22,47375
15:36:12,2024-10-22,47250
03:36:10,2024-10-23,47211
15:36:10,2024-10-23,47044
03:36:10,2024-10-24,46956
15:36:10,2024-10-24,46845
03:36:11,2024-10-25,46972
15:36:12,2024-10-25,46927
03:36:10,2024-10-26,46913
15:36:10,2024-10-26,46908
03:36:11,2024-10-27,47033
15:36:10,2024-10-27,46968
03:36:10,2024-10-28,46868
15:36:10,2024-10-28,46703
03:36:10,2024-10-29,47056
15:36:10,2024-10-29,46440
03:36:10,2024-10-30,46342
15:36:10,2024-10-30,46311
03:38:01,2024-10-31,46208
15:36:11,2024-10-31,46178
03:36:12,2024-11-01,46220
15:36:10,2024-11-01,46101
03:36:10,2024-11-02,46121
15:36:10,2024-11-02,46204
03:36:10,2024-11-03,46198
15:36:10,2024-11-03,46002
04:36:10,2024-11-04,45926
16:36:10,2024-11-04,45823
04:36:10,2024-11-05,45666
16:36:10,2024-11-05,45426
04:36:10,2024-11-06,45082
16:36:10,2024-11-06,44974
04:36:10,2024-11-07,44842
16:36:10,2024-11-07,44707
04:36:10,2024-11-08,44391
16:36:10,2024-11-08,44099
04:36:10,2024-11-09,43892
16:36:10,2024-11-09,43700
04:36:10,2024-11-10,43473
16:36:10,2024-11-10,43473
04:36:10,2024-11-11,43429
16:36:10,2024-11-11,43411
04:36:10,2024-11-12,43315
16:36:10,2024-11-12,43245
04:39:20,2024-11-13,43097
16:36:10,2024-11-13,42986
04:36:10,2024-11-14,42904
16:36:10,2024-11-14,42661
04:36:10,2024-11-15,42391
16:36:11,2024-11-15,42240
04:36:11,2024-11-16,42100
16:36:10,2024-11-16,41945
04:36:11,2024-11-17,41801
16:36:10,2024-11-17,41859
04:36:10,2024-11-18,41724
16:36:11,2024-11-18,41591
04:36:10,2024-11-19,41089
16:36:10,2024-11-19,40325
04:36:10,2024-11-20,40606
16:36:12,2024-11-20,40571
04:36:10,2024-11-21,40557
16:36:10,2024-11-21,40552
04:36:10,2024-11-22,40454
16:36:10,2024-11-22,40373
04:36:10,2024-11-23,40264
16:36:10,2024-11-23,40136
04:36:10,2024-11-24,40046
16:36:10,2024-11-24,39918
04:36:10,2024-11-25,39762
16:36:11,2024-11-25,39564
04:36:10,2024-11-26,39430
16:36:10,2024-11-26,39349
04:36:10,2024-11-27,39252
16:36:11,2024-11-27,39848
04:36:10,2024-11-28,40377
16:36:10,2024-11-28,40869
04:36:10,2024-11-29,41175
16:36:10,2024-11-29,41497
04:36:10,2024-11-30,41818
16:36:10,2024-11-30,42007
04:36:10,2024-12-01,42259
16:36:12,2024-12-01,42496
04:36:10,2024-12-02,42675
16:36:10,2024-12-02,42668
04:36:10,2024-12-03,43108
16:36:10,2024-12-03,43797
04:36:11,2024-12-04,43982
16:36:10,2024-12-04,44108
04:36:11,2024-12-05,44240
16:36:12,2024-12-05,44466
04:36:10,2024-12-06,44686
16:36:10,2024-12-06,44777
04:36:10,2024-12-07,44845
16:36:10,2024-12-07,45043
04:36:10,2024-12-08,45399
16:36:10,2024-12-08,45505
04:36:10,2024-12-09,45559
16:36:14,2024-12-09,45572
04:36:10,2024-12-10,45572
16:36:10,2024-12-10,45509
04:36:10,2024-12-11,45771
16:39:46,2024-12-11,45415
04:36:10,2024-12-12,45227
16:36:10,2024-12-12,44979
04:36:11,2024-12-13,44862
16:36:10,2024-12-13,44594
04:36:10,2024-12-14,44388
16:36:10,2024-12-14,44157
04:36:10,2024-12-15,43997
16:36:10,2024-12-15,43605
04:36:10,2024-12-16,43418
16:36:10,2024-12-16,43246
04:36:11,2024-12-17,43194
16:36:10,2024-12-17,43094
04:36:10,2024-12-18,43282
16:36:11,2024-12-18,43686
04:36:12,2024-12-19,43904
16:36:10,2024-12-19,43894
04:36:10,2024-12-20,43747
16:36:10,2024-12-20,43715
04:36:10,2024-12-21,43669
16:36:10,2024-12-21,43703
04:36:10,2024-12-22,43590
16:36:10,2024-12-22,43540
04:39:37,2024-12-23,43610
16:36:10,2024-12-23,43752
04:36:10,2024-12-24,43914
16:36:10,2024-12-24,44043
04:36:10,2024-12-25,44210
16:36:11,2024-12-25,44337
04:36:10,2024-12-26,44509
16:36:11,2024-12-26,44626
04:36:10,2024-12-27,44864
16:36:10,2024-12-27,45047
04:39:29,2024-12-28,45051
16:36:11,2024-12-28,45026
04:36:10,2024-12-29,44831
16:36:10,2024-12-29,44708
04:36:14,2024-12-30,44709
16:36:11,2024-12-30,44771
04:36:11,2024-12-31,44906
16:36:10,2024-12-31,45131
04:36:12,2025-01-01,45311
16:36:15,2025-01-01,44968
04:36:10,2025-01-02,44905
16:36:10,2025-01-02,44920
04:36:10,2025-01-03,45099
16:39:27,2025-01-03,44992
04:39:01,2025-01-04,45068
16:40:01,2025-01-04,45131
04:38:23,2025-01-05,45053
16:36:10,2025-01-05,45101
04:36:10,2025-01-06,45120
16:36:10,2025-01-06,45048
04:38:59,2025-01-07,45099
16:36:11,2025-01-07,45133
04:39:32,2025-01-08,44994
16:36:11,2025-01-08,45056
04:36:10,2025-01-09,44968
16:36:10,2025-01-09,44985
04:36:10,2025-01-10,44974
16:36:11,2025-01-10,44946
04:39:20,2025-01-11,44942
16:36:10,2025-01-11,44933
04:36:13,2025-01-12,45046
16:36:10,2025-01-12,45115
04:40:21,2025-01-13,45140
16:36:11,2025-01-13,45123
04:36:10,2025-01-14,45081
16:36:10,2025-01-14,44878
04:36:10,2025-01-15,44553
16:36:10,2025-01-15,44313
04:36:11,2025-01-16,44224
16:36:10,2025-01-16,44134
04:36:11,2025-01-17,43879
16:36:10,2025-01-17,43856
04:36:10,2025-01-18,43863
16:36:10,2025-01-18,43934
04:36:10,2025-01-19,44108
16:36:10,2025-01-19,44173
04:36:10,2025-01-20,44337
16:36:11,2025-01-20,44324
04:36:48,2025-01-21,44262
16:36:10,2025-01-21,44088
04:36:11,2025-01-22,44203
16:40:50,2025-01-22,44038
04:36:11,2025-01-23,44008
16:36:10,2025-01-23,43982
04:36:10,2025-01-24,43912
16:36:11,2025-01-24,43840
04:39:28,2025-01-25,43929
16:36:11,2025-01-25,44016
04:36:44,2025-01-26,44134
16:36:10,2025-01-26,44242
04:39:45,2025-01-27,44359
16:39:53,2025-01-27,44381
04:39:11,2025-01-28,44370
16:36:14,2025-01-28,44369
04:36:10,2025-01-29,44587
16:36:10,2025-01-29,44913
04:36:10,2025-01-30,45108
16:38:57,2025-01-30,45059
04:36:11,2025-01-31,45295
16:36:10,2025-01-31,45425
04:36:10,2025-02-01,45350
16:41:13,2025-02-01,45513
04:36:11,2025-02-02,45680
16:36:10,2025-02-02,45741
04:36:10,2025-02-03,45758
16:40:51,2025-02-03,45640
04:36:10,2025-02-04,45507
16:36:10,2025-02-04,45403
04:36:11,2025-02-05,45378
16:36:11,2025-02-05,45293
04:36:10,2025-02-06,45302
16:36:12,2025-02-06,45206
04:36:54,2025-02-07,45243
16:36:15,2025-02-07,45147
04:36:10,2025-02-08,45128
16:36:10,2025-02-08,45227
04:36:10,2025-02-09,45340
16:36:10,2025-02-09,45313
04:36:11,2025-02-10,45329
16:36:11,2025-02-10,45119
04:36:11,2025-02-11,45060
16:36:11,2025-02-11,44891
04:36:11,2025-02-12,44706
16:36:15,2025-02-12,44554
04:36:13,2025-02-13,44395
16:36:11,2025-02-13,44188
04:36:13,2025-02-14,44224
16:36:16,2025-02-14,44034
04:36:11,2025-02-15,44138
16:36:12,2025-02-15,43951
04:36:10,2025-02-16,43934
16:36:14,2025-02-16,43899
04:36:10,2025-02-17,44026
16:36:11,2025-02-17,44125
04:36:10,2025-02-18,44279
16:36:10,2025-02-18,44287
04:36:17,2025-02-19,44356
16:36:11,2025-02-19,44332
04:36:13,2025-02-20,44388
16:36:10,2025-02-20,44518
04:36:12,2025-02-21,44446
16:36:11,2025-02-21,44290
04:36:11,2025-02-22,44268
16:36:11,2025-02-22,44218
04:36:10,2025-02-23,44155
16:36:11,2025-02-23,44187
04:36:10,2025-02-24,44213
16:36:11,2025-02-24,44260
04:36:11,2025-02-25,44198
16:36:10,2025-02-25,44198
04:36:11,2025-02-26,44317
16:38:14,2025-02-26,44192
04:36:10,2025-02-27,44145
16:36:10,2025-02-27,44059
04:36:10,2025-02-28,43905
16:36:10,2025-02-28,43919
04:36:10,2025-03-01,43997
16:36:10,2025-03-01,44086
04:41:04,2025-03-02,44088
16:36:10,2025-03-02,44112
04:36:12,2025-03-03,44031
16:36:11,2025-03-03,43864
04:36:11,2025-03-04,43777
16:36:11,2025-03-04,43579
04:36:12,2025-03-05,43563
16:36:10,2025-03-05,43431
04:36:10,2025-03-06,43382
16:36:11,2025-03-06,43229
04:40:53,2025-03-07,43164
16:36:10,2025-03-07,43074
04:36:10,2025-03-08,43086
16:36:12,2025-03-08,43442
04:40:17,2025-03-09,43828
16:36:10,2025-03-09,43946
03:36:10,2025-03-10,44014
15:36:11,2025-03-10,44119
03:36:11,2025-03-11,44133
15:39:52,2025-03-11,44155
03:36:11,2025-03-12,44593
15:36:10,2025-03-12,45169
03:36:11,2025-03-13,45547
15:36:11,2025-03-13,45737
03:36:13,2025-03-14,45961
15:41:52,2025-03-14,45946
03:36:10,2025-03-15,46102
15:39:15,2025-03-15,46220
03:36:11,2025-03-16,46335
15:36:10,2025-03-16,46403
03:36:10,2025-03-17,46553
15:36:10,2025-03-17,46609
03:36:10,2025-03-18,46651
15:41:48,2025-03-18,46802
03:36:11,2025-03-19,46924
15:39:53,2025-03-19,46976
03:36:10,2025-03-20,47011
15:36:11,2025-03-20,47055
03:36:12,2025-03-21,47128
15:36:11,2025-03-21,47311
03:36:10,2025-03-22,47479
15:36:11,2025-03-22,47316
03:40:04,2025-03-23,47238
15:36:11,2025-03-23,47494
03:36:12,2025-03-24,47774
15:36:10,2025-03-25,48379
03:36:11,2025-03-26,47607
15:36:11,2025-03-26,47786
03:36:11,2025-03-27,47700
15:36:11,2025-03-27,47592
03:42:03,2025-03-28,47762
03:36:11,2025-03-29,47701
15:36:11,2025-03-29,47553
03:39:53,2025-03-30,47715
15:36:10,2025-03-30,47844
03:39:02,2025-03-31,48030
15:36:11,2025-03-31,48130
03:40:08,2025-04-01,48420
15:36:11,2025-04-01,48304
03:36:12,2025-04-02,48302
15:36:10,2025-04-02,48293
03:36:11,2025-04-03,48357
15:36:18,2025-04-03,48253
03:36:11,2025-04-04,48284
15:36:11,2025-04-04,48195
03:36:14,2025-04-05,48121
03:39:41,2025-04-06,47987
15:36:10,2025-04-06,47732
03:36:11,2025-04-07,47614
15:36:12,2025-04-07,47398
03:36:11,2025-04-08,47043
15:36:12,2025-04-08,46464
03:36:12,2025-04-09,46610
15:36:11,2025-04-09,46465
03:36:10,2025-04-10,46660
15:36:10,2025-04-10,46737
03:36:11,2025-04-11,46771
15:36:11,2025-04-11,46696
03:39:38,2025-04-12,46699
15:36:10,2025-04-12,46824
03:36:10,2025-04-13,46977
15:36:11,2025-04-13,47012
03:36:11,2025-04-14,46969
15:36:11,2025-04-14,46861
03:36:10,2025-04-15,46608
15:36:11,2025-04-15,46506
15:36:11,2025-04-16,46432
03:36:12,2025-04-17,46295
03:36:11,2025-04-18,46276
15:36:10,2025-04-18,46314
03:36:10,2025-04-19,46413
15:36:11,2025-04-19,46469
03:36:11,2025-04-20,46512
15:36:11,2025-04-20,46471
03:36:10,2025-04-21,46357
15:36:11,2025-04-21,46302
03:36:12,2025-04-22,46342
15:36:12,2025-04-22,46427
03:36:11,2025-04-23,46870
15:36:11,2025-04-23,46666
03:36:11,2025-04-25,46080
15:36:11,2025-04-25,45763
03:36:12,2025-04-26,45661
15:36:10,2025-04-26,45367
03:36:11,2025-04-27,45215
15:36:11,2025-04-27,44994
03:36:11,2025-04-28,45008
03:36:11,2025-04-29,44921
15:36:11,2025-04-29,44837
03:36:12,2025-04-30,44699
15:36:10,2025-04-30,44684
03:36:11,2025-05-01,44771
15:36:11,2025-05-01,44731
03:36:11,2025-05-02,44853
15:36:11,2025-05-02,44601
15:36:12,2025-05-03,44630
03:36:11,2025-05-04,44671
15:36:11,2025-05-04,44682
03:36:13,2025-05-05,44756
15:36:11,2025-05-05,44662
15:36:13,2025-05-06,44372
03:36:11,2025-05-07,44990
15:36:11,2025-05-07,45743
03:36:11,2025-05-08,46290
15:36:11,2025-05-08,46754
03:36:11,2025-05-09,47059
03:36:11,2025-05-10,47673
15:36:12,2025-05-10,48273
03:36:11,2025-05-11,48720
15:36:11,2025-05-11,49092
03:36:12,2025-05-12,49332
15:36:11,2025-05-12,49605
03:36:11,2025-05-13,49788
15:36:11,2025-05-13,50051
03:36:10,2025-05-14,50241
03:36:11,2025-05-15,50387
03:36:11,2025-05-16,50730
03:36:11,2025-05-17,51016
15:36:12,2025-05-17,51055
03:36:12,2025-05-18,51044
15:36:10,2025-05-18,51400
03:36:11,2025-05-19,51773
15:36:11,2025-05-19,51951
03:36:11,2025-05-20,52065
15:36:11,2025-05-20,52062
03:36:11,2025-05-21,52006
15:36:10,2025-05-21,51872
03:36:10,2025-05-22,51741
15:39:16,2025-05-22,51823
15:36:11,2025-05-23,51942
03:36:11,2025-05-24,51981
15:39:13,2025-05-24,51752
03:36:10,2025-05-25,51647
15:36:11,2025-05-25,51428
03:36:11,2025-05-26,51494
15:36:11,2025-05-26,51315
03:36:11,2025-05-27,51287
15:36:11,2025-05-27,51258
03:36:11,2025-05-28,51190
15:41:32,2025-05-28,51046
03:36:11,2025-05-29,50923
15:36:11,2025-05-29,50736
03:36:11,2025-05-30,50695
15:36:11,2025-05-30,50556
03:36:11,2025-05-31,50419
15:36:11,2025-05-31,50176
03:36:10,2025-06-01,50633
15:36:20,2025-06-01,50540
03:36:11,2025-06-02,50365
15:36:11,2025-06-02,50217
03:36:12,2025-06-03,50145
15:36:12,2025-06-03,50097
03:36:11,2025-06-04,49453
15:36:11,2025-06-04,49612
03:36:11,2025-06-05,49851
15:41:11,2025-06-05,49831
03:36:11,2025-06-06,49853
15:36:11,2025-06-06,49884
03:41:07,2025-06-07,50015
15:36:11,2025-06-07,49942
03:36:12,2025-06-08,50103
03:36:10,2025-06-09,50183
15:36:11,2025-06-09,50145
03:41:09,2025-06-10,50465
15:36:11,2025-06-10,50506
03:36:11,2025-06-11,50503
15:36:12,2025-06-11,50555
03:36:11,2025-06-12,50754
03:36:11,2025-06-13,50694
15:40:20,2025-06-13,50522
03:40:05,2025-06-14,50609
15:36:11,2025-06-14,50628
03:36:10,2025-06-15,50538
15:40:51,2025-06-15,50455
15:36:14,2025-06-16,50299
03:36:11,2025-06-17,50288
15:36:11,2025-06-17,50141
03:36:11,2025-06-18,50579
15:36:11,2025-06-18,50469
15:36:11,2025-06-19,50154
03:40:02,2025-06-20,50040
15:36:11,2025-06-20,49870
03:36:12,2025-06-21,49729
15:36:11,2025-06-21,49619
03:39:08,2025-06-22,49402
15:36:10,2025-06-22,49215
03:36:11,2025-06-23,49187
15:36:10,2025-06-23,49011
03:36:10,2025-06-24,48522
15:36:11,2025-06-24,48559
03:36:11,2025-06-25,48765
15:36:12,2025-06-25,48849
03:36:11,2025-06-26,48764
15:36:14,2025-06-26,48649
03:36:11,2025-06-27,48644
15:36:10,2025-06-27,48635
03:36:11,2025-06-28,48456
15:41:31,2025-06-28,48379
03:36:11,2025-06-29,48373
15:36:11,2025-06-29,48319
03:36:12,2025-06-30,48256
15:39:16,2025-06-30,47961
03:36:11,2025-07-01,48092
15:36:12,2025-07-01,48053
03:36:11,2025-07-02,48089
15:36:11,2025-07-02,48073
03:40:05,2025-07-03,48049
15:36:15,2025-07-03,47953
03:36:11,2025-07-04,47914
15:36:12,2025-07-04,47903
03:36:11,2025-07-05,48012
15:36:11,2025-07-05,48002
03:36:12,2025-07-06,48016
15:36:11,2025-07-06,48141
03:36:11,2025-07-07,48098
15:36:11,2025-07-07,48056
03:36:11,2025-07-08,48092
15:36:12,2025-07-08,47751
03:36:11,2025-07-09,47649
15:36:14,2025-07-09,47281
03:36:13,2025-07-10,47054
15:42:00,2025-07-10,46761
03:36:12,2025-07-11,46518
15:36:11,2025-07-11,46285
03:36:11,2025-07-12,46152
15:36:11,2025-07-12,45982
03:41:22,2025-07-13,45848
15:36:11,2025-07-13,45750
03:36:11,2025-07-14,45577
03:36:13,2025-07-15,45520
15:36:11,2025-07-15,45435
03:36:12,2025-07-16,44967
15:36:15,2025-07-16,44887
03:36:11,2025-07-17,44984
15:36:13,2025-07-17,44977
03:39:31,2025-07-18,44865
15:36:11,2025-07-18,44836
03:40:33,2025-07-19,44656
15:36:11,2025-07-19,44597
03:36:11,2025-07-20,44601
15:36:12,2025-07-20,44473
03:40:16,2025-07-21,44387
15:36:11,2025-07-21,44314
03:42:05,2025-07-22,44272
15:36:11,2025-07-22,44303
03:36:13,2025-07-23,44146
15:39:28,2025-07-23,44078
03:36:11,2025-07-24,44065
15:36:10,2025-07-24,44092
03:36:12,2025-07-25,44040
15:36:11,2025-07-25,44031
03:40:19,2025-07-26,44072
15:36:11,2025-07-26,44103
03:36:11,2025-07-27,44062
15:36:11,2025-07-27,44040
03:36:11,2025-07-28,44126
15:36:14,2025-07-28,44123
03:36:11,2025-07-29,44079
15:36:15,2025-07-29,43935
03:36:11,2025-07-30,44437
03:36:11,2025-07-31,44142
15:41:32,2025-07-31,43994
03:36:11,2025-08-01,44109
15:36:12,2025-08-01,44219
03:40:07,2025-08-02,44395
15:36:11,2025-08-03,44556
03:36:12,2025-08-04,44613
15:40:58,2025-08-04,44643
15:39:59,2025-08-05,44641
03:41:34,2025-08-06,44221
03:36:13,2025-08-07,43892
15:41:20,2025-08-07,43803
15:41:59,2025-08-08,43836
03:36:12,2025-08-09,43875
15:36:11,2025-08-09,43983
03:39:13,2025-08-10,44085
15:41:51,2025-08-10,44089
03:36:12,2025-08-11,44168
03:36:14,2025-08-12,44327
15:36:11,2025-08-12,44484
03:36:12,2025-08-13,44391
15:36:16,2025-08-13,44424
03:36:11,2025-08-14,44502
15:40:25,2025-08-14,44296
03:36:12,2025-08-15,44172
15:36:14,2025-08-15,44051
03:36:15,2025-08-16,43990
15:42:04,2025-08-16,43889
03:36:11,2025-08-17,43948
15:36:11,2025-08-17,43979
03:36:11,2025-08-18,44008
15:36:16,2025-08-18,43898
03:36:13,2025-08-19,43784
15:36:17,2025-08-19,43539
03:36:11,2025-08-20,43918
15:36:11,2025-08-20,44429
15:41:35,2025-08-21,44644
03:36:11,2025-08-22,44776
15:36:17,2025-08-22,44905
03:36:11,2025-08-23,44843
15:40:14,2025-08-23,44795
15:36:11,2025-08-24,44976
03:36:10,2025-08-25,44994
15:36:11,2025-08-25,45122
03:36:17,2025-08-26,45075
15:39:04,2025-08-26,44826
03:39:23,2025-08-27,44886
15:36:16,2025-08-27,44776
15:36:15,2025-08-28,44588
03:36:14,2025-08-29,44637
15:36:14,2025-08-29,44517
03:36:14,2025-08-30,44433
15:40:53,2025-08-30,44434
03:36:11,2025-08-31,44418
15:36:12,2025-08-31,44640
03:36:12,2025-09-01,44753
15:36:13,2025-09-01,44772
03:36:11,2025-09-02,44917
03:41:36,2025-09-03,44977
15:36:18,2025-09-03,45322
03:36:11,2025-09-04,45498
15:36:10,2025-09-04,45663
15:36:10,2025-09-06,46443
03:36:11,2025-09-07,47019
15:36:11,2025-09-07,47401
03:36:11,2025-09-08,47761
15:36:13,2025-09-08,47875
03:41:15,2025-09-09,48153
15:36:13,2025-09-09,48328
03:39:11,2025-09-10,48408
15:36:13,2025-09-11,48713
03:36:12,2025-09-12,48882
15:36:13,2025-09-12,48930
03:36:12,2025-09-13,49017
15:36:11,2025-09-13,49186
03:36:13,2025-09-14,49467
15:36:13,2025-09-14,49438
03:36:11,2025-09-15,49478
15:36:11,2025-09-15,49522
03:36:12,2025-09-16,49453
15:36:11,2025-09-16,49399
03:36:11,2025-09-17,49590
15:36:12,2025-09-17,49415
03:36:11,2025-09-18,49212
15:36:14,2025-09-18,49040
15:36:11,2025-09-19,49046
03:36:11,2025-09-20,49054
15:36:11,2025-09-20,48758
03:36:12,2025-09-21,48579
15:36:11,2025-09-21,48442
03:36:11,2025-09-22,48230
15:36:11,2025-09-22,48066
03:36:11,2025-09-23,47925
15:39:57,2025-09-23,47777
03:41:01,2025-09-24,47648
15:36:11,2025-09-24,47450
03:36:11,2025-09-25,47443
15:36:12,2025-09-25,47223
03:36:11,2025-09-26,47070
15:36:13,2025-09-26,46867
03:36:11,2025-09-27,46723
15:41:06,2025-09-27,46676
15:39:46,2025-09-28,46476
03:36:11,2025-09-29,46283
03:39:44,2025-09-30,46015
15:36:13,2025-09-30,45922
03:36:11,2025-10-01,46138
03:36:11,2025-10-03,46948
15:36:11,2025-10-03,46945
03:36:11,2025-10-04,46878
15:36:13,2025-10-04,47013
03:36:11,2025-10-05,47164
15:36:10,2025-10-05,47236
03:36:12,2025-10-06,47277
15:36:12,2025-10-06,47299
03:36:11,2025-10-07,47308
15:36:14,2025-10-07,47302
15:36:11,2025-10-08,47272
03:40:08,2025-10-09,47269
15:36:11,2025-10-09,47240
15:36:11,2025-10-10,47343
03:36:11,2025-10-11,47393
15:36:11,2025-10-11,47508
03:36:11,2025-10-12,47599
15:36:11,2025-10-12,47642
03:36:19,2025-10-14,47920
15:36:11,2025-10-14,47862
15:36:11,2025-10-15,47446
03:36:13,2025-10-17,47126
15:36:11,2025-10-17,47016
03:36:11,2025-10-18,46941
03:36:11,2025-10-19,46705
15:40:24,2025-10-19,46568
03:36:11,2025-10-20,46270
15:39:55,2025-10-20,46172
03:36:11,2025-10-21,46191
15:40:12,2025-10-21,45999
03:36:12,2025-10-22,45732
15:36:12,2025-10-22,45679
15:36:11,2025-10-23,45903
03:36:13,2025-10-24,46057
03:36:16,2025-10-25,46042
15:36:10,2025-10-25,46111
03:36:14,2025-10-26,46403
15:36:11,2025-10-26,46635
03:40:40,2025-10-27,46785
15:41:04,2025-10-27,46819
15:36:11,2025-10-28,46367
03:36:11,2025-10-29,46311
15:36:14,2025-10-29,46143
03:40:28,2025-10-30,46001
03:36:16,2025-10-31,45979
15:40:36,2025-10-31,46064
03:41:02,2025-11-01,46663
03:36:12,2025-11-02,46697
15:36:11,2025-11-02,46691
04:36:11,2025-11-03,46640
16:36:16,2025-11-03,46620
04:40:56,2025-11-04,46561
16:40:42,2025-11-04,46666
04:36:13,2025-11-05,46783
16:36:11,2025-11-05,46751
16:36:20,2025-11-06,46446
04:36:11,2025-11-08,45994
04:36:11,2025-11-09,46039
04:41:51,2025-11-10,45953
16:36:11,2025-11-10,45745
04:36:11,2025-11-12,45463
16:36:11,2025-11-13,45108
04:40:40,2025-11-14,44995
04:40:08,2025-11-15,43897
16:36:11,2025-11-15,43900
04:36:11,2025-11-16,43870
16:36:13,2025-11-16,43847
16:36:13,2025-11-17,43725
04:36:13,2025-11-18,43682
16:36:11,2025-11-18,43610
04:36:11,2025-11-19,43752
16:36:12,2025-11-19,44082
04:36:10,2025-11-20,44312
16:36:12,2025-11-20,44593
04:36:12,2025-11-21,44748
16:36:10,2025-11-21,44868
16:36:11,2025-11-22,44860
04:36:11,2025-11-23,44929
04:36:10,2025-11-24,45054
04:36:11,2025-11-25,45056
16:36:12,2025-11-25,44978
04:40:57,2025-11-26,44854
16:41:53,2025-11-26,44924
04:36:10,2025-11-27,45094
16:36:14,2025-11-28,45406
04:36:12,2025-11-29,45473
16:40:34,2025-11-29,45444
04:36:11,2025-12-01,45799
16:36:11,2025-12-01,45946
16:36:12,2025-12-02,45891
04:36:11,2025-12-03,45858
16:36:11,2025-12-03,45572
04:36:11,2025-12-04,45300
04:36:15,2025-12-05,44903
16:36:15,2025-12-05,44695
16:36:14,2025-12-06,44511
04:36:12,2025-12-07,44369
16:36:11,2025-12-07,44283
04:36:16,2025-12-08,44166
16:36:13,2025-12-08,43940
04:36:11,2025-12-10,43768
04:36:11,2025-12-11,43519
04:36:11,2025-12-12,43088
16:36:11,2025-12-12,42923
04:36:11,2025-12-13,42806
16:36:10,2025-12-13,42555
04:36:10,2025-12-14,42443
16:36:11,2025-12-14,42252
16:41:26,2025-12-15,41635
16:36:12,2025-12-16,41590
16:41:07,2025-12-17,41969
16:36:11,2025-12-18,42181
16:42:06,2025-12-19,42317
04:40:09,2025-12-20,42326
16:36:12,2025-12-20,42271
04:36:11,2025-12-21,42239
16:36:10,2025-12-21,42147
04:36:11,2025-12-23,42223
16:36:11,2025-12-23,42282
04:36:11,2025-12-24,42390
16:36:12,2025-12-24,42404
04:36:10,2025-12-25,42409
04:40:18,2025-12-26,42562
16:36:11,2025-12-26,42540
16:36:11,2025-12-27,42685
04:36:11,2025-12-28,42667
16:36:10,2025-12-29,42559
04:36:14,2025-12-30,42613
16:42:00,2025-12-30,42471
16:36:21,2025-12-31,42586
16:40:26,2026-01-01,42614
04:36:11,2026-01-03,42704
16:36:12,2026-01-05,42663
04:36:12,2026-01-06,42675
04:36:11,2026-01-07,42568
16:36:11,2026-01-07,42355
04:36:11,2026-01-08,42339
16:36:14,2026-01-08,42308
16:36:14,2026-01-09,42033
04:36:13,2026-01-10,42085
04:36:11,2026-01-11,42087
04:40:18,2026-01-12,42135
16:36:12,2026-01-12,41998
04:36:11,2026-01-13,41839
16:36:13,2026-01-13,41685
04:36:11,2026-01-14,41596
16:36:11,2026-01-14,41408
04:41:02,2026-01-17,40195
16:36:11,2026-01-17,40033
04:36:11,2026-01-18,40195
16:36:11,2026-01-18,40226
16:36:11,2026-01-19,40219
16:36:10,2026-01-20,40100
04:36:11,2026-01-21,40060
16:36:15,2026-01-21,40051
04:36:11,2026-01-22,40061
04:36:11,2026-01-23,39945
16:36:15,2026-01-23,39941
16:36:12,2026-01-24,40104
04:36:12,2026-01-25,40251
16:36:13,2026-01-25,40413
16:40:32,2026-01-26,40981
04:36:13,2026-01-27,41146
16:36:15,2026-01-27,41191
04:36:12,2026-01-28,41169
04:36:11,2026-01-29,40848
04:36:12,2026-01-30,40651
16:36:11,2026-01-30,40528
16:39:52,2026-01-31,40804
04:40:18,2026-02-01,40990
16:36:11,2026-02-01,41066
16:36:11,2026-02-02,40875
16:36:11,2026-02-03,40610
04:36:14,2026-02-05,40377
16:36:14,2026-02-05,40356
04:36:13,2026-02-06,40275
16:36:15,2026-02-06,40279
04:41:22,2026-02-08,40188
16:36:11,2026-02-08,39992
04:40:18,2026-02-09,39854
16:36:15,2026-02-09,39492
04:36:11,2026-02-10,39351
16:36:12,2026-02-10,39106
16:36:11,2026-02-11,38982
04:41:31,2026-02-12,38978
04:42:10,2026-02-13,38767
16:36:10,2026-02-14,38287
04:36:11,2026-02-15,38057
16:36:11,2026-02-15,37789
04:36:11,2026-02-16,37745
16:36:12,2026-02-16,37603
04:36:10,2026-02-17,37547
16:41:12,2026-02-17,37455
09:54:21,2026-02-17,37442
15:55:43,2026-02-18,37237
17:09:53,2026-02-18,37230
19:00:23,2026-02-18,37220
19:52:58,2026-02-18,37197
20:43:40,2026-02-18,37177
21:38:24,2026-02-18,37119
22:37:12,2026-02-18,37111
23:34:05,2026-02-18,37098
02:25:38,2026-02-19,37041
02:30:40,2026-02-19,37036
04:55:23,2026-02-19,36966
06:01:57,2026-02-19,36943
07:50:49,2026-02-19,36923
08:51:13,2026-02-19,36915
09:52:29,2026-02-19,36915
10:49:24,2026-02-19,36896
11:40:32,2026-02-19,36881
13:13:58,2026-02-19,36929
14:51:54,2026-02-19,36996
15:52:58,2026-02-19,36975
16:58:01,2026-02-19,36979
17:55:01,2026-02-19,36956
18:55:44,2026-02-19,36930
19:41:33,2026-02-19,36913
20:37:10,2026-02-19,36902
21:36:47,2026-02-19,36874
22:35:27,2026-02-19,36866
23:33:25,2026-02-19,36858
02:26:15,2026-02-20,36790
04:49:22,2026-02-20,36724
05:56:10,2026-02-20,36748
07:04:34,2026-02-20,36746
08:45:47,2026-02-20,36726
09:45:24,2026-02-20,36726
10:41:06,2026-02-20,36722
11:35:15,2026-02-20,36709
13:05:43,2026-02-20,36692
14:41:31,2026-02-20,36686
15:39:55,2026-02-20,36672
16:44:18,2026-02-20,36655
17:40:16,2026-02-20,36656
18:53:49,2026-02-20,36640
19:38:23,2026-02-20,36632
20:36:47,2026-02-20,36638
21:28:55,2026-02-20,36662
22:30:15,2026-02-20,36651
23:31:57,2026-02-20,36653
02:13:24,2026-02-21,36656
04:39:07,2026-02-21,36633
05:44:25,2026-02-21,36656
06:48:24,2026-02-21,36679
07:34:55,2026-02-21,36683
08:35:33,2026-02-21,36676
09:33:26,2026-02-21,36692
10:30:12,2026-02-21,36696
11:25:58,2026-02-21,36709
12:55:06,2026-02-21,36729
13:45:01,2026-02-21,36742
14:29:33,2026-02-21,36739
15:28:48,2026-02-21,36761
16:33:28,2026-02-21,36789
17:28:12,2026-02-21,36819
18:39:58,2026-02-21,36841
19:27:24,2026-02-21,36883
20:29:10,2026-02-21,36905
21:27:04,2026-02-21,36913
22:27:57,2026-02-21,36891
23:27:42,2026-02-21,36890
11:24:56,2026-02-22,36949
12:56:48,2026-02-22,36947
13:48:44,2026-02-22,36957
14:29:41,2026-02-22,36948
15:29:03,2026-02-22,36948
16:35:22,2026-02-22,36938
17:28:18,2026-02-22,36935
18:39:57,2026-02-22,36972
19:27:57,2026-02-22,36968
20:30:39,2026-02-22,36960
21:28:27,2026-02-22,36982
22:28:32,2026-02-22,36969
23:30:21,2026-02-22,36962
02:32:01,2026-02-23,36970
06:03:24,2026-02-23,36951
07:33:08,2026-02-23,36939
08:08:11,2026-02-23,36944
09:08:52,2026-02-23,36937
10:13:34,2026-02-23,36940
11:09:47,2026-02-23,36934
11:55:41,2026-02-23,36944
13:00:11,2026-02-23,36949
14:14:50,2026-02-23,36951
15:09:20,2026-02-23,36956
16:06:07,2026-02-23,36964
17:32:18,2026-02-23,36955
18:38:52,2026-02-23,36997
19:43:34,2026-02-23,37011
20:41:06,2026-02-23,36995
21:41:28,2026-02-23,36986
22:37:46,2026-02-23,36989
23:20:12,2026-02-23,36980
23:57:43,2026-02-23,36986
02:30:24,2026-02-24,36967
04:31:26,2026-02-24,36952
05:44:58,2026-02-24,36958
06:56:34,2026-02-24,36952
07:51:02,2026-02-24,36947
08:42:04,2026-02-24,36938
09:49:18,2026-02-24,36939
10:44:23,2026-02-24,36901
11:38:20,2026-02-24,36857
12:06:00,2026-02-24,36842
13:45:34,2026-02-24,36797
14:46:32,2026-02-24,36747
15:55:54,2026-02-24,36698
17:04:59,2026-02-24,36647
18:11:04,2026-02-24,36582
19:27:06,2026-02-24,36667
20:01:39,2026-02-24,36698
20:57:42,2026-02-24,36761
21:38:52,2026-02-24,36826
22:03:54,2026-02-24,36861
22:54:44,2026-02-24,36928
23:28:27,2026-02-24,36969
23:59:16,2026-02-24,36983
02:50:21,2026-02-25,37111
04:50:35,2026-02-25,37242
05:58:28,2026-02-25,37256
07:09:42,2026-02-25,37292
08:03:00,2026-02-25,37313
09:09:35,2026-02-25,37316
10:13:18,2026-02-25,37327
11:10:58,2026-02-25,37364
11:55:04,2026-02-25,37377
12:57:57,2026-02-25,37394
14:11:34,2026-02-25,37420
15:12:05,2026-02-25,37453
16:35:41,2026-02-25,37472
17:40:08,2026-02-25,37528
18:40:46,2026-02-25,37552
19:48:00,2026-02-25,37574
20:32:21,2026-02-25,37622
21:05:03,2026-02-25,37649
21:50:53,2026-02-25,37725
22:29:48,2026-02-25,37785
23:03:31,2026-02-25,37829
23:46:04,2026-02-25,37872
01:50:19,2026-02-26,38071
04:14:07,2026-02-26,38282
05:36:28,2026-02-26,38367
06:37:23,2026-02-26,38409
07:37:16,2026-02-26,38459
08:25:42,2026-02-26,38499
09:30:36,2026-02-26,38551
10:28:31,2026-02-26,38599
11:25:59,2026-02-26,38644
12:05:23,2026-02-26,38670
13:45:06,2026-02-26,38759
14:43:41,2026-02-26,38823
15:51:36,2026-02-26,38885
16:55:12,2026-02-26,38973
17:55:10,2026-02-26,39066
18:49:23,2026-02-26,38187
19:41:56,2026-02-26,38218
20:34:08,2026-02-26,38243
21:06:24,2026-02-26,38272
21:47:50,2026-02-26,38323
22:30:25,2026-02-26,38324
23:02:54,2026-02-26,38348
23:47:42,2026-02-26,38366
16:37:24,2026-02-27,38761
17:08:16,2026-02-27,38781
17:55:09,2026-02-27,38788
18:41:07,2026-02-27,38814
19:31:08,2026-02-27,38844
19:57:44,2026-02-27,38859
20:36:43,2026-02-27,38906
20:59:00,2026-02-27,38918
21:35:26,2026-02-27,38937
21:56:11,2026-02-27,38964
22:22:09,2026-02-27,38963
22:55:03,2026-02-27,38975
23:21:04,2026-02-27,38989
23:53:17,2026-02-27,39013
01:40:29,2026-02-28,39069
03:51:52,2026-02-28,39149
04:52:46,2026-02-28,39175
05:30:45,2026-02-28,39203
05:59:10,2026-02-28,39212
06:50:45,2026-02-28,39234
07:23:36,2026-02-28,39258
07:51:11,2026-02-28,39264
08:25:10,2026-02-28,39277
08:56:37,2026-02-28,39281
09:27:34,2026-02-28,39299
09:51:45,2026-02-28,39296
10:19:55,2026-02-28,39322
10:44:05,2026-02-28,39326
11:16:36,2026-02-28,39346
11:33:46,2026-02-28,39356
11:48:35,2026-02-28,39363
12:38:53,2026-02-28,39390
13:23:52,2026-02-28,39397
13:56:18,2026-02-28,39417
14:22:07,2026-02-28,39434
14:52:19,2026-02-28,39451
15:19:28,2026-02-28,39475
15:40:50,2026-02-28,39494
16:22:31,2026-02-28,39535
16:53:44,2026-02-28,39549
17:17:44,2026-02-28,39549
17:40:15,2026-02-28,39542
18:28:37,2026-02-28,39554
18:58:46,2026-02-28,39590
19:26:07,2026-02-28,39608
19:47:27,2026-02-28,39626
20:21:52,2026-02-28,39649
20:52:57,2026-02-28,39692
21:18:14,2026-02-28,39712
21:38:19,2026-02-28,39730
21:51:51,2026-02-28,39762
22:19:44,2026-02-28,39809
22:43:08,2026-02-28,39849
23:18:33,2026-02-28,39899
23:39:52,2026-02-28,39923
23:53:35,2026-02-28,39936
02:01:06,2026-03-01,40021
04:31:32,2026-03-01,40089
05:39:01,2026-03-01,40129
06:26:53,2026-03-01,40136
07:21:32,2026-03-01,40158
07:54:52,2026-03-01,40154
08:27:22,2026-03-01,40156
08:59:04,2026-03-01,40152
09:37:36,2026-03-01,40150
09:56:02,2026-03-01,40163
10:24:03,2026-03-01,40165
10:54:28,2026-03-01,40153
11:17:47,2026-03-01,40150
11:36:36,2026-03-01,40154
11:50:22,2026-03-01,40155
12:41:25,2026-03-01,40169
13:36:47,2026-03-01,40186
13:58:59,2026-03-01,40179
14:31:33,2026-03-01,40203
14:54:00,2026-03-01,40224
15:20:04,2026-03-01,40236
15:41:48,2026-03-01,40252
16:23:47,2026-03-01,40264
16:56:56,2026-03-01,40278
17:23:45,2026-03-01,40305
17:53:07,2026-03-01,40326
18:29:02,2026-03-01,40315
19:00:12,2026-03-01,40344
19:30:27,2026-03-01,40354
19:49:45,2026-03-01,40362
20:22:46,2026-03-01,40381
20:54:19,2026-03-01,40395
21:20:01,2026-03-01,40419
21:41:07,2026-03-01,40457
22:20:34,2026-03-01,40480
22:54:15,2026-03-01,40511
23:20:40,2026-03-01,40542
23:53:02,2026-03-01,40567
01:51:57,2026-03-02,40656
04:12:05,2026-03-02,40732
05:31:40,2026-03-02,40739
06:34:38,2026-03-02,40767
07:34:53,2026-03-02,40793
08:05:09,2026-03-02,40798
09:03:04,2026-03-02,40811
10:07:58,2026-03-02,40815
11:04:53,2026-03-02,40811
11:47:28,2026-03-02,40825
12:52:51,2026-03-02,40819
13:58:43,2026-03-02,40838
14:50:37,2026-03-02,40871
15:38:45,2026-03-02,40889
17:08:17,2026-03-02,40938
18:00:46,2026-03-02,40973
19:07:59,2026-03-02,41007
19:52:35,2026-03-02,41007
20:34:12,2026-03-02,41010
21:04:46,2026-03-02,41009
21:51:04,2026-03-02,41010
22:23:59,2026-03-02,41012
22:57:23,2026-03-02,41028
23:29:40,2026-03-02,41026
23:55:51,2026-03-02,41042
02:02:03,2026-03-03,41044
04:23:38,2026-03-03,41077
05:36:38,2026-03-03,41083
06:29:16,2026-03-03,41084
07:28:38,2026-03-03,41085
08:04:37,2026-03-03,41093
09:01:28,2026-03-03,41106
10:01:54,2026-03-03,41116
11:01:32,2026-03-03,41115
11:48:31,2026-03-03,41117
12:51:31,2026-03-03,41090
13:57:49,2026-03-03,41077
14:49:12,2026-03-03,41086
15:43:34,2026-03-03,41092
16:42:26,2026-03-03,41087
17:40:50,2026-03-03,41104
18:42:24,2026-03-03,41122
19:37:16,2026-03-03,41137
20:01:19,2026-03-03,41141
20:49:07,2026-03-03,41142
21:31:10,2026-03-03,41136
21:58:58,2026-03-03,41137
22:37:19,2026-03-03,41140
22:57:51,2026-03-03,41143
23:31:21,2026-03-03,41136
23:55:34,2026-03-03,41134
01:52:50,2026-03-04,41170
04:06:34,2026-03-04,41170
05:15:06,2026-03-04,41184
06:01:07,2026-03-04,41189
07:07:35,2026-03-04,41193
07:53:20,2026-03-04,41193
08:35:18,2026-03-04,41187
09:08:14,2026-03-04,41179
09:59:07,2026-03-04,41182
10:47:10,2026-03-04,41178
11:27:39,2026-03-04,41175
11:56:21,2026-03-04,41169
12:56:39,2026-03-04,41174
13:59:09,2026-03-04,41212
14:43:22,2026-03-04,41221
15:37:13,2026-03-04,41239
16:08:46,2026-03-04,41251
17:04:23,2026-03-04,41259
17:58:43,2026-03-04,41276
18:59:52,2026-03-04,41285
19:41:44,2026-03-04,41314
20:29:03,2026-03-04,41317
21:00:59,2026-03-04,41321
21:50:39,2026-03-04,41325
22:27:42,2026-03-04,41342
23:01:03,2026-03-04,41333
23:46:27,2026-03-04,41329
01:51:18,2026-03-05,41394
04:10:07,2026-03-05,41442
05:18:52,2026-03-05,41435
06:05:12,2026-03-05,41461
07:11:34,2026-03-05,41456
07:56:30,2026-03-05,41469
08:42:23,2026-03-05,41470
09:39:42,2026-03-05,41478
10:23:54,2026-03-05,41490
11:09:55,2026-03-05,41504
11:50:11,2026-03-05,41507
12:54:06,2026-03-05,41521
13:59:59,2026-03-05,41538
14:56:54,2026-03-05,41553
15:51:57,2026-03-05,41579
18:00:53,2026-03-05,41598
19:36:57,2026-03-05,41622
20:07:28,2026-03-05,41628
20:54:41,2026-03-05,41630
21:31:31,2026-03-05,41643
22:01:02,2026-03-05,41629
23:29:39,2026-03-05,41620
00:06:21,2026-03-06,41619
03:09:45,2026-03-06,41613
04:53:01,2026-03-06,41627
05:42:29,2026-03-06,41628
06:43:12,2026-03-06,41606
07:36:20,2026-03-06,41608
08:01:55,2026-03-06,41607
08:56:48,2026-03-06,41612
09:40:10,2026-03-06,41609
10:06:00,2026-03-06,41606
10:57:24,2026-03-06,41605
11:31:38,2026-03-06,41608
11:55:33,2026-03-06,41599
12:51:46,2026-03-06,41597
13:53:06,2026-03-06,41612
14:35:13,2026-03-06,41590
15:07:42,2026-03-06,41590
15:54:47,2026-03-06,41586
16:36:42,2026-03-06,41587
17:20:10,2026-03-06,41582
17:56:19,2026-03-06,41576
18:44:27,2026-03-06,41582
19:31:56,2026-03-06,41589
19:58:11,2026-03-06,41591
20:37:37,2026-03-06,41591
21:00:12,2026-03-06,41596
21:37:52,2026-03-06,41588
21:56:48,2026-03-06,41591
22:30:21,2026-03-06,41603
22:58:54,2026-03-06,41607
23:34:14,2026-03-06,41589
23:54:40,2026-03-06,41588
01:44:33,2026-03-07,41552
03:57:49,2026-03-07,41580
05:01:46,2026-03-07,41616
05:54:03,2026-03-07,41614
06:35:57,2026-03-07,41602
07:06:18,2026-03-07,41616
07:43:56,2026-03-07,41614
08:27:04,2026-03-07,41604
08:58:31,2026-03-07,41605
09:35:13,2026-03-07,41588
09:54:39,2026-03-07,41578
10:20:11,2026-03-07,41581
10:44:46,2026-03-07,41573
11:17:27,2026-03-07,41572
11:36:17,2026-03-07,41580
11:50:40,2026-03-07,41584
12:40:01,2026-03-07,41567
13:26:10,2026-03-07,41560
13:58:12,2026-03-07,41556
14:29:00,2026-03-07,41551
14:54:35,2026-03-07,41552
15:19:58,2026-03-07,41542
15:41:27,2026-03-07,41537
16:23:17,2026-03-07,41551
16:55:13,2026-03-07,41528
17:18:40,2026-03-07,41532
17:41:21,2026-03-07,41538
18:29:03,2026-03-07,41551
18:59:19,2026-03-07,41540
19:29:01,2026-03-07,41549
19:49:11,2026-03-07,41547
20:21:24,2026-03-07,41550
20:53:29,2026-03-07,41565
21:18:06,2026-03-07,41561
21:38:58,2026-03-07,41562
21:52:35,2026-03-07,41565
22:20:13,2026-03-07,41561
22:53:47,2026-03-07,41585
23:19:38,2026-03-07,41574
23:40:54,2026-03-07,41577
01:52:14,2026-03-08,41552
04:09:04,2026-03-08,41567
05:15:34,2026-03-08,41572
05:59:07,2026-03-08,41564
06:55:12,2026-03-08,41582
07:28:43,2026-03-08,41581
07:53:56,2026-03-08,41583
08:27:38,2026-03-08,41578
08:59:16,2026-03-08,41574
09:37:38,2026-03-08,41569
09:56:27,2026-03-08,41557
10:26:02,2026-03-08,41552
10:54:56,2026-03-08,41556
11:18:22,2026-03-08,41566
11:39:11,2026-03-08,41561
11:53:04,2026-03-08,41568
12:41:16,2026-03-08,41557
13:37:49,2026-03-08,41566
14:00:05,2026-03-08,41553
14:33:54,2026-03-08,41565
14:54:54,2026-03-08,41562
15:20:30,2026-03-08,41561
15:51:29,2026-03-08,41554
16:24:09,2026-03-08,41553
16:56:50,2026-03-08,41548
17:24:25,2026-03-08,41537
17:53:48,2026-03-08,41541
18:29:26,2026-03-08,41539
19:00:42,2026-03-08,41546
19:38:03,2026-03-08,41560
19:51:57,2026-03-08,41568
20:21:58,2026-03-08,41580
20:54:54,2026-03-08,41572
21:20:22,2026-03-08,41587
21:51:23,2026-03-08,41583
22:20:01,2026-03-08,41588
22:45:04,2026-03-08,41583
23:20:43,2026-03-08,41584
23:53:15,2026-03-08,41590
01:53:51,2026-03-09,41590
04:14:48,2026-03-09,41570
05:35:59,2026-03-09,41570
06:39:31,2026-03-09,41562
07:38:04,2026-03-09,41555
08:05:59,2026-03-09,41564
09:03:47,2026-03-09,41557
10:09:11,2026-03-09,41553
11:05:31,2026-03-09,41543
11:51:10,2026-03-09,41541
12:56:07,2026-03-09,41543
14:05:49,2026-03-09,41533
15:13:08,2026-03-09,41516
16:15:00,2026-03-09,41527
17:11:40,2026-03-09,41526
18:02:37,2026-03-09,41536
19:11:46,2026-03-09,41529
19:53:26,2026-03-09,41539
20:30:30,2026-03-09,41544
21:02:14,2026-03-09,41535
21:48:51,2026-03-09,41538
22:25:13,2026-03-09,41529
22:58:44,2026-03-09,41530
23:34:50,2026-03-09,41531
23:54:19,2026-03-09,41524
01:46:29,2026-03-10,41497
04:06:37,2026-03-10,41505
05:16:33,2026-03-10,41511
06:02:30,2026-03-10,41506
07:09:57,2026-03-10,41493
07:56:10,2026-03-10,41478
08:41:12,2026-03-10,41471
09:40:12,2026-03-10,41446
10:23:18,2026-03-10,41437
11:18:25,2026-03-10,41457
11:49:53,2026-03-10,41471
12:53:52,2026-03-10,41511
13:59:45,2026-03-10,41552
15:00:14,2026-03-10,41589
16:07:21,2026-03-10,41625
17:09:40,2026-03-10,41677
18:02:39,2026-03-10,41713
19:09:57,2026-03-10,41663
19:53:40,2026-03-10,41597
20:29:59,2026-03-10,41508
21:01:20,2026-03-10,41438
21:44:15,2026-03-10,41369
22:24:55,2026-03-10,41308
22:58:00,2026-03-10,41270
23:32:21,2026-03-10,41235
23:55:12,2026-03-10,41192
01:46:31,2026-03-11,41069
04:07:19,2026-03-11,40910
05:18:10,2026-03-11,40799
06:05:31,2026-03-11,40770
07:13:11,2026-03-11,40729
07:56:53,2026-03-11,40704
08:43:15,2026-03-11,40661
09:39:09,2026-03-11,40619
10:23:19,2026-03-11,40598
11:18:18,2026-03-11,40570
11:50:03,2026-03-11,40545
12:53:33,2026-03-11,40517
14:04:10,2026-03-11,40479
15:08:11,2026-03-11,40443
16:05:22,2026-03-11,40419
17:12:30,2026-03-11,40377
18:05:42,2026-03-11,40330
19:12:00,2026-03-11,40266
19:53:23,2026-03-11,40220
20:30:38,2026-03-11,40173
21:01:11,2026-03-11,40124
21:49:04,2026-03-11,40095
22:23:53,2026-03-11,40076
22:55:11,2026-03-11,40042
23:22:09,2026-03-11,40054
23:55:00,2026-03-11,40061
01:49:30,2026-03-12,39998
04:11:37,2026-03-12,39927
05:31:08,2026-03-12,39866
06:31:38,2026-03-12,39822
07:31:52,2026-03-12,39799
08:05:30,2026-03-12,39782
09:03:41,2026-03-12,39745
10:02:14,2026-03-12,39734
11:01:58,2026-03-12,39696
11:45:11,2026-03-12,39673
12:53:40,2026-03-12,39649
14:01:52,2026-03-12,39599
15:11:25,2026-03-12,39565
16:17:05,2026-03-12,39537
17:13:39,2026-03-12,39495
18:04:34,2026-03-12,39475
19:12:55,2026-03-12,39459
19:54:37,2026-03-12,39440
20:31:00,2026-03-12,39413
21:03:04,2026-03-12,39405
21:49:37,2026-03-12,39336
22:22:45,2026-03-12,39325
22:57:24,2026-03-12,39300
23:31:18,2026-03-12,39283
23:55:50,2026-03-12,39257
01:57:51,2026-03-13,39168
04:15:35,2026-03-13,39060
05:29:01,2026-03-13,39024
06:29:59,2026-03-13,38967
07:31:03,2026-03-13,38948
08:05:36,2026-03-13,38926
09:00:03,2026-03-13,38910
09:51:59,2026-03-13,38905
10:33:13,2026-03-13,38888
11:07:21,2026-03-13,38872
11:47:15,2026-03-13,38867
12:52:37,2026-03-13,38843
13:58:45,2026-03-13,38824
14:50:46,2026-03-13,38799
15:39:12,2026-03-13,38777
16:20:00,2026-03-13,38773
17:02:05,2026-03-13,38746
17:53:15,2026-03-13,38724
18:40:17,2026-03-13,38703
19:29:00,2026-03-13,38673
19:58:48,2026-03-13,38655
20:43:02,2026-03-13,38640
21:29:24,2026-03-13,38594
21:58:51,2026-03-13,38565
22:34:35,2026-03-13,38543
22:58:30,2026-03-13,38536
23:34:13,2026-03-13,38512
23:56:46,2026-03-13,38498
02:06:18,2026-03-14,38376
04:19:40,2026-03-14,38264
05:26:43,2026-03-14,38227
06:09:17,2026-03-14,38189
07:07:24,2026-03-14,38173
07:50:49,2026-03-14,38140
08:30:49,2026-03-14,38119
09:02:52,2026-03-14,38110
09:50:19,2026-03-14,38090
10:24:30,2026-03-14,38067
10:58:12,2026-03-14,38053
11:29:31,2026-03-14,38012
11:53:22,2026-03-14,38006
12:42:56,2026-03-14,37996
13:43:15,2026-03-14,37999
14:25:57,2026-03-14,37963
14:58:49,2026-03-14,37953
15:34:29,2026-03-14,37924
15:54:17,2026-03-14,37889
16:27:56,2026-03-14,37873
16:59:48,2026-03-14,37851
17:35:30,2026-03-14,37829
17:55:32,2026-03-14,37815
18:35:44,2026-03-14,37793
19:05:53,2026-03-14,37782
19:42:51,2026-03-14,37784
20:24:39,2026-03-14,37773
20:56:49,2026-03-14,37745
21:28:24,2026-03-14,37722
21:53:45,2026-03-14,37676
22:22:27,2026-03-14,37642
22:57:40,2026-03-14,37586
23:31:20,2026-03-14,37541
23:56:28,2026-03-14,37514
02:28:28,2026-03-15,37462
04:55:55,2026-03-15,37310
06:04:27,2026-03-15,37255
07:14:56,2026-03-15,37223
07:54:18,2026-03-15,37190
08:33:20,2026-03-15,37172
09:04:53,2026-03-15,37148
09:50:31,2026-03-15,37131
10:26:29,2026-03-15,37123
11:00:28,2026-03-15,37121
11:42:26,2026-03-15,37110
12:44:37,2026-03-15,37075
13:44:00,2026-03-15,37072
14:27:34,2026-03-15,37072
14:59:24,2026-03-15,37067
15:36:53,2026-03-15,37051
15:56:29,2026-03-15,37045
16:33:22,2026-03-15,37026
17:00:26,2026-03-15,37005
17:46:45,2026-03-15,36951
18:34:51,2026-03-15,36936
19:07:00,2026-03-15,36940
19:44:11,2026-03-15,36910
20:25:54,2026-03-15,36903
20:57:36,2026-03-15,36886
21:32:04,2026-03-15,36877
21:54:54,2026-03-15,36852
22:24:21,2026-03-15,36822
22:59:09,2026-03-15,36807
23:37:10,2026-03-15,36776
23:57:42,2026-03-15,36784
02:44:59,2026-03-16,36665
05:12:16,2026-03-16,36584
06:49:35,2026-03-16,36541
08:06:18,2026-03-16,36531
09:15:27,2026-03-16,36518
10:16:53,2026-03-16,36493
11:13:40,2026-03-16,36466
11:59:20,2026-03-16,36443
13:45:32,2026-03-16,36405
14:56:50,2026-03-16,36367
16:05:43,2026-03-16,36343
17:19:09,2026-03-16,36294
18:12:43,2026-03-16,36283
19:30:42,2026-03-16,36246
20:03:04,2026-03-16,36234
20:59:15,2026-03-16,36218
21:49:28,2026-03-16,36191
22:29:41,2026-03-16,36149
22:59:53,2026-03-16,36135
23:38:07,2026-03-16,36119
23:57:58,2026-03-16,36108
02:32:19,2026-03-17,36037
04:30:57,2026-03-17,35963
05:45:13,2026-03-17,35933
07:00:33,2026-03-17,35901
08:03:12,2026-03-17,35874
09:09:47,2026-03-17,35861
10:10:12,2026-03-17,35808
11:10:30,2026-03-17,35808
11:57:31,2026-03-17,35789
13:18:51,2026-03-17,35833
14:36:56,2026-03-17,35857
15:42:26,2026-03-17,35839
17:01:18,2026-03-17,35832
18:10:00,2026-03-17,35810
19:30:29,2026-03-17,35795
20:05:25,2026-03-17,35787
20:58:56,2026-03-17,35780
21:46:52,2026-03-17,35778
22:29:42,2026-03-17,35767
23:03:51,2026-03-17,35750
23:48:28,2026-03-17,35756
01:12:31,2026-03-18,35747
01:57:29,2026-03-18,35720
04:26:53,2026-03-18,35616
05:47:28,2026-03-18,35608
06:58:10,2026-03-18,35576
07:56:27,2026-03-18,35556
08:51:22,2026-03-18,35554
09:51:41,2026-03-18,35557
10:50:05,2026-03-18,35550
11:42:55,2026-03-18,35558
13:04:18,2026-03-18,35559
14:42:09,2026-03-18,35537
16:06:26,2026-03-18,35528
17:19:20,2026-03-18,35501
18:13:15,2026-03-18,35499
19:19:02,2026-03-18,35464
19:56:05,2026-03-18,35460
20:35:38,2026-03-18,35442
21:07:22,2026-03-18,35440
21:50:50,2026-03-18,35430
22:29:02,2026-03-18,35422
23:01:05,2026-03-18,35431
23:44:45,2026-03-18,35435
01:58:10,2026-03-19,35393
04:26:10,2026-03-19,35333
05:44:47,2026-03-19,35294
06:54:38,2026-03-19,35258
07:45:22,2026-03-19,35232
08:38:35,2026-03-19,35237
09:27:10,2026-03-19,35228
10:22:50,2026-03-19,35212
11:20:49,2026-03-19,35185
12:01:33,2026-03-19,35176
13:43:32,2026-03-19,35169
14:43:17,2026-03-19,35161
15:52:06,2026-03-19,35153
16:54:39,2026-03-19,35136
17:51:51,2026-03-19,35125
18:54:15,2026-03-19,35103
19:44:21,2026-03-19,35109
20:33:34,2026-03-19,35094
21:06:40,2026-03-19,35093
21:49:47,2026-03-19,35086
22:25:01,2026-03-19,35056
23:00:04,2026-03-19,35050
23:38:26,2026-03-19,35054
23:58:13,2026-03-19,35049
02:33:29,2026-03-20,35057
04:26:56,2026-03-20,34999
05:38:52,2026-03-20,34976
06:34:31,2026-03-20,34938
07:32:12,2026-03-20,34916
08:04:56,2026-03-20,34915
09:00:57,2026-03-20,34901
09:59:44,2026-03-20,34897
10:50:42,2026-03-20,34905
11:28:52,2026-03-20,34911
11:57:34,2026-03-20,34900
13:06:36,2026-03-20,34892
14:07:51,2026-03-20,34884
15:12:36,2026-03-20,34882
15:59:51,2026-03-20,34878
16:56:20,2026-03-20,34883
17:35:32,2026-03-20,34869
18:04:44,2026-03-20,34864
19:07:33,2026-03-20,34856
19:50:26,2026-03-20,34829
20:28:23,2026-03-20,34824
21:01:03,2026-03-20,34796
21:47:08,2026-03-20,34798
22:25:07,2026-03-20,34778
22:59:38,2026-03-20,34774
23:37:21,2026-03-20,34775
23:56:57,2026-03-20,34769
02:06:18,2026-03-21,34750
04:14:28,2026-03-21,34689
05:13:28,2026-03-21,34683
05:56:44,2026-03-21,34637
06:46:05,2026-03-21,34641
07:30:54,2026-03-21,34622
07:56:04,2026-03-21,34616
08:32:45,2026-03-21,34613
09:01:03,2026-03-21,34610
09:47:48,2026-03-21,34607
10:23:09,2026-03-21,34603
10:56:39,2026-03-21,34609
11:23:55,2026-03-21,34602
11:51:58,2026-03-21,34593
12:41:03,2026-03-21,34587
13:39:56,2026-03-21,34574
14:02:34,2026-03-21,34575
14:47:01,2026-03-21,34571
15:22:17,2026-03-21,34589
15:53:01,2026-03-21,34583
16:25:42,2026-03-21,34577
16:58:41,2026-03-21,34588
17:31:17,2026-03-21,34585
17:54:56,2026-03-21,34569
18:31:28,2026-03-21,34555
19:02:37,2026-03-21,34549
19:40:13,2026-03-21,34530
20:22:21,2026-03-21,34519
20:55:29,2026-03-21,34498
21:22:24,2026-03-21,34479
21:52:35,2026-03-21,34458
22:20:41,2026-03-21,34440
22:55:57,2026-03-21,34411
23:23:38,2026-03-21,34399
23:53:58,2026-03-21,34393
01:58:04,2026-03-22,34400
04:23:54,2026-03-22,34366
05:40:09,2026-03-22,34333
06:31:26,2026-03-22,34287
07:25:43,2026-03-22,34287
07:59:36,2026-03-22,34275
08:47:17,2026-03-22,34267
09:28:57,2026-03-22,34236
09:57:57,2026-03-22,34227
10:32:27,2026-03-22,34233
10:57:00,2026-03-22,34220
11:25:30,2026-03-22,34208
11:52:46,2026-03-22,34202
12:43:13,2026-03-22,34182
13:41:21,2026-03-22,34186
14:24:53,2026-03-22,34171
14:57:24,2026-03-22,34159
15:29:41,2026-03-22,34153
16:26:11,2026-03-22,34144
16:58:33,2026-03-22,34142
17:30:47,2026-03-22,34129
17:54:55,2026-03-22,34107
18:32:34,2026-03-22,34097
19:04:16,2026-03-22,34085
19:41:36,2026-03-22,34091
20:23:31,2026-03-22,34095
20:56:56,2026-03-22,34096
21:27:58,2026-03-22,34090
21:54:10,2026-03-22,34077
22:21:39,2026-03-22,34072
22:57:03,2026-03-22,34070
23:30:55,2026-03-22,34039
23:56:52,2026-03-22,34038
02:26:59,2026-03-23,34014
04:53:30,2026-03-23,33967
06:09:12,2026-03-23,33941
07:40:38,2026-03-23,33895
08:51:17,2026-03-23,33883
09:58:59,2026-03-23,33872
10:59:46,2026-03-23,33870
11:49:58,2026-03-23,33856
13:00:17,2026-03-23,33845
14:34:44,2026-03-23,33843
15:39:13,2026-03-23,33835
16:33:49,2026-03-23,33836
17:30:16,2026-03-23,33835
18:28:46,2026-03-23,33841
19:32:28,2026-03-23,33818
20:07:07,2026-03-23,33818
20:56:15,2026-03-23,33824
21:36:05,2026-03-23,33810
22:00:27,2026-03-23,33803
22:53:47,2026-03-23,33790
23:29:18,2026-03-23,33789
23:58:30,2026-03-23,33785
02:36:54,2026-03-24,33754
04:32:02,2026-03-24,33721
05:46:06,2026-03-24,33686
07:00:22,2026-03-24,33657
08:03:04,2026-03-24,33649
09:10:12,2026-03-24,33626
10:10:25,2026-03-24,33628
11:11:07,2026-03-24,33600
11:58:37,2026-03-24,33580
13:25:53,2026-03-24,33536
14:43:04,2026-03-24,33496
16:04:07,2026-03-24,33411
17:16:12,2026-03-24,33353
18:10:33,2026-03-24,33287
19:31:16,2026-03-24,33201
20:05:28,2026-03-24,33163
20:59:02,2026-03-24,33096
21:45:33,2026-03-24,33041
22:27:22,2026-03-24,32991
23:01:58,2026-03-24,32947
23:48:20,2026-03-24,33212
01:56:34,2026-03-25,33178
04:22:11,2026-03-25,33183
05:46:12,2026-03-25,33196
06:58:34,2026-03-25,33198
07:56:56,2026-03-25,33199
08:54:07,2026-03-25,33196
09:51:17,2026-03-25,33213
10:44:50,2026-03-25,33212
11:39:17,2026-03-25,33233
12:31:45,2026-03-25,33242
14:01:01,2026-03-25,33285
15:37:35,2026-03-25,33296
16:44:52,2026-03-25,33301
17:56:05,2026-03-25,33310
18:54:59,2026-03-25,33345
19:44:12,2026-03-25,33362
20:35:03,2026-03-25,33369
21:06:44,2026-03-25,33368
21:55:38,2026-03-25,33368
22:33:21,2026-03-25,33380
23:06:23,2026-03-25,33378
23:52:05,2026-03-25,33351
02:02:54,2026-03-26,33346
04:41:33,2026-03-26,33301
06:10:53,2026-03-26,33295
07:37:40,2026-03-26,33302
08:31:09,2026-03-26,33280
09:40:47,2026-03-26,33294
10:50:32,2026-03-26,33306
11:48:09,2026-03-26,33316
13:07:20,2026-03-26,33332
14:45:11,2026-03-26,33345
16:09:23,2026-03-26,33290
17:30:38,2026-03-26,33308
18:37:50,2026-03-26,33340
19:40:52,2026-03-26,33365
20:33:05,2026-03-26,33370
21:03:57,2026-03-26,33381
21:47:31,2026-03-26,33372
22:25:57,2026-03-26,33375
22:59:14,2026-03-26,33377
23:40:16,2026-03-26,33374
02:03:40,2026-03-27,33417
04:42:37,2026-03-27,33434
06:11:02,2026-03-27,33425
07:36:30,2026-03-27,33430
08:27:06,2026-03-27,33427
09:34:02,2026-03-27,33408
10:28:37,2026-03-27,33401
11:26:36,2026-03-27,33411
12:07:27,2026-03-27,33414
13:45:35,2026-03-27,33436
14:45:58,2026-03-27,33418
15:50:02,2026-03-27,33410
16:51:54,2026-03-27,33423
17:47:00,2026-03-27,33456
18:52:10,2026-03-27,33454
19:39:26,2026-03-27,33492
20:04:20,2026-03-27,33519
20:57:31,2026-03-27,33530
21:38:24,2026-03-27,33562
22:00:57,2026-03-27,33558
22:54:21,2026-03-27,33548
23:29:59,2026-03-27,33547
23:56:24,2026-03-27,33538
02:09:14,2026-03-28,33562
04:29:34,2026-03-28,33592
05:42:45,2026-03-28,33583
06:55:04,2026-03-28,33608
07:42:36,2026-03-28,33609
08:35:00,2026-03-28,33613
09:07:38,2026-03-28,33624
09:53:27,2026-03-28,33630
10:28:10,2026-03-28,33651
11:01:28,2026-03-28,33668
11:44:19,2026-03-28,33671
12:48:13,2026-03-28,33700
13:49:21,2026-03-28,33714
14:29:29,2026-03-28,33711
15:01:40,2026-03-28,33726
15:47:49,2026-03-28,33747
16:30:10,2026-03-28,33754
17:02:39,2026-03-28,33773
17:48:10,2026-03-28,33802
18:35:59,2026-03-28,33841
19:09:11,2026-03-28,33852
19:46:35,2026-03-28,33873
20:26:38,2026-03-28,33884
20:59:58,2026-03-28,33904
21:38:38,2026-03-28,33917
21:57:57,2026-03-28,33923
22:34:04,2026-03-28,33931
22:59:58,2026-03-28,33952
23:40:40,2026-03-28,33961
23:59:42,2026-03-28,33972
03:28:50,2026-03-29,34061
05:27:15,2026-03-29,34056
06:45:12,2026-03-29,34070
07:51:00,2026-03-29,34085
08:36:20,2026-03-29,34090
09:19:50,2026-03-29,34092
09:56:36,2026-03-29,34106
10:34:24,2026-03-29,34133
11:03:14,2026-03-29,34158
11:45:20,2026-03-29,34159
12:48:54,2026-03-29,34179
13:51:25,2026-03-29,34192
14:31:04,2026-03-29,34207
15:02:58,2026-03-29,34213
15:48:08,2026-03-29,34227
16:31:04,2026-03-29,34248
17:03:34,2026-03-29,34251
17:49:27,2026-03-29,34250
18:37:30,2026-03-29,34262
19:19:46,2026-03-29,34239
19:50:28,2026-03-29,34250
20:27:56,2026-03-29,34248
21:01:07,2026-03-29,34280
21:48:46,2026-03-29,34276
22:27:42,2026-03-29,34257
23:02:26,2026-03-29,34257
23:49:46,2026-03-29,34238
02:08:32,2026-03-30,34192
05:08:04,2026-03-30,34198
07:01:44,2026-03-30,34168
08:50:53,2026-03-30,34158
10:14:03,2026-03-30,34172
11:29:07,2026-03-30,34169
12:37:45,2026-03-30,34195
14:10:14,2026-03-30,34197
15:43:08,2026-03-30,34217
16:52:32,2026-03-30,34237
17:52:07,2026-03-30,34267
18:55:58,2026-03-30,34288
19:54:54,2026-03-30,34293
20:41:31,2026-03-30,34287
21:38:49,2026-03-30,34299
22:18:27,2026-03-30,34286
22:58:39,2026-03-30,34273
23:41:10,2026-03-30,34287
02:04:28,2026-03-31,34307
04:44:18,2026-03-31,34306
06:14:49,2026-03-31,34342
07:46:03,2026-03-31,34354
08:55:13,2026-03-31,34371
10:03:35,2026-03-31,34374
11:12:22,2026-03-31,34373
12:02:23,2026-03-31,34377
14:03:19,2026-03-31,34395
15:38:03,2026-03-31,34421
16:37:23,2026-03-31,34437
17:36:37,2026-03-31,34442
18:34:07,2026-03-31,34464
19:37:15,2026-03-31,34486
20:22:42,2026-03-31,34502
21:07:58,2026-03-31,34501
21:57:15,2026-03-31,34520
22:36:31,2026-03-31,34517
23:03:40,2026-03-31,34516
23:50:10,2026-03-31,34511
02:12:49,2026-04-01,34517
05:08:10,2026-04-01,34532
06:56:02,2026-04-01,34536
08:15:17,2026-04-01,34542
09:37:28,2026-04-01,34549
10:38:26,2026-04-01,34558
11:35:13,2026-04-01,34571
12:39:12,2026-04-01,34578
14:15:47,2026-04-01,34592
15:45:23,2026-04-01,34608
16:50:29,2026-04-01,34607
17:46:46,2026-04-01,34616
18:57:18,2026-04-01,34655
19:58:04,2026-04-01,34692
20:51:27,2026-04-01,34712
21:38:26,2026-04-01,34696
22:19:39,2026-04-01,34683
23:00:16,2026-04-01,34673
23:50:59,2026-04-01,34672
02:00:39,2026-04-02,34705
04:38:45,2026-04-02,34684
06:01:41,2026-04-02,34671
07:43:04,2026-04-02,34689
08:52:27,2026-04-02,34694
09:58:27,2026-04-02,34686
10:57:27,2026-04-02,34688
11:49:29,2026-04-02,34677
13:05:55,2026-04-02,34670
14:36:08,2026-04-02,34668
15:37:51,2026-04-02,34671
16:34:38,2026-04-02,34670
17:28:55,2026-04-02,34681
18:32:13,2026-04-02,34685
19:32:39,2026-04-02,34682
20:05:10,2026-04-02,34680
20:56:06,2026-04-02,34671
21:36:51,2026-04-02,34671
22:05:32,2026-04-02,34689
22:53:03,2026-04-02,34705
23:31:36,2026-04-02,34707
00:02:49,2026-04-03,34702
03:29:36,2026-04-03,34747
05:24:39,2026-04-03,34768
06:49:23,2026-04-03,34778
08:00:37,2026-04-03,34766
09:11:25,2026-04-03,34780
10:05:03,2026-04-03,34779
11:04:56,2026-04-03,34802
11:54:55,2026-04-03,34810
12:56:57,2026-04-03,34815
14:02:26,2026-04-03,34831
15:04:00,2026-04-03,34848
15:55:24,2026-04-03,34872
16:36:37,2026-04-03,34861
17:06:07,2026-04-03,34853
17:53:47,2026-04-03,34878
18:41:43,2026-04-03,34889
19:36:01,2026-04-03,34926
20:03:07,2026-04-03,34941
20:55:14,2026-04-03,34948
21:30:53,2026-04-03,34978
22:01:19,2026-04-03,34990
22:54:39,2026-04-03,35004
23:30:50,2026-04-03,35003
00:00:32,2026-04-04,35013
03:17:42,2026-04-04,35089
05:04:35,2026-04-04,35123
06:14:07,2026-04-04,35113
07:28:30,2026-04-04,35110
08:05:34,2026-04-04,35108
09:00:45,2026-04-04,35120
09:56:22,2026-04-04,35141
10:33:31,2026-04-04,35155
11:02:54,2026-04-04,35146
11:45:44,2026-04-04,35151
12:48:42,2026-04-04,35168
13:51:03,2026-04-04,35182
14:31:18,2026-04-04,35187
15:02:45,2026-04-04,35200
15:48:48,2026-04-04,35195
16:31:12,2026-04-04,35205
17:04:43,2026-04-04,35213
17:50:29,2026-04-04,35219
18:37:38,2026-04-04,35240
19:18:46,2026-04-04,35258
19:48:42,2026-04-04,35281
20:26:43,2026-04-04,35300
21:00:38,2026-04-04,35313
21:48:26,2026-04-04,35331
22:25:52,2026-04-04,35325
23:00:32,2026-04-04,35335
23:48:50,2026-04-04,35331
02:07:57,2026-04-05,35310
04:46:18,2026-04-05,35330
06:13:18,2026-04-05,35315
07:33:46,2026-04-05,35319
08:06:03,2026-04-05,35311
09:01:36,2026-04-05,35317
09:58:02,2026-04-05,35331
10:39:51,2026-04-05,35345
11:05:17,2026-04-05,35349
11:46:20,2026-04-05,35375
12:51:15,2026-04-05,35374
13:52:32,2026-04-05,35367
14:33:04,2026-04-05,35373
15:04:43,2026-04-05,35377
15:48:33,2026-04-05,35386
16:32:46,2026-04-05,35388
17:04:52,2026-04-05,35389
17:50:53,2026-04-05,35400
18:39:06,2026-04-05,35389
19:21:56,2026-04-05,35395
19:57:54,2026-04-05,35422
20:38:16,2026-04-05,35437
21:03:05,2026-04-05,35441
21:48:45,2026-04-05,35449
22:27:32,2026-04-05,35460
23:02:43,2026-04-05,35472
23:50:52,2026-04-05,35490
02:09:07,2026-04-06,35533
05:07:14,2026-04-06,35564
07:03:25,2026-04-06,35611
08:47:59,2026-04-06,35617
10:06:08,2026-04-06,35635
11:13:50,2026-04-06,35642
12:00:10,2026-04-06,35650
13:40:09,2026-04-06,35674
14:33:42,2026-04-06,35688
15:28:39,2026-04-06,35711
16:27:17,2026-04-06,35715
17:28:41,2026-04-06,35760
18:34:40,2026-04-06,35769
19:38:55,2026-04-06,35787
20:21:51,2026-04-06,35786
21:08:23,2026-04-06,35778
21:52:57,2026-04-06,35785
22:32:53,2026-04-06,35791
23:07:15,2026-04-06,35787
23:52:27,2026-04-06,35777
02:04:59,2026-04-07,35744
04:42:52,2026-04-07,35755
06:17:57,2026-04-07,35773
07:52:27,2026-04-07,35786
08:58:19,2026-04-07,35791
10:10:50,2026-04-07,35787
11:16:09,2026-04-07,35811
12:04:52,2026-04-07,35844
14:02:42,2026-04-07,35914
15:47:10,2026-04-07,35996
16:54:16,2026-04-07,36046
17:56:21,2026-04-07,36124
19:03:19,2026-04-07,36177
20:02:26,2026-04-07,36238
21:04:59,2026-04-07,36335
21:59:56,2026-04-07,36298
22:51:10,2026-04-07,36275
23:34:18,2026-04-07,36269
00:05:50,2026-04-08,36278
03:33:40,2026-04-08,36240
05:29:40,2026-04-08,36203
07:00:16,2026-04-08,36187
08:38:02,2026-04-08,36171
09:48:57,2026-04-08,36179
10:53:19,2026-04-08,36163
11:52:39,2026-04-08,36158
13:14:25,2026-04-08,36140
14:50:04,2026-04-08,36131
16:13:31,2026-04-08,36130
17:33:40,2026-04-08,36157
18:49:31,2026-04-08,36140
19:56:59,2026-04-08,36142
20:45:29,2026-04-08,36152
21:38:29,2026-04-08,36157
22:23:14,2026-04-08,36166
23:21:59,2026-04-08,36170
00:01:58,2026-04-09,36181
03:29:57,2026-04-09,36190
05:29:59,2026-04-09,36160
07:03:22,2026-04-09,36184
08:48:24,2026-04-09,36204
10:10:24,2026-04-09,36215
11:17:45,2026-04-09,36209
12:06:30,2026-04-09,36198
14:16:24,2026-04-09,36218
15:56:43,2026-04-09,36280
17:08:19,2026-04-09,36314
18:11:46,2026-04-09,36309
19:40:00,2026-04-09,36310
20:31:31,2026-04-09,36308
21:27:17,2026-04-09,36318
22:22:55,2026-04-09,36355
23:23:03,2026-04-09,36346
00:05:56,2026-04-10,36349
03:43:29,2026-04-10,36303
05:55:25,2026-04-10,36303
07:23:48,2026-04-10,36307
08:53:42,2026-04-10,36321
10:05:51,2026-04-10,36338
11:13:24,2026-04-10,36354
12:01:30,2026-04-10,36369
13:51:32,2026-04-10,36394
14:44:33,2026-04-10,36400
15:49:37,2026-04-10,36415
16:46:40,2026-04-10,36433
17:44:15,2026-04-10,36429
18:46:40,2026-04-10,36423
19:41:06,2026-04-10,36414
20:32:03,2026-04-10,36413
21:06:34,2026-04-10,36407
21:55:31,2026-04-10,36408
22:35:16,2026-04-10,36407
23:07:04,2026-04-10,36400
23:53:36,2026-04-10,36399
01:59:07,2026-04-11,36385
04:26:48,2026-04-11,36355
05:46:18,2026-04-11,36360
06:57:29,2026-04-11,36347
07:51:37,2026-04-11,36346
08:39:01,2026-04-11,36361
09:24:29,2026-04-11,36359
10:06:04,2026-04-11,36367
10:56:14,2026-04-11,36365
11:29:31,2026-04-11,36354
11:57:57,2026-04-11,36358
13:07:53,2026-04-11,36332
14:02:17,2026-04-11,36333
14:56:31,2026-04-11,36330
15:33:56,2026-04-11,36319
16:00:34,2026-04-11,36310
16:56:51,2026-04-11,36332
17:32:48,2026-04-11,36332
18:00:58,2026-04-11,36335
19:06:19,2026-04-11,36341
19:50:51,2026-04-11,36311
20:28:58,2026-04-11,36307
21:02:48,2026-04-11,36303
21:49:32,2026-04-11,36292
22:28:12,2026-04-11,36294
23:03:50,2026-04-11,36302
23:52:10,2026-04-11,36277
02:12:45,2026-04-12,36281
05:07:46,2026-04-12,36245
06:49:47,2026-04-12,36239
08:01:26,2026-04-12,36244
09:07:11,2026-04-12,36241
10:02:41,2026-04-12,36243
11:01:24,2026-04-12,36233
11:49:38,2026-04-12,36232
12:55:25,2026-04-12,36222
13:58:42,2026-04-12,36223
14:47:26,2026-04-12,36224
15:33:10,2026-04-12,36240
16:04:19,2026-04-12,36216
16:58:33,2026-04-12,36213
17:40:13,2026-04-12,36188
18:42:26,2026-04-12,36199
19:37:04,2026-04-12,36213
20:03:07,2026-04-12,36211
20:55:09,2026-04-12,36180
21:31:09,2026-04-12,36191
22:01:48,2026-04-12,36187
22:56:32,2026-04-12,36204
23:35:34,2026-04-12,36214
00:04:26,2026-04-13,36220
03:53:56,2026-04-13,36308
06:11:49,2026-04-13,36327
08:24:37,2026-04-13,36365
10:20:03,2026-04-13,36382
11:45:55,2026-04-13,36399
13:19:57,2026-04-13,36410
14:57:31,2026-04-13,36434
16:16:16,2026-04-13,36463
17:33:41,2026-04-13,36464
18:47:35,2026-04-13,36451
20:03:37,2026-04-13,36486
21:09:58,2026-04-13,36481
22:04:20,2026-04-13,36487
23:04:55,2026-04-13,36499
00:01:41,2026-04-14,36518
03:44:29,2026-04-14,36538
05:58:35,2026-04-14,36495
07:56:32,2026-04-14,36446
09:18:38,2026-04-14,36418
10:41:42,2026-04-14,36343
11:55:09,2026-04-14,36298
13:18:54,2026-04-14,37500
14:57:39,2026-04-14,37552
16:10:01,2026-04-14,37584
17:36:26,2026-04-14,37649
18:46:16,2026-04-14,37666
20:03:15,2026-04-14,37691
21:09:38,2026-04-14,37742
22:07:06,2026-04-14,37774
23:05:59,2026-04-14,37816
00:01:30,2026-04-15,37833
03:43:23,2026-04-15,38000
05:58:20,2026-04-15,38059
07:56:43,2026-04-15,38100
09:20:37,2026-04-15,38119
10:45:01,2026-04-15,38138
11:54:05,2026-04-15,38133
13:18:26,2026-04-15,38146
14:51:10,2026-04-15,38191
16:02:21,2026-04-15,38208
17:33:13,2026-04-15,38223
18:45:45,2026-04-15,38268
20:01:02,2026-04-15,38285
21:08:24,2026-04-15,38297
22:05:45,2026-04-15,38324
23:03:56,2026-04-15,38308
00:00:56,2026-04-16,38337
03:48:48,2026-04-16,38391
05:59:13,2026-04-16,38397
07:59:02,2026-04-16,38411
09:26:14,2026-04-16,38430
10:46:39,2026-04-16,38452
11:57:05,2026-04-16,38471
13:49:13,2026-04-16,38397
15:22:59,2026-04-16,38385
16:57:03,2026-04-16,38409
18:08:31,2026-04-16,38438
19:39:14,2026-04-16,38495
20:28:55,2026-04-16,38494
21:25:48,2026-04-16,38528
22:23:03,2026-04-16,38534
23:23:07,2026-04-16,38527
01:07:50,2026-04-17,38522
04:23:09,2026-04-17,38507
06:22:25,2026-04-17,38480
08:14:36,2026-04-17,38470
09:49:53,2026-04-17,38478
10:52:00,2026-04-17,38494
11:49:43,2026-04-17,38493
13:11:57,2026-04-17,38486
14:37:08,2026-04-17,38478
15:40:32,2026-04-17,38484
16:52:22,2026-04-17,38482
17:46:52,2026-04-17,38485
18:55:37,2026-04-17,38503
19:57:17,2026-04-17,38515
20:49:34,2026-04-17,38549
21:38:39,2026-04-17,38574
22:21:26,2026-04-17,38565
23:21:57,2026-04-17,38594
00:06:53,2026-04-18,38602
03:31:21,2026-04-18,38659
05:25:17,2026-04-18,38652
06:48:36,2026-04-18,38682
07:58:07,2026-04-18,38703
08:56:44,2026-04-18,38699
09:50:16,2026-04-18,38719
10:36:44,2026-04-18,38733
11:20:31,2026-04-18,38748
12:01:32,2026-04-18,38773
13:36:47,2026-04-18,38781
14:22:53,2026-04-18,38789
15:21:35,2026-04-18,38804
16:05:57,2026-04-18,38824
16:59:13,2026-04-18,38834
17:43:11,2026-04-18,38841
18:42:59,2026-04-18,38852
19:38:47,2026-04-18,38898
20:05:03,2026-04-18,38889
20:55:30,2026-04-18,38887
21:32:24,2026-04-18,38919
22:02:35,2026-04-18,38916
22:56:36,2026-04-18,38943
23:35:30,2026-04-18,38951
00:03:58,2026-04-19,38973
03:51:22,2026-04-19,39033
05:56:01,2026-04-19,39068
07:18:19,2026-04-19,39110
08:14:35,2026-04-19,39110
09:08:17,2026-04-19,39132
10:03:24,2026-04-19,39148
11:01:55,2026-04-19,39161
11:51:41,2026-04-19,39177
12:55:32,2026-04-19,39189
13:59:01,2026-04-19,39202
14:49:31,2026-04-19,39211
15:34:46,2026-04-19,39230
16:05:49,2026-04-19,39233
16:59:04,2026-04-19,39246
17:42:04,2026-04-19,39280
18:43:10,2026-04-19,39299
19:39:00,2026-04-19,39313
20:05:36,2026-04-19,39323
20:56:18,2026-04-19,39291
21:35:45,2026-04-19,39295
22:03:27,2026-04-19,39289
22:57:01,2026-04-19,39255
23:38:44,2026-04-19,39266
00:06:53,2026-04-20,39277
03:53:18,2026-04-20,39256
06:12:10,2026-04-20,39267
08:29:42,2026-04-20,39276
10:21:07,2026-04-20,39264
11:54:30,2026-04-20,39248
13:23:00,2026-04-20,39253
15:05:20,2026-04-20,39267
16:36:59,2026-04-20,39270
17:39:00,2026-04-20,39238
18:40:42,2026-04-20,39249
19:58:05,2026-04-20,39270
20:53:50,2026-04-20,39282
21:42:47,2026-04-20,39289
22:39:53,2026-04-20,39287
23:27:00,2026-04-20,39264
01:08:04,2026-04-21,39266
04:22:05,2026-04-21,39351
06:22:09,2026-04-21,39376
08:20:02,2026-04-21,39377
09:54:47,2026-04-21,39396
11:03:29,2026-04-21,39402
12:09:59,2026-04-21,39409
14:10:26,2026-04-21,39400
15:44:48,2026-04-21,39393
16:56:59,2026-04-21,39394
17:59:25,2026-04-21,39392
19:23:05,2026-04-21,39407
20:28:50,2026-04-21,39432
21:26:22,2026-04-21,39424
22:24:16,2026-04-21,39433
23:20:54,2026-04-21,39433
00:05:00,2026-04-22,39447
03:43:40,2026-04-22,39496
05:58:15,2026-04-22,39489
07:57:24,2026-04-22,39507
09:23:50,2026-04-22,39514
10:48:53,2026-04-22,39515
13:53:46,2026-04-22,39522
15:10:04,2026-04-22,39524
16:33:50,2026-04-22,39510
17:37:00,2026-04-22,39515
18:43:24,2026-04-22,39535
20:02:32,2026-04-22,39547
21:10:49,2026-04-22,39542
22:06:24,2026-04-22,39569
23:08:12,2026-04-22,39541
17:48:21,2026-04-23,39525
19:03:16,2026-04-23,39529
20:13:37,2026-04-23,39543
21:09:26,2026-04-23,39566
22:03:18,2026-04-23,39578
23:08:49,2026-04-23,39574
00:04:41,2026-04-24,39599
03:53:02,2026-04-24,39636
06:05:55,2026-04-24,39681
08:24:08,2026-04-24,39693
10:09:48,2026-04-24,39726
11:36:07,2026-04-24,39781
12:41:01,2026-04-24,39793
14:43:35,2026-04-24,39848
16:02:02,2026-04-24,39886
17:15:34,2026-04-24,39905
18:01:31,2026-04-24,39906
19:14:43,2026-04-24,39944
20:03:05,2026-04-24,39962
21:08:18,2026-04-24,39967
22:04:38,2026-04-24,39985
23:00:28,2026-04-24,40004
23:56:57,2026-04-24,40021
02:34:59,2026-04-25,40087
05:00:23,2026-04-25,40156
06:46:53,2026-04-25,40178
08:03:26,2026-04-25,40185
09:12:34,2026-04-25,40181
10:08:05,2026-04-25,40178
11:06:30,2026-04-25,40192
11:56:12,2026-04-25,40197
13:03:09,2026-04-25,40198
14:08:53,2026-04-25,40222
15:03:06,2026-04-25,40234
15:57:36,2026-04-25,40226
16:49:30,2026-04-25,40260
17:34:45,2026-04-25,40274
18:07:31,2026-04-25,40275
19:12:21,2026-04-25,40333
19:55:49,2026-04-25,40359
20:36:41,2026-04-25,40361
21:19:04,2026-04-25,40378
21:55:14,2026-04-25,40392
22:33:23,2026-04-25,40386
23:20:21,2026-04-25,40393
00:07:04,2026-04-26,40402
03:57:38,2026-04-26,40480
06:08:47,2026-04-26,40467
07:55:13,2026-04-26,40498
08:56:57,2026-04-26,40499
09:54:41,2026-04-26,40516
10:41:54,2026-04-26,40526
11:36:41,2026-04-26,40522
12:07:29,2026-04-26,40533
13:42:31,2026-04-26,40547
14:39:43,2026-04-26,40535
15:27:56,2026-04-26,40548
16:22:47,2026-04-26,40564
17:22:17,2026-04-26,40591
18:08:20,2026-04-26,40626
19:14:41,2026-04-26,40662
19:58:03,2026-04-26,40662
20:45:26,2026-04-26,40685
21:34:39,2026-04-26,40681
22:06:28,2026-04-26,40678
23:00:29,2026-04-26,40696
23:57:43,2026-04-26,40703
03:28:09,2026-04-27,40667
06:16:24,2026-04-27,40686
08:41:58,2026-04-27,40674
11:00:01,2026-04-27,40689
12:22:10,2026-04-27,40698
14:35:55,2026-04-27,40672
16:12:16,2026-04-27,40670
17:43:51,2026-04-27,40690
19:14:22,2026-04-27,40694
20:35:11,2026-04-27,40693
21:36:45,2026-04-27,40680
22:30:09,2026-04-27,40699
23:32:42,2026-04-27,40692
01:18:28,2026-04-28,40686
04:46:21,2026-04-28,40696
07:29:25,2026-04-28,40720
09:58:29,2026-04-28,40709
11:49:55,2026-04-28,40759
16:07:32,2026-04-28,40725
17:57:06,2026-04-28,40674
19:43:19,2026-04-28,40627
21:04:13,2026-04-28,40605
22:12:51,2026-04-28,40569
23:12:16,2026-04-28,40527
00:09:38,2026-04-29,40507
04:04:44,2026-04-29,40418
06:39:09,2026-04-29,40362
09:00:08,2026-04-29,40369
11:01:48,2026-04-29,40373
12:56:25,2026-04-29,40364
15:12:38,2026-04-29,40327
16:54:47,2026-04-29,40295
18:09:43,2026-04-29,40310
19:55:21,2026-04-29,40285
21:00:58,2026-04-29,40257
22:12:18,2026-04-29,40216
23:12:26,2026-04-29,40182
00:09:48,2026-04-30,40159
04:06:37,2026-04-30,40058
06:43:33,2026-04-30,40044
09:09:15,2026-04-30,40046
11:09:43,2026-04-30,40020
12:56:30,2026-04-30,40011
15:09:38,2026-04-30,40099
16:49:42,2026-04-30,40096
18:07:31,2026-04-30,40102
19:51:29,2026-04-30,40115
20:56:37,2026-04-30,40135
21:55:43,2026-04-30,40142
22:51:50,2026-04-30,40122
23:50:18,2026-04-30,40100
02:44:53,2026-05-01,40077
06:13:30,2026-05-01,40056
08:25:33,2026-05-01,40072
10:09:52,2026-05-01,40073
11:34:03,2026-05-01,40076
12:38:55,2026-05-01,40074
14:04:03,2026-05-01,40083
15:17:39,2026-05-01,40094
16:14:24,2026-05-01,40100
17:15:56,2026-05-01,40101
18:13:42,2026-05-01,40117
19:41:18,2026-05-01,40096
20:47:58,2026-05-01,40074
21:50:47,2026-05-01,40054
22:45:40,2026-05-01,40053
23:48:47,2026-05-01,40021
02:27:30,2026-05-02,40009
05:23:47,2026-05-02,39987
07:13:15,2026-05-02,39983
08:44:46,2026-05-02,39984
09:56:36,2026-05-02,39954
10:52:37,2026-05-02,39946
11:41:39,2026-05-02,39946
13:03:24,2026-05-02,39946
14:15:05,2026-05-02,39944
15:06:56,2026-05-02,39931
16:02:47,2026-05-02,39917
17:08:31,2026-05-02,39926
18:04:02,2026-05-02,39946
19:29:05,2026-05-02,39963
20:07:24,2026-05-02,39940
21:02:09,2026-05-02,39973
22:00:45,2026-05-02,40013
23:04:21,2026-05-02,40010
00:02:38,2026-05-03,40017
04:13:19,2026-05-03,40027
06:42:29,2026-05-03,40019
08:44:25,2026-05-03,40009
10:01:02,2026-05-03,39962
11:08:54,2026-05-03,39954
11:59:15,2026-05-03,39963
13:39:42,2026-05-03,39974
14:32:29,2026-05-03,39979
15:26:01,2026-05-03,39971
16:27:25,2026-05-03,39955
17:30:02,2026-05-03,39963
18:33:43,2026-05-03,39927
19:38:12,2026-05-03,39909
20:22:53,2026-05-03,39897
21:24:33,2026-05-03,39872
22:21:44,2026-05-03,39874
23:25:03,2026-05-03,39871
01:18:21,2026-05-04,39823
04:50:53,2026-05-04,39768
07:45:32,2026-05-04,39764
10:10:32,2026-05-04,39744
12:05:51,2026-05-04,39719
14:32:53,2026-05-04,39706
16:20:44,2026-05-04,39716
18:03:56,2026-05-04,39705
19:56:44,2026-05-04,39692
21:09:33,2026-05-04,39713
22:15:34,2026-05-04,39689
23:12:32,2026-05-04,39663
00:10:39,2026-05-05,39654
03:52:02,2026-05-05,39618
06:12:40,2026-05-05,39563
08:28:49,2026-05-05,39559
10:22:26,2026-05-05,39504
11:49:59,2026-05-05,39457
15:52:54,2026-05-05,39500
17:20:32,2026-05-05,39517
18:55:53,2026-05-05,39545
20:06:04,2026-05-05,39561
21:15:57,2026-05-05,39577
22:15:03,2026-05-05,39599
23:13:00,2026-05-05,39598
00:06:30,2026-05-06,39608
04:08:40,2026-05-06,39676
06:46:38,2026-05-06,39698
09:20:44,2026-05-06,39717
11:27:05,2026-05-06,39736
13:18:31,2026-05-06,39777
15:38:24,2026-05-06,39831
17:11:22,2026-05-06,39865
19:02:00,2026-05-06,39889
20:48:04,2026-05-06,39923
21:53:45,2026-05-06,39917
22:48:01,2026-05-06,39921
23:46:17,2026-05-06,39904
02:35:14,2026-05-07,39938
05:47:38,2026-05-07,39965
08:28:49,2026-05-07,39978
10:52:26,2026-05-07,40023
12:27:08,2026-05-07,40040
15:16:29,2026-05-07,40060
17:11:16,2026-05-07,40108
19:01:53,2026-05-07,40119
20:41:12,2026-05-07,40131
21:54:25,2026-05-07,40157
22:58:33,2026-05-07,40196
23:58:02,2026-05-07,40216
03:29:36,2026-05-08,40270
05:46:17,2026-05-08,40234
07:25:19,2026-05-08,40235
08:59:03,2026-05-08,40214
10:43:31,2026-05-08,40185
12:06:25,2026-05-08,40129
14:18:09,2026-05-08,40102
15:55:00,2026-05-08,40093
17:12:41,2026-05-08,40093
18:45:59,2026-05-08,40079
20:04:39,2026-05-08,40075
21:17:28,2026-05-08,40077
22:14:39,2026-05-08,40066
23:12:09,2026-05-08,40070
00:11:42,2026-05-09,40070
03:58:42,2026-05-09,40116
06:21:55,2026-05-09,40118
08:19:54,2026-05-09,40113
09:48:24,2026-05-09,40134
10:54:35,2026-05-09,40150
11:48:12,2026-05-09,40140
13:09:53,2026-05-09,40165
14:31:36,2026-05-09,40172
15:32:57,2026-05-09,40197
16:32:27,2026-05-09,40195
17:33:25,2026-05-09,40204
18:34:57,2026-05-09,40214
19:42:41,2026-05-09,40193
20:40:25,2026-05-09,40217
21:39:31,2026-05-09,40227
22:25:05,2026-05-09,40238
23:28:06,2026-05-09,40233
01:23:49,2026-05-10,40261
05:08:24,2026-05-10,40293
07:35:34,2026-05-10,40267
09:15:25,2026-05-10,40252
10:39:42,2026-05-10,40224
11:32:37,2026-05-10,40222
12:37:27,2026-05-10,40222
14:05:01,2026-05-10,40217
15:15:42,2026-05-10,40213
16:11:42,2026-05-10,40211
17:14:48,2026-05-10,40199
18:07:44,2026-05-10,40196
19:35:30,2026-05-10,40189
20:25:07,2026-05-10,40170
21:29:52,2026-05-10,40241
22:27:26,2026-05-10,40334
23:32:45,2026-05-10,40380
01:28:46,2026-05-11,40381
05:42:08,2026-05-11,40353
09:33:35,2026-05-11,40335
12:30:45,2026-05-11,40336
15:46:19,2026-05-11,40326
17:51:52,2026-05-11,40314
19:42:28,2026-05-11,40353
21:13:57,2026-05-11,40347
22:30:10,2026-05-11,40371
23:35:46,2026-05-11,40385
01:20:53,2026-05-12,40386
05:08:24,2026-05-12,40407
08:05:27,2026-05-12,40380
10:42:42,2026-05-12,40358
13:02:41,2026-05-12,40365
15:46:37,2026-05-12,40370
17:56:14,2026-05-12,40407
19:50:58,2026-05-12,40424
21:16:06,2026-05-12,40458
22:37:07,2026-05-12,40473
23:39:37,2026-05-12,40475
01:27:41,2026-05-13,40503
05:32:29,2026-05-13,40535
08:19:29,2026-05-13,40537
10:46:53,2026-05-13,40554
13:08:17,2026-05-13,40557
15:59:10,2026-05-13,40615
18:06:42,2026-05-13,40627
20:12:16,2026-05-13,40641
21:46:39,2026-05-13,40674
23:02:57,2026-05-13,40675
00:17:02,2026-05-14,40657
04:15:37,2026-05-14,40706
07:24:10,2026-05-14,40659
09:57:11,2026-05-14,40628
11:53:30,2026-05-14,40642
14:01:53,2026-05-14,40611
16:24:33,2026-05-14,40658
18:20:38,2026-05-14,40692
20:17:01,2026-05-14,40700
21:38:56,2026-05-14,40712
22:39:42,2026-05-14,40702
23:35:57,2026-05-14,40731
01:27:12,2026-05-15,40784
05:37:20,2026-05-15,40820
08:27:05,2026-05-15,40831
11:02:47,2026-05-15,40866
13:07:09,2026-05-15,40852
15:31:42,2026-05-15,40825
17:13:36,2026-05-15,40831
18:56:59,2026-05-15,40852
20:17:24,2026-05-15,40858
21:30:01,2026-05-15,40840
22:33:32,2026-05-15,40819
23:33:03,2026-05-15,40832
01:20:41,2026-05-16,40882
04:59:37,2026-05-16,40930
07:20:51,2026-05-16,40919
09:14:10,2026-05-16,40921
10:39:01,2026-05-16,40928
11:35:33,2026-05-16,40930
12:41:52,2026-05-16,40944
14:20:31,2026-05-16,40982
15:37:55,2026-05-16,40997
16:34:05,2026-05-16,41028
17:36:00,2026-05-16,41051
18:36:44,2026-05-16,41042
19:44:34,2026-05-16,41039
20:41:20,2026-05-16,41084
21:43:49,2026-05-16,41100
22:40:55,2026-05-16,41111
23:49:51,2026-05-16,41105
02:46:10,2026-05-17,41168
06:19:57,2026-05-17,41137
08:35:07,2026-05-17,41116
10:11:08,2026-05-17,41123
11:33:49,2026-05-17,41146
12:38:00,2026-05-17,41163
14:08:45,2026-05-17,41147
15:30:05,2026-05-17,41168
16:34:28,2026-05-17,41185
17:36:30,2026-05-17,41201
18:39:55,2026-05-17,41215
19:48:38,2026-05-17,41219
20:44:25,2026-05-17,41221
21:51:51,2026-05-17,41229
22:50:26,2026-05-17,41226
23:55:10,2026-05-17,41237
02:56:31,2026-05-18,41342
06:56:38,2026-05-18,41368
11:06:44,2026-05-18,41370
14:39:01,2026-05-18,41410
17:19:39,2026-05-18,41455
19:08:30,2026-05-18,41474
20:47:37,2026-05-18,41489
22:00:05,2026-05-18,41522
23:13:42,2026-05-18,41518
00:18:46,2026-05-19,41535
04:36:41,2026-05-19,41589
08:03:34,2026-05-19,41630
11:33:15,2026-05-19,41731
14:13:56,2026-05-19,41759
17:16:55,2026-05-19,41776
19:19:28,2026-05-19,41794
20:54:15,2026-05-19,41817
22:12:56,2026-05-19,41817
23:33:41,2026-05-19,41824
01:33:35,2026-05-20,41816
05:48:39,2026-05-20,41832
09:24:42,2026-05-20,41824
12:09:44,2026-05-20,41839
15:58:41,2026-05-20,41911
18:23:34,2026-05-20,41888
20:36:49,2026-05-20,41930
22:13:16,2026-05-20,41926
23:40:49,2026-05-20,41973
02:57:04,2026-05-21,41994
06:54:43,2026-05-21,42051
10:37:43,2026-05-21,42057
13:47:14,2026-05-21,42029
16:37:01,2026-05-21,42030
18:24:52,2026-05-21,42020
20:24:58,2026-05-21,41994
22:04:24,2026-05-21,41982
23:18:19,2026-05-21,41952
01:26:17,2026-05-22,41962
05:47:24,2026-05-22,41968
08:56:11,2026-05-22,41938
11:44:10,2026-05-22,41960
14:32:16,2026-05-22,42010
16:55:54,2026-05-22,42008
18:52:35,2026-05-22,41989
20:40:34,2026-05-22,41992
22:04:06,2026-05-22,42011
23:33:23,2026-05-22,42029
01:25:35,2026-05-23,42048
05:25:22,2026-05-23,42064
07:56:16,2026-05-23,42036
09:52:11,2026-05-23,42027
12:09:10,2026-05-23,42016
14:03:59,2026-05-23,42027
15:33:15,2026-05-23,42030
16:36:35,2026-05-23,42021
17:40:04,2026-05-23,42029
18:42:10,2026-05-23,42046
20:03:59,2026-05-23,42060
21:09:11,2026-05-23,42084
22:09:58,2026-05-23,42116
23:12:58,2026-05-23,42116
00:14:12,2026-05-24,42143
04:41:02,2026-05-24,42194
07:47:11,2026-05-24,42187
09:51:13,2026-05-24,42173
11:13:16,2026-05-24,42172
12:12:32,2026-05-24,42185
14:02:40,2026-05-24,42216
15:36:15,2026-05-24,42234
16:39:03,2026-05-24,42239
17:39:56,2026-05-24,42241
18:46:48,2026-05-24,42232
20:02:02,2026-05-24,42271
21:13:33,2026-05-24,42302
22:13:01,2026-05-24,42244
23:16:55,2026-05-24,42181
00:15:58,2026-05-25,42208
04:55:14,2026-05-25,42279
08:53:15,2026-05-25,42324
12:26:32,2026-05-25,42368
15:39:23,2026-05-25,42409
17:22:23,2026-05-25,42455
19:05:47,2026-05-25,42495
20:45:13,2026-05-25,42517
22:05:12,2026-05-25,42537
23:33:35,2026-05-25,42554
01:28:16,2026-05-26,42505
05:48:30,2026-05-26,42573
09:47:05,2026-05-26,42602
16:29:47,2026-05-26,42587
19:04:23,2026-05-26,42654
21:01:29,2026-05-26,42634
22:40:44,2026-05-26,42643
00:01:05,2026-05-27,42637
04:51:19,2026-05-27,42682
08:36:20,2026-05-27,42692
11:56:33,2026-05-27,42682
15:38:32,2026-05-27,42679
18:12:07,2026-05-27,42690
20:30:01,2026-05-27,42711
22:20:22,2026-05-27,42716
23:46:10,2026-05-27,42695
02:48:48,2026-05-28,42684
06:51:52,2026-05-28,42654
10:52:20,2026-05-28,42624
14:34:26,2026-05-28,42623
17:50:28,2026-05-28,42515
20:14:15,2026-05-28,42447
22:12:25,2026-05-28,42384
23:44:16,2026-05-28,42343
02:52:34,2026-05-29,42308
06:52:36,2026-05-29,42302
10:42:53,2026-05-29,42259
13:57:24,2026-05-29,42254
17:34:42,2026-05-29,42314
19:55:33,2026-05-29,42308
21:50:17,2026-05-29,42310
23:08:57,2026-05-29,42315
00:18:30,2026-05-30,42325
04:30:04,2026-05-30,42314
07:30:04,2026-05-30,42293
09:31:43,2026-05-30,42303
11:03:29,2026-05-30,42304
12:17:20,2026-05-30,42303
14:09:29,2026-05-30,42291
15:38:24,2026-05-30,42277
16:40:08,2026-05-30,42278
17:45:06,2026-05-30,42308
19:07:09,2026-05-30,42295
20:17:36,2026-05-30,42314
21:16:46,2026-05-30,42283
22:15:28,2026-05-30,42286
23:17:11,2026-05-30,42274
00:17:29,2026-05-31,42267
04:55:32,2026-05-31,42263
08:12:31,2026-05-31,42264
10:25:26,2026-05-31,42255
12:03:04,2026-05-31,42272
14:12:39,2026-05-31,42301
15:41:22,2026-05-31,42315
17:02:35,2026-05-31,42300
18:17:46,2026-05-31,42259
19:44:01,2026-05-31,42253
20:54:59,2026-05-31,42273
21:57:01,2026-05-31,42269
23:00:24,2026-05-31,42277
23:41:35,2026-05-31,42267
00:48:26,2026-06-01,42256
01:48:38,2026-06-01,42252
03:11:05,2026-06-01,42192
05:00:06,2026-06-01,42165
06:41:48,2026-06-01,42167
08:51:56,2026-06-01,42163
10:45:35,2026-06-01,42150
12:53:19,2026-06-01,42143
15:03:55,2026-06-01,42188
17:05:59,2026-06-01,42152
19:11:43,2026-06-01,42111
20:44:44,2026-06-01,42060
22:03:28,2026-06-01,42056
23:01:17,2026-06-01,42073
23:47:56,2026-06-01,42055
00:49:25,2026-06-02,42077
01:51:23,2026-06-02,42077
03:11:29,2026-06-02,42063
04:57:18,2026-06-02,42046
06:36:10,2026-06-02,42043
08:14:20,2026-06-02,42030
09:47:13,2026-06-02,41999
11:30:36,2026-06-02,41933
12:52:10,2026-06-02,41934
14:26:08,2026-06-02,41959
16:03:29,2026-06-02,41919
17:50:20,2026-06-02,41982
19:15:57,2026-06-02,42034
20:22:05,2026-06-02,42044
21:36:35,2026-06-02,42050
22:27:03,2026-06-02,42045
23:15:38,2026-06-02,42047
23:58:35,2026-06-02,42055
01:26:46,2026-06-03,42114
02:33:32,2026-06-03,42131
04:01:35,2026-06-03,42088
06:01:46,2026-06-03,42095
08:03:59,2026-06-03,42103
09:59:54,2026-06-03,42109
11:47:15,2026-06-03,42127
13:38:47,2026-06-03,42136
15:20:35,2026-06-03,42153
17:06:34,2026-06-03,42197
18:37:13,2026-06-03,42217
19:57:26,2026-06-03,42188
21:14:53,2026-06-03,42183
22:13:05,2026-06-03,42217
23:02:04,2026-06-03,42224
23:57:22,2026-06-03,42238
01:26:13,2026-06-04,42268
02:33:22,2026-06-04,42267
04:01:27,2026-06-04,42281
06:00:08,2026-06-04,42274
07:53:21,2026-06-04,42271
09:20:44,2026-06-04,42294
10:46:47,2026-06-04,42314
12:00:40,2026-06-04,42343
13:29:14,2026-06-04,42387
14:33:22,2026-06-04,42397
15:49:58,2026-06-04,42435
17:03:51,2026-06-04,42442
18:03:59,2026-06-04,42415
19:07:46,2026-06-04,42398
20:02:01,2026-06-04,42402
21:00:10,2026-06-04,42428
21:39:33,2026-06-04,42413
22:13:05,2026-06-04,42382
22:49:06,2026-06-04,42368
23:27:29,2026-06-04,42372
00:02:05,2026-06-05,42361
01:24:00,2026-06-05,42326
02:32:56,2026-06-05,42300
04:00:58,2026-06-05,42265
05:49:41,2026-06-05,42253
07:31:12,2026-06-05,42255
08:52:36,2026-06-05,42252
10:22:45,2026-06-05,42218
11:44:18,2026-06-05,42205
13:02:10,2026-06-05,42172
14:09:10,2026-06-05,42154
15:26:04,2026-06-05,42150
16:30:21,2026-06-05,42129
17:23:58,2026-06-05,42127
18:18:08,2026-06-05,42120
19:03:08,2026-06-05,42113
20:00:28,2026-06-05,42123
20:54:39,2026-06-05,42133
21:31:55,2026-06-05,42106
22:06:19,2026-06-05,42118
22:44:00,2026-06-05,42119
23:28:21,2026-06-05,42141
00:02:04,2026-06-06,42138
01:18:53,2026-06-06,42180
02:08:27,2026-06-06,42157
03:31:05,2026-06-06,42195
04:59:49,2026-06-06,42143
06:16:09,2026-06-06,42157
07:24:31,2026-06-06,42150
08:31:24,2026-06-06,42172
09:29:21,2026-06-06,42194
10:22:27,2026-06-06,42202
11:09:52,2026-06-06,42211
11:49:11,2026-06-06,42239
12:28:42,2026-06-06,42268
13:03:21,2026-06-06,42289
13:59:46,2026-06-06,42297
14:39:59,2026-06-06,42295
15:09:16,2026-06-06,42288
15:47:33,2026-06-06,42291
16:25:44,2026-06-06,42307
17:02:31,2026-06-06,42298
17:43:51,2026-06-06,42328
18:28:33,2026-06-06,42337
19:03:26,2026-06-06,42350
19:49:46,2026-06-06,42412
20:26:38,2026-06-06,42407
21:01:37,2026-06-06,42441
21:42:02,2026-06-06,42448
22:24:26,2026-06-06,42455
23:01:45,2026-06-06,42453
23:40:36,2026-06-06,42448
00:48:02,2026-06-07,42443
01:45:58,2026-06-07,42408
03:10:04,2026-06-07,42397
04:54:40,2026-06-07,42388
06:30:44,2026-06-07,42384
07:59:17,2026-06-07,42380
09:13:35,2026-06-07,42377
10:13:24,2026-06-07,42391
11:02:20,2026-06-07,42392
11:58:26,2026-06-07,42405
12:45:20,2026-06-07,42393
13:33:59,2026-06-07,42395
14:21:55,2026-06-07,42413
15:12:41,2026-06-07,42407
15:47:52,2026-06-07,42404
16:31:26,2026-06-07,42399
17:03:14,2026-06-07,42406
17:46:34,2026-06-07,42401
18:28:49,2026-06-07,42411
19:03:18,2026-06-07,42413
19:50:11,2026-06-07,42418
20:27:55,2026-06-07,42392
21:02:22,2026-06-07,42399
21:44:54,2026-06-07,42401
22:24:05,2026-06-07,42419
23:01:58,2026-06-07,42407
23:41:17,2026-06-07,42404
00:48:48,2026-06-08,42378
01:49:02,2026-06-08,42362
03:10:58,2026-06-08,42338
04:57:45,2026-06-08,42272
06:36:12,2026-06-08,42240
08:22:52,2026-06-08,42220
10:08:22,2026-06-08,42216
12:00:36,2026-06-08,42210
13:47:47,2026-06-08,42195
15:09:20,2026-06-08,42186
16:38:40,2026-06-08,42143
17:39:21,2026-06-08,42123
18:33:15,2026-06-08,42123
19:29:06,2026-06-08,42184
20:28:49,2026-06-08,42185
21:19:13,2026-06-08,42168
22:00:14,2026-06-08,42165
22:39:32,2026-06-08,42165
23:08:47,2026-06-08,42168
23:46:01,2026-06-08,42153
00:43:06,2026-06-09,42136
01:38:42,2026-06-09,42139
02:37:29,2026-06-09,42132
04:03:39,2026-06-09,42185
05:45:36,2026-06-09,42182
07:15:58,2026-06-09,42148
08:31:58,2026-06-09,42110
09:59:46,2026-06-09,42131
11:12:37,2026-06-09,42149
12:18:41,2026-06-09,42156
13:22:15,2026-06-09,42135
14:32:40,2026-06-09,42134
15:42:24,2026-06-09,42130
16:55:34,2026-06-09,42144
17:42:34,2026-06-09,42147
18:45:25,2026-06-09,42148
19:42:02,2026-06-09,42140
20:41:55,2026-06-09,42141
21:34:57,2026-06-09,42132
22:12:08,2026-06-09,42124
22:51:56,2026-06-09,42116
23:32:21,2026-06-09,42105
17:16:38,2026-06-10,42047
18:15:24,2026-06-10,42096
19:14:58,2026-06-10,42125
20:03:35,2026-06-10,42120
21:11:05,2026-06-10,42105
22:01:27,2026-06-10,42103
22:55:41,2026-06-10,42098
23:33:49,2026-06-10,42090
00:04:46,2026-06-11,42079
01:26:42,2026-06-11,42042
02:33:31,2026-06-11,42058
04:01:18,2026-06-11,42038
06:00:02,2026-06-11,42007
07:58:44,2026-06-11,41987
09:42:10,2026-06-11,41956
11:32:57,2026-06-11,41951
12:54:03,2026-06-11,41977
14:18:00,2026-06-11,41998
15:37:09,2026-06-11,42015
16:59:51,2026-06-11,42041
18:09:11,2026-06-11,42086
19:17:36,2026-06-11,42104
20:07:03,2026-06-11,42137
21:08:30,2026-06-11,42129
22:01:47,2026-06-11,42151
22:55:55,2026-06-11,42157
23:34:24,2026-06-11,42171
00:08:30,2026-06-12,42177
01:29:49,2026-06-12,42174
02:33:06,2026-06-12,42174
04:01:19,2026-06-12,42157
05:58:03,2026-06-12,42150
07:53:58,2026-06-12,42152
09:25:51,2026-06-12,42144
11:01:12,2026-06-12,42170
12:27:07,2026-06-12,42188
13:46:01,2026-06-12,42173
15:04:29,2026-06-12,42193
16:26:17,2026-06-12,42210
17:32:35,2026-06-12,42215
18:20:39,2026-06-12,42211
19:22:39,2026-06-12,42222
20:24:41,2026-06-12,42232
21:15:01,2026-06-12,42244
21:57:56,2026-06-12,42279
22:39:44,2026-06-12,42300
23:09:16,2026-06-12,42319
23:52:48,2026-06-12,42332
00:50:19,2026-06-13,42344
01:45:15,2026-06-13,42352
03:08:43,2026-06-13,42363
04:52:26,2026-06-13,42375
06:27:17,2026-06-13,42392
07:55:21,2026-06-13,42395
09:05:53,2026-06-13,42384
10:13:12,2026-06-13,42412
11:04:47,2026-06-13,42414
11:59:35,2026-06-13,42423
12:50:08,2026-06-13,42435
13:34:42,2026-06-13,42447
14:24:10,2026-06-13,42461
15:16:12,2026-06-13,42479
15:51:52,2026-06-13,42498
16:31:44,2026-06-13,42531
17:03:51,2026-06-13,42547
17:49:19,2026-06-13,42552
18:30:41,2026-06-13,42584
19:03:20,2026-06-13,42596
19:53:46,2026-06-13,42640
20:29:49,2026-06-13,42664
21:02:55,2026-06-13,42639
21:45:51,2026-06-13,42619
22:24:42,2026-06-13,42629
23:01:25,2026-06-13,42642
23:42:35,2026-06-13,42630
00:49:35,2026-06-14,42640
01:49:28,2026-06-14,42656
03:10:44,2026-06-14,42660
04:59:52,2026-06-14,42654
06:38:25,2026-06-14,42678
08:07:54,2026-06-14,42684
09:31:22,2026-06-14,42681
10:39:33,2026-06-14,42646
11:35:05,2026-06-14,42652
12:18:39,2026-06-14,42669
13:02:04,2026-06-14,42670
14:01:20,2026-06-14,42697
15:03:22,2026-06-14,42704
15:56:42,2026-06-14,42700
16:38:09,2026-06-14,42700
17:07:26,2026-06-14,42715
17:51:49,2026-06-14,42731
18:31:17,2026-06-14,42734
19:03:28,2026-06-14,42740
19:55:21,2026-06-14,42746
20:30:44,2026-06-14,42748
21:02:32,2026-06-14,42736
21:47:48,2026-06-14,42747
22:26:43,2026-06-14,42746
23:02:13,2026-06-14,42762
23:46:05,2026-06-14,42766
00:51:38,2026-06-15,42754
01:52:09,2026-06-15,42757
03:11:46,2026-06-15,42753
05:00:18,2026-06-15,42751
07:04:00,2026-06-15,42775
09:29:51,2026-06-15,42780
11:36:06,2026-06-15,42776
13:39:48,2026-06-15,42800
15:39:30,2026-06-15,42823
17:27:48,2026-06-15,42820
19:01:56,2026-06-15,42842
20:29:56,2026-06-15,42851
21:36:30,2026-06-15,42853
22:27:18,2026-06-15,42845
23:16:17,2026-06-15,42847
23:58:40,2026-06-15,42851
01:26:53,2026-06-16,42804
02:33:26,2026-06-16,42798
04:01:29,2026-06-16,42797
06:12:58,2026-06-16,42775
08:22:17,2026-06-16,42782
10:21:10,2026-06-16,42818
12:22:44,2026-06-16,42886
14:25:42,2026-06-16,42889
16:11:48,2026-06-16,42861
18:02:38,2026-06-16,42812
19:31:59,2026-06-16,42766
20:33:48,2026-06-16,42721
21:36:26,2026-06-16,42719
22:23:29,2026-06-16,42713
23:09:10,2026-06-16,42701
23:50:21,2026-06-16,42678
00:51:12,2026-06-17,42661
01:51:58,2026-06-17,42615
03:10:07,2026-06-17,42567
05:00:00,2026-06-17,42559
06:48:07,2026-06-17,42529
08:44:58,2026-06-17,42519
10:34:14,2026-06-17,42504
12:07:23,2026-06-17,42495
13:33:43,2026-06-17,42496
14:39:31,2026-06-17,42483
16:00:54,2026-06-17,42480
17:23:42,2026-06-17,42481
18:28:21,2026-06-17,42441
19:28:37,2026-06-17,42451
20:27:23,2026-06-17,42435
21:22:17,2026-06-17,42433
22:17:37,2026-06-17,42403
22:54:02,2026-06-17,42399
23:33:41,2026-06-17,42375
00:04:37,2026-06-18,42380
01:28:52,2026-06-18,42350
02:33:22,2026-06-18,42335
04:01:21,2026-06-18,42306
06:00:23,2026-06-18,42285
08:02:54,2026-06-18,42266
09:48:59,2026-06-18,42216
11:23:57,2026-06-18,42188
12:39:24,2026-06-18,42150
13:49:35,2026-06-18,42117
15:06:04,2026-06-18,42098
16:31:19,2026-06-18,42080
17:43:45,2026-06-18,42049
18:49:29,2026-06-18,42022
19:44:57,2026-06-18,41995
20:50:39,2026-06-18,41987
21:42:29,2026-06-18,41970
22:39:40,2026-06-18,41960
23:20:05,2026-06-18,41955
00:00:04,2026-06-19,41939
01:28:34,2026-06-19,41896
02:33:58,2026-06-19,41868
04:01:52,2026-06-19,41861
06:03:39,2026-06-19,41838
08:15:38,2026-06-19,41841
09:53:11,2026-06-19,41826
11:33:36,2026-06-19,41828
12:53:38,2026-06-19,41821
14:03:00,2026-06-19,41812
15:30:31,2026-06-19,41792
16:31:11,2026-06-19,41790
17:25:47,2026-06-19,41776
18:15:52,2026-06-19,41763
19:00:52,2026-06-19,41733
19:59:13,2026-06-19,41707
20:39:17,2026-06-19,41664
21:07:35,2026-06-19,41641
21:45:07,2026-06-19,41658
22:21:28,2026-06-19,41654
23:00:25,2026-06-19,41642
23:43:00,2026-06-19,41615
00:46:30,2026-06-20,41598
01:43:54,2026-06-20,41572
03:08:40,2026-06-20,41548
04:47:39,2026-06-20,41548
06:30:48,2026-06-20,41516
07:56:13,2026-06-20,41502
09:09:15,2026-06-20,41476
10:16:51,2026-06-20,41449
11:05:45,2026-06-20,41454
12:00:09,2026-06-20,41442
12:50:28,2026-06-20,41432
13:34:50,2026-06-20,41425
14:26:55,2026-06-20,41411
15:18:53,2026-06-20,41406
15:55:55,2026-06-20,41423
16:35:35,2026-06-20,41407
17:08:10,2026-06-20,41406
17:50:28,2026-06-20,41402
18:31:20,2026-06-20,41376
19:03:41,2026-06-20,41373
19:54:44,2026-06-20,41338
20:29:37,2026-06-20,41336
21:03:01,2026-06-20,41330
21:46:18,2026-06-20,41326
22:27:01,2026-06-20,41310
23:01:53,2026-06-20,41292
23:45:25,2026-06-20,41285
00:50:59,2026-06-21,41223
01:51:29,2026-06-21,41164
03:11:00,2026-06-21,41137
04:59:53,2026-06-21,41118
06:40:23,2026-06-21,41091
08:31:21,2026-06-21,41079
09:59:38,2026-06-21,41062
11:10:23,2026-06-21,41046
12:03:23,2026-06-21,41023
13:02:14,2026-06-21,41009
14:01:52,2026-06-21,40993
15:04:39,2026-06-21,40969
15:59:39,2026-06-21,40942
16:42:31,2026-06-21,40925
17:32:16,2026-06-21,40932
18:08:57,2026-06-21,40899
18:52:48,2026-06-21,40902
19:32:29,2026-06-21,40895
20:14:17,2026-06-21,40893
20:48:57,2026-06-21,40880
21:30:13,2026-06-21,40876
22:04:46,2026-06-21,40869
22:44:48,2026-06-21,40883
23:30:35,2026-06-21,40859
00:02:54,2026-06-22,40835
01:32:45,2026-06-22,40811
02:33:05,2026-06-22,40812
04:01:29,2026-06-22,40801
06:10:42,2026-06-22,40765
08:30:55,2026-06-22,40772
10:32:54,2026-06-22,40759
12:37:45,2026-06-22,40746
14:35:29,2026-06-22,40747
16:13:40,2026-06-22,40744
17:52:25,2026-06-22,40751
19:07:12,2026-06-22,40723
20:17:51,2026-06-22,40706
21:19:40,2026-06-22,40700
22:06:48,2026-06-22,40686
22:54:12,2026-06-22,40646
23:31:25,2026-06-22,40617
00:01:49,2026-06-23,40619
01:18:02,2026-06-23,40596
02:07:24,2026-06-23,40604
03:31:20,2026-06-23,40623
05:01:06,2026-06-23,40580
06:34:57,2026-06-23,40535
07:56:22,2026-06-23,40503
09:15:33,2026-06-23,40509
10:32:30,2026-06-23,40503
11:41:39,2026-06-23,40511
12:58:59,2026-06-23,40512
13:56:03,2026-06-23,40561
15:05:03,2026-06-23,40564
16:12:27,2026-06-23,40561
17:07:13,2026-06-23,40555
18:00:40,2026-06-23,40560
19:02:56,2026-06-23,40560
20:01:34,2026-06-23,40591
21:00:39,2026-06-23,40589
21:51:41,2026-06-23,40579
22:27:59,2026-06-23,40583
23:02:14,2026-06-23,40588
23:39:38,2026-06-23,40581
00:05:17,2026-06-24,40580
01:15:52,2026-06-24,40566
02:04:10,2026-06-24,40568
03:31:23,2026-06-24,40548
05:01:21,2026-06-24,40533
06:33:11,2026-06-24,40542
07:53:22,2026-06-24,40556
09:07:49,2026-06-24,40551
10:26:45,2026-06-24,40539
11:34:15,2026-06-24,40519
12:27:27,2026-06-24,40522
13:26:52,2026-06-24,40523
14:31:05,2026-06-24,40525
15:31:26,2026-06-24,40496
16:28:59,2026-06-24,40479
17:20:53,2026-06-24,40463
18:16:08,2026-06-24,40434
18:59:01,2026-06-24,40417
19:38:12,2026-06-24,40409
20:19:05,2026-06-24,40373
20:58:03,2026-06-24,40377
21:36:12,2026-06-24,40371
22:04:53,2026-06-24,40364
22:46:15,2026-06-24,40361
23:26:53,2026-06-24,40330
00:02:11,2026-06-25,40325
01:20:31,2026-06-25,40343
02:32:40,2026-06-25,40340
04:00:19,2026-06-25,40330
05:45:02,2026-06-25,40329
07:13:27,2026-06-25,40330
08:28:48,2026-06-25,40322
09:48:24,2026-06-25,40352
10:58:11,2026-06-25,40371
11:56:36,2026-06-25,40369
12:55:44,2026-06-25,40367
13:44:12,2026-06-25,40361
15:00:06,2026-06-25,40365
15:56:33,2026-06-25,40355
16:51:52,2026-06-25,40346
17:50:52,2026-06-25,40347
18:46:17,2026-06-25,40335
19:35:48,2026-06-25,40319
20:22:58,2026-06-25,40322
21:14:21,2026-06-25,40312
21:52:56,2026-06-25,40304
22:31:49,2026-06-25,40292
23:03:46,2026-06-25,40286
23:48:05,2026-06-25,40277
00:46:52,2026-06-26,40284
01:44:53,2026-06-26,40266
03:09:11,2026-06-26,40240
04:47:27,2026-06-26,40209
06:24:46,2026-06-26,40168
07:59:13,2026-06-26,40159
09:18:53,2026-06-26,40144
10:28:34,2026-06-26,40126
11:34:43,2026-06-26,40115
12:25:14,2026-06-26,40122
13:22:02,2026-06-26,40122
14:30:36,2026-06-26,40112
15:28:46,2026-06-26,40076
16:26:00,2026-06-26,40055
17:15:54,2026-06-26,40041
17:59:47,2026-06-26,40027
18:47:54,2026-06-26,40025
19:33:42,2026-06-26,40019
20:16:34,2026-06-26,40033
20:55:13,2026-06-26,40017
21:30:29,2026-06-26,40001
22:02:43,2026-06-26,39978
22:45:25,2026-06-26,39975
23:27:16,2026-06-26,39963
00:01:57,2026-06-27,39955
01:18:27,2026-06-27,39949
02:07:55,2026-06-27,39929
03:30:59,2026-06-27,39918
04:59:37,2026-06-27,39902
06:16:15,2026-06-27,39888
07:26:03,2026-06-27,39893
08:31:46,2026-06-27,39887
09:30:18,2026-06-27,39884
10:23:12,2026-06-27,39882
11:12:15,2026-06-27,39875
11:49:09,2026-06-27,39873
12:29:11,2026-06-27,39869
13:03:15,2026-06-27,39873
13:59:44,2026-06-27,39860
14:40:03,2026-06-27,39854
15:09:47,2026-06-27,39848
15:47:06,2026-06-27,39852
16:25:29,2026-06-27,39837
17:02:17,2026-06-27,39816
17:41:55,2026-06-27,39836
18:26:28,2026-06-27,39818
19:02:53,2026-06-27,39804
19:48:52,2026-06-27,39796
20:24:45,2026-06-27,39788
21:01:15,2026-06-27,39785
21:41:33,2026-06-27,39788
22:23:29,2026-06-27,39759
23:01:06,2026-06-27,39736
23:39:52,2026-06-27,39710
00:06:56,2026-06-28,39711
01:25:02,2026-06-28,39673
02:32:58,2026-06-28,39677
04:00:48,2026-06-28,39674
05:48:06,2026-06-28,39658
07:22:57,2026-06-28,39628
08:34:58,2026-06-28,39624
09:43:44,2026-06-28,39598
10:45:20,2026-06-28,39581
11:34:42,2026-06-28,39569
12:08:21,2026-06-28,39565
12:48:47,2026-06-28,39548
13:32:28,2026-06-28,39539
14:19:09,2026-06-28,39524
14:57:46,2026-06-28,39509
15:34:06,2026-06-28,39515
16:02:41,2026-06-28,39514
16:44:20,2026-06-28,39495
17:27:30,2026-06-28,39452
18:01:55,2026-06-28,39416
18:45:20,2026-06-28,39373
19:31:38,2026-06-28,39321
20:03:16,2026-06-28,39279
20:42:57,2026-06-28,39251
21:24:34,2026-06-28,39237
22:01:14,2026-06-28,39243
22:40:36,2026-06-28,39222
23:24:21,2026-06-28,39235
00:02:10,2026-06-29,39242
01:25:58,2026-06-29,39220
02:32:56,2026-06-29,39208
04:01:00,2026-06-29,39202
05:59:33,2026-06-29,39180
08:04:49,2026-06-29,39166
09:56:08,2026-06-29,39188
11:44:08,2026-06-29,39200
13:30:11,2026-06-29,39203
14:52:44,2026-06-29,39205
16:18:04,2026-06-29,39220
17:17:32,2026-06-29,39230
18:05:29,2026-06-29,39237
19:01:55,2026-06-29,39228
20:03:30,2026-06-29,39191
20:55:25,2026-06-29,39195
21:32:16,2026-06-29,39196
22:02:51,2026-06-29,39186
22:40:01,2026-06-29,39165
23:06:49,2026-06-29,39154
23:39:44,2026-06-29,39143
00:07:13,2026-06-30,39156
01:20:22,2026-06-30,39168
02:32:41,2026-06-30,39142
04:00:21,2026-06-30,39138
05:45:44,2026-06-30,39149
07:19:46,2026-06-30,39173
08:35:09,2026-06-30,39192
09:57:08,2026-06-30,39177
11:09:25,2026-06-30,39169
12:03:20,2026-06-30,39159
13:03:01,2026-06-30,39152
14:02:30,2026-06-30,39142
15:14:31,2026-06-30,39133
16:10:03,2026-06-30,39130
17:02:20,2026-06-30,39126
18:00:25,2026-06-30,39124
18:59:49,2026-06-30,39127
19:41:22,2026-06-30,39130
20:39:26,2026-06-30,39111
21:17:19,2026-06-30,39110
21:51:05,2026-06-30,39110
22:28:09,2026-06-30,39075
23:02:42,2026-06-30,39080
23:45:20,2026-06-30,39096
23:48:28,2026-07-01,39040
00:44:22,2026-07-02,39037
01:42:37,2026-07-02,38991
03:07:04,2026-07-02,38985
04:43:35,2026-07-02,38972
06:17:19,2026-07-02,38960
07:33:46,2026-07-02,38960
08:35:26,2026-07-02,38955
09:44:38,2026-07-02,38974
10:54:53,2026-07-02,38979
11:48:35,2026-07-02,38979
12:40:31,2026-07-02,38975
13:34:34,2026-07-02,38996
14:25:58,2026-07-02,38993
15:27:17,2026-07-02,39002
16:17:45,2026-07-02,39005
16:59:46,2026-07-02,39021
17:39:01,2026-07-02,39015
18:17:03,2026-07-02,39017
18:52:09,2026-07-02,39025
19:30:52,2026-07-02,39018
20:08:06,2026-07-02,39023
20:43:04,2026-07-02,39019
21:26:24,2026-07-02,39024
22:02:06,2026-07-02,39025
22:41:57,2026-07-02,39022
23:24:58,2026-07-02,39012
00:01:55,2026-07-03,39011
01:02:24,2026-07-03,38980
02:02:51,2026-07-03,38960
03:30:40,2026-07-03,38969
04:55:11,2026-07-03,38945
06:12:45,2026-07-03,38934
07:29:49,2026-07-03,38914
08:39:16,2026-07-03,38927
09:44:52,2026-07-03,38932
10:54:52,2026-07-03,38941
11:47:11,2026-07-03,38947
12:39:13,2026-07-03,38930
13:20:47,2026-07-03,38937
14:28:02,2026-07-03,38931
15:24:26,2026-07-03,38944
16:10:16,2026-07-03,38955
16:48:45,2026-07-03,38976
17:30:50,2026-07-03,39005
18:04:43,2026-07-03,39007
18:46:10,2026-07-03,39005
19:30:50,2026-07-03,39009
20:05:29,2026-07-03,39011
20:41:08,2026-07-03,39027
21:25:59,2026-07-03,39044
22:01:41,2026-07-03,39047
22:40:12,2026-07-03,39058
23:07:34,2026-07-03,39061
23:40:11,2026-07-03,39064
00:35:53,2026-07-04,39066
01:12:35,2026-07-04,39078
02:02:41,2026-07-04,39079
03:30:29,2026-07-04,39067
04:52:23,2026-07-04,39057
06:03:43,2026-07-04,39063
07:18:57,2026-07-04,39063
08:13:52,2026-07-04,39056
09:08:15,2026-07-04,39062
10:02:06,2026-07-04,39069
10:58:11,2026-07-04,39070
11:34:33,2026-07-04,39073
12:02:10,2026-07-04,39076
12:45:03,2026-07-04,39060
13:31:18,2026-07-04,39079
14:11:08,2026-07-04,39100
14:47:41,2026-07-04,39106
15:25:00,2026-07-04,39106
16:01:00,2026-07-04,39077
16:39:53,2026-07-04,39060
17:07:40,2026-07-04,39064
17:40:44,2026-07-04,39056
18:22:06,2026-07-04,39069
19:01:56,2026-07-04,39080
19:45:10,2026-07-04,39089
20:21:09,2026-07-04,39098
21:00:29,2026-07-04,39100
21:39:20,2026-07-04,39106
22:05:27,2026-07-04,39114
22:38:56,2026-07-04,39106
23:04:56,2026-07-04,39108
23:40:21,2026-07-04,39089
00:38:06,2026-07-05,39087
01:18:28,2026-07-05,39079
02:07:44,2026-07-05,39068
03:30:50,2026-07-05,39074
05:00:11,2026-07-05,39060
06:23:28,2026-07-05,39032
07:44:09,2026-07-05,39022
09:02:30,2026-07-05,39043
10:03:01,2026-07-05,39068
11:01:38,2026-07-05,39080
11:49:32,2026-07-05,39072
12:29:54,2026-07-05,39088
13:03:09,2026-07-05,39093
13:59:18,2026-07-05,39094
14:37:42,2026-07-05,39085
15:06:13,2026-07-05,39098
15:45:54,2026-07-05,39099
16:23:43,2026-07-05,39085
17:02:03,2026-07-05,39085
17:41:20,2026-07-05,39075
18:24:00,2026-07-05,39061
19:02:37,2026-07-05,39056
19:48:00,2026-07-05,39065
20:24:33,2026-07-05,39073
21:00:46,2026-07-05,39083
21:39:35,2026-07-05,39070
22:06:35,2026-07-05,39079
22:38:58,2026-07-05,39072
23:05:33,2026-07-05,39087
23:41:01,2026-07-05,39080
00:38:46,2026-07-06,39096
01:18:18,2026-07-06,39082
02:07:46,2026-07-06,39075
03:31:08,2026-07-06,39056
05:02:52,2026-07-06,39020
06:49:09,2026-07-06,39014
08:31:57,2026-07-06,39009
10:02:10,2026-07-06,39004
11:47:01,2026-07-06,39003
13:16:52,2026-07-06,39025
14:31:10,2026-07-06,39008
15:53:57,2026-07-06,39008
17:01:26,2026-07-06,38998
18:03:06,2026-07-06,38987
18:59:48,2026-07-06,38976
19:40:21,2026-07-06,38980
20:38:26,2026-07-06,38991
21:13:45,2026-07-06,38992
21:50:42,2026-07-06,39009
22:27:56,2026-07-06,39024
23:01:53,2026-07-06,39039
23:41:27,2026-07-06,39046
00:38:55,2026-07-07,39036
01:18:59,2026-07-07,39033
02:08:30,2026-07-07,39029
03:30:52,2026-07-07,39017
04:59:45,2026-07-07,39023
06:26:42,2026-07-07,39010
07:52:47,2026-07-07,38992
09:08:05,2026-07-07,38973
10:29:31,2026-07-07,38932
11:33:45,2026-07-07,38892
12:29:59,2026-07-07,38854
13:25:18,2026-07-07,38817
14:31:24,2026-07-07,38769
15:36:27,2026-07-07,38766
16:32:17,2026-07-07,38807
17:24:53,2026-07-07,38820
18:21:48,2026-07-07,38844
19:17:55,2026-07-07,38871
20:03:56,2026-07-07,38879
20:56:06,2026-07-07,38882
21:31:55,2026-07-07,38889
22:03:33,2026-07-07,38896
22:41:12,2026-07-07,38906
23:20:56,2026-07-07,38918
00:00:06,2026-07-08,38930
00:51:15,2026-07-08,38941
01:34:55,2026-07-08,38945
02:31:40,2026-07-08,38941
03:50:00,2026-07-08,38933
05:04:33,2026-07-08,38926
06:13:43,2026-07-08,38921
07:11:39,2026-07-08,38947
08:03:13,2026-07-08,38952
09:10:29,2026-07-08,38969
10:03:17,2026-07-08,38971
11:01:46,2026-07-08,38966
11:55:42,2026-07-08,38982
12:37:08,2026-07-08,39002
13:13:36,2026-07-08,38993
14:01:46,2026-07-08,39000
15:03:40,2026-07-08,39040
16:01:07,2026-07-08,39049
16:51:29,2026-07-08,39058
17:31:31,2026-07-08,39080
18:07:31,2026-07-08,39066
18:50:21,2026-07-08,39084
19:30:58,2026-07-08,39098
20:08:34,2026-07-08,39094
20:44:21,2026-07-08,39125
21:25:33,2026-07-08,39130
22:01:42,2026-07-08,39139
22:40:20,2026-07-08,39130
23:25:33,2026-07-08,39131
00:02:13,2026-07-09,39148
01:01:52,2026-07-09,39163
02:02:49,2026-07-09,39140
03:30:46,2026-07-09,39156
04:59:55,2026-07-09,39157
06:24:42,2026-07-09,39128
09:06:55,2026-07-09,39128
10:33:55,2026-07-09,39124
11:36:51,2026-07-09,39130
13:37:11,2026-07-09,39141
14:35:41,2026-07-09,39152
15:43:37,2026-07-09,39139
16:51:17,2026-07-09,39136
17:38:09,2026-07-09,39115
18:18:53,2026-07-09,39119
18:59:22,2026-07-09,39128
19:37:47,2026-07-09,39141
20:19:24,2026-07-09,39146
20:57:21,2026-07-09,39120
21:34:33,2026-07-09,39126
22:07:59,2026-07-09,39133
22:47:10,2026-07-09,39139
23:27:52,2026-07-09,39160
00:01:38,2026-07-10,39174
01:00:05,2026-07-10,39191
01:43:14,2026-07-10,39195
03:05:35,2026-07-10,39222
04:39:03,2026-07-10,39228
06:06:11,2026-07-10,39228
07:31:39,2026-07-10,39246
08:46:59,2026-07-10,39245
10:08:04,2026-07-10,39233
11:21:00,2026-07-10,39231
12:29:39,2026-07-10,39236
13:21:03,2026-07-10,39264
14:30:48,2026-07-10,39266
15:31:00,2026-07-10,39280
16:29:38,2026-07-10,39288
17:16:23,2026-07-10,39277
17:57:32,2026-07-10,39270
18:36:39,2026-07-10,39286
19:08:48,2026-07-10,39295
19:52:54,2026-07-10,39294
20:31:31,2026-07-10,39297
21:02:01,2026-07-10,39287
21:39:42,2026-07-10,39307
22:06:59,2026-07-10,39304
22:39:03,2026-07-10,39317
23:05:14,2026-07-10,39322
23:38:21,2026-07-10,39332
00:04:21,2026-07-11,39344
00:53:24,2026-07-11,39359
01:34:33,2026-07-11,39380
02:31:23,2026-07-11,39391
03:48:20,2026-07-11,39383
05:03:12,2026-07-11,39390
06:03:34,2026-07-11,39406
07:03:09,2026-07-11,39408
08:00:18,2026-07-11,39390
08:56:28,2026-07-11,39398
09:34:30,2026-07-11,39389
10:06:01,2026-07-11,39393
10:43:04,2026-07-11,39384
11:22:44,2026-07-11,39389
11:58:54,2026-07-11,39381
12:27:08,2026-07-11,39370
13:02:18,2026-07-11,39379
13:53:33,2026-07-11,39404
14:27:11,2026-07-11,39404
14:59:46,2026-07-11,39412
15:26:28,2026-07-11,39418
15:59:50,2026-07-11,39430
16:23:29,2026-07-11,39428
17:00:32,2026-07-11,39449
17:39:30,2026-07-11,39439
18:02:45,2026-07-11,39431
18:37:03,2026-07-11,39449
19:03:33,2026-07-11,39454
19:44:03,2026-07-11,39457
20:17:34,2026-07-11,39453
20:36:29,2026-07-11,39449
21:00:23,2026-07-11,39430
21:35:03,2026-07-11,39413
21:58:21,2026-07-11,39404
22:20:56,2026-07-11,39398
22:58:52,2026-07-11,39390
23:22:47,2026-07-11,39386
00:00:10,2026-07-12,39394
00:54:15,2026-07-12,39392
01:34:24,2026-07-12,39384
02:31:29,2026-07-12,39382
03:54:19,2026-07-12,39363
05:05:10,2026-07-12,39327
06:16:29,2026-07-12,39321
07:12:36,2026-07-12,39331
08:02:22,2026-07-12,39333
09:02:09,2026-07-12,39321
09:58:54,2026-07-12,39328
10:36:00,2026-07-12,39328
11:03:51,2026-07-12,39340
11:41:46,2026-07-12,39347
12:19:25,2026-07-12,39357
12:41:39,2026-07-12,39354
13:30:42,2026-07-12,39355
14:11:45,2026-07-12,39352
14:41:58,2026-07-12,39367
15:22:05,2026-07-12,39372
16:00:46,2026-07-12,39362
16:37:27,2026-07-12,39381
17:03:20,2026-07-12,39398
17:40:15,2026-07-12,39414
18:19:26,2026-07-12,39441
18:41:16,2026-07-12,39453
19:25:04,2026-07-12,39509
20:02:19,2026-07-12,39559
20:33:01,2026-07-12,39604
20:59:29,2026-07-12,39626
21:22:13,2026-07-12,39631
21:58:54,2026-07-12,39650
22:22:02,2026-07-12,39644
22:58:47,2026-07-12,39648
23:22:46,2026-07-12,39631
23:59:46,2026-07-12,39654
00:53:30,2026-07-13,39643
01:35:09,2026-07-13,39653
02:31:36,2026-07-13,39635
03:55:48,2026-07-13,39637
05:10:58,2026-07-13,39647
06:27:14,2026-07-13,39636
07:46:47,2026-07-13,39649
09:06:19,2026-07-13,39650
10:30:10,2026-07-13,39644
11:41:00,2026-07-13,39627
12:49:54,2026-07-13,39631
13:41:41,2026-07-13,39625
14:59:39,2026-07-13,39621
15:59:11,2026-07-13,39615
16:53:14,2026-07-13,39579
17:38:45,2026-07-13,39554
18:18:23,2026-07-13,39556
18:52:44,2026-07-13,39556
19:30:25,2026-07-13,39584
20:03:26,2026-07-13,39591
20:41:36,2026-07-13,39602
21:20:22,2026-07-13,39605
22:00:07,2026-07-13,39596
22:24:33,2026-07-13,39600
22:59:52,2026-07-13,39593
23:24:01,2026-07-13,39593
23:59:11,2026-07-13,39602
00:46:37,2026-07-14,39594
01:34:08,2026-07-14,39564
02:31:07,2026-07-14,39571
03:44:47,2026-07-14,39571
05:00:50,2026-07-14,39572
06:02:49,2026-07-14,39538
07:02:54,2026-07-14,39525
08:01:07,2026-07-14,39515
09:01:37,2026-07-14,39498
10:00:29,2026-07-14,39472
10:55:07,2026-07-14,39477
11:30:26,2026-07-14,39469
12:03:05,2026-07-14,39465
12:46:44,2026-07-14,39473
13:33:12,2026-07-14,39460
14:18:49,2026-07-14,39457
15:00:45,2026-07-14,39460
15:50:24,2026-07-14,39472
16:28:01,2026-07-14,39456
17:02:44,2026-07-14,39444
17:43:12,2026-07-14,39462
18:24:33,2026-07-14,39461
19:02:35,2026-07-14,39442
19:48:43,2026-07-14,39419
20:25:19,2026-07-14,39418
21:00:47,2026-07-14,39412
21:38:15,2026-07-14,39409
22:04:10,2026-07-14,39409
22:38:57,2026-07-14,39404
23:04:31,2026-07-14,39399
23:36:20,2026-07-14,39390
23:59:56,2026-07-14,39404
00:44:38,2026-07-15,39389
01:34:29,2026-07-15,39378
02:30:52,2026-07-15,39362
03:45:07,2026-07-15,39347
05:00:55,2026-07-15,39349
06:03:29,2026-07-15,39329
07:03:22,2026-07-15,39341
08:01:36,2026-07-15,39348
09:03:12,2026-07-15,39345
10:01:16,2026-07-15,39347
10:58:36,2026-07-15,39332
11:35:56,2026-07-15,39326
12:06:40,2026-07-15,39320
12:47:44,2026-07-15,39324
13:32:33,2026-07-15,39342
14:17:25,2026-07-15,39346
14:59:27,2026-07-15,39345
15:36:34,2026-07-15,39358
16:08:55,2026-07-15,39341
16:48:19,2026-07-15,39336
17:28:59,2026-07-15,39336
18:01:54,2026-07-15,39322
18:41:49,2026-07-15,39317
19:28:30,2026-07-15,39318
20:02:31,2026-07-15,39312
20:39:52,2026-07-15,39306
21:06:39,2026-07-15,39295
21:38:20,2026-07-15,39294
22:04:39,2026-07-15,39291
22:39:10,2026-07-15,39295
23:05:05,2026-07-15,39304
23:39:30,2026-07-15,39295
00:05:21,2026-07-16,39316
00:52:28,2026-07-16,39314
01:34:28,2026-07-16,39320
02:31:24,2026-07-16,39307
03:46:19,2026-07-16,39291
05:02:47,2026-07-16,39270
06:05:47,2026-07-16,39259
07:08:48,2026-07-16,39257
08:02:03,2026-07-16,39265
09:05:19,2026-07-16,39270
10:02:04,2026-07-16,39254
11:00:48,2026-07-16,39237
11:53:35,2026-07-16,39230
12:33:58,2026-07-16,39224
13:07:08,2026-07-16,39221
14:00:28,2026-07-16,39204
15:01:10,2026-07-16,39187
15:50:10,2026-07-16,39212
16:29:39,2026-07-16,39193
17:02:54,2026-07-16,39188
17:46:03,2026-07-16,39186
18:25:18,2026-07-16,39198
19:02:00,2026-07-16,39185
19:43:05,2026-07-16,39184
20:19:11,2026-07-16,39177
20:39:18,2026-07-16,39167
21:06:06,2026-07-16,39157
21:40:59,2026-07-16,39156
22:21:23,2026-07-16,39146
00:00:33,2026-07-17,39137
00:55:12,2026-07-17,39141
01:35:04,2026-07-17,39128
02:31:20,2026-07-17,39119
03:45:54,2026-07-17,39095
05:03:34,2026-07-17,39060
06:05:15,2026-07-17,39038
07:05:21,2026-07-17,39033
08:01:40,2026-07-17,39034
09:02:45,2026-07-17,39028
10:00:23,2026-07-17,39030
10:56:25,2026-07-17,39028
11:31:53,2026-07-17,39027
12:02:21,2026-07-17,39020
12:43:59,2026-07-17,39018
13:32:16,2026-07-17,39032
14:13:44,2026-07-17,39023
14:52:47,2026-07-17,39018
15:28:13,2026-07-17,39004
16:03:56,2026-07-17,39002
16:42:45,2026-07-17,38985
17:25:35,2026-07-17,38988
18:01:46,2026-07-17,38978
18:39:27,2026-07-17,38980
19:07:12,2026-07-17,38977
19:42:16,2026-07-17,38989
20:20:10,2026-07-17,38993
20:40:29,2026-07-17,38995
21:16:32,2026-07-17,38967
21:37:04,2026-07-17,38951
22:01:03,2026-07-17,38943
22:34:18,2026-07-17,38930
22:58:31,2026-07-17,38910
23:21:46,2026-07-17,38902
23:58:40,2026-07-17,38879
00:46:36,2026-07-18,38891
01:34:07,2026-07-18,38896
02:30:59,2026-07-18,38900
03:42:42,2026-07-18,38903
04:58:20,2026-07-18,38899
05:48:19,2026-07-18,38869
06:40:01,2026-07-18,38844
07:17:12,2026-07-18,38840
08:02:34,2026-07-18,38840
08:56:09,2026-07-18,38842
09:33:01,2026-07-18,38841
10:04:53,2026-07-18,38846
10:45:45,2026-07-18,38848
11:22:05,2026-07-18,38850
11:58:55,2026-07-18,38847
12:25:51,2026-07-18,38853
13:01:50,2026-07-18,38835
13:51:57,2026-07-18,38825
14:25:55,2026-07-18,38826
14:59:49,2026-07-18,38808
15:26:42,2026-07-18,38801
16:00:11,2026-07-18,38802
16:24:50,2026-07-18,38799
17:00:25,2026-07-18,38801
17:39:13,2026-07-18,38811
18:02:58,2026-07-18,38802
18:37:26,2026-07-18,38786
19:04:21,2026-07-18,38785
19:44:04,2026-07-18,38782
20:16:09,2026-07-18,38803
20:34:34,2026-07-18,38804
20:59:24,2026-07-18,38789
21:22:19,2026-07-18,38792
21:58:17,2026-07-18,38803
22:21:16,2026-07-18,38793
22:58:56,2026-07-18,38785
23:24:13,2026-07-18,38786
23:59:30,2026-07-18,38794
00:52:40,2026-07-19,38780
01:34:31,2026-07-19,38785
02:31:29,2026-07-19,38810
03:53:24,2026-07-19,38794
05:04:24,2026-07-19,38790
06:13:32,2026-07-19,38796
07:11:02,2026-07-19,38802
08:02:30,2026-07-19,38801
09:01:58,2026-07-19,38797
09:58:38,2026-07-19,38789
10:35:48,2026-07-19,38789
11:03:42,2026-07-19,38774
11:40:25,2026-07-19,38783
12:18:43,2026-07-19,38774
12:40:10,2026-07-19,38764
13:09:03,2026-07-19,38773
13:53:05,2026-07-19,38771
14:28:38,2026-07-19,38780
15:00:06,2026-07-19,38794
15:26:52,2026-07-19,38819
16:00:13,2026-07-19,38839
16:24:42,2026-07-19,38846
17:00:20,2026-07-19,38831
17:39:42,2026-07-19,38846
18:03:52,2026-07-19,38855
18:38:26,2026-07-19,38835
19:05:40,2026-07-19,38811
19:44:00,2026-07-19,38792
20:17:47,2026-07-19,38778
20:36:34,2026-07-19,38776
21:01:37,2026-07-19,38767
21:36:33,2026-07-19,38767
22:00:39,2026-07-19,38754
22:35:42,2026-07-19,38733
22:59:58,2026-07-19,38716
23:24:38,2026-07-19,38686
01:47:57,2026-07-20,38645
03:04:42,2026-07-20,38638
04:32:08,2026-07-20,38622
05:50:25,2026-07-20,38612
07:05:40,2026-07-20,38602
08:19:21,2026-07-20,38583
09:31:34,2026-07-20,38557
10:34:27,2026-07-20,38559
11:33:05,2026-07-20,38575
12:25:28,2026-07-20,38557
13:20:02,2026-07-20,38548
14:08:00,2026-07-20,38532
15:02:39,2026-07-20,38519
15:58:17,2026-07-20,38524
16:34:34,2026-07-20,38519
17:10:02,2026-07-20,38515
18:01:09,2026-07-20,38547
18:59:58,2026-07-20,38533
19:38:34,2026-07-20,38531
20:12:20,2026-07-20,38522
20:46:55,2026-07-20,38513
21:25:39,2026-07-20,38509
22:00:37,2026-07-20,38500
22:38:39,2026-07-20,38495
23:04:53,2026-07-20,38485
23:39:11,2026-07-20,38485
00:04:48,2026-07-21,38477
00:54:30,2026-07-21,38426
01:34:42,2026-07-21,38411
02:31:22,2026-07-21,38392
03:50:46,2026-07-21,38374
05:04:32,2026-07-21,38359
06:13:09,2026-07-21,38338
07:13:48,2026-07-21,38335
08:03:07,2026-07-21,38325
09:12:50,2026-07-21,38298
10:07:45,2026-07-21,38320
11:02:04,2026-07-21,38341
11:57:18,2026-07-21,38369
12:39:13,2026-07-21,38394
13:09:21,2026-07-21,38422
14:00:25,2026-07-21,38457
15:01:26,2026-07-21,38500
15:52:59,2026-07-21,38514
16:30:59,2026-07-21,38500
17:03:24,2026-07-21,38475
17:48:50,2026-07-21,38469
18:29:01,2026-07-21,38450
19:02:43,2026-07-21,38444
19:52:12,2026-07-21,38409
20:27:29,2026-07-21,38406
21:01:46,2026-07-21,38417
21:42:28,2026-07-21,38405
22:19:02,2026-07-21,38395
22:40:08,2026-07-21,38389
23:05:43,2026-07-21,38378
23:39:23,2026-07-21,38375
00:02:34,2026-07-22,38356
00:53:35,2026-07-22,38345
01:34:43,2026-07-22,38341
02:31:18,2026-07-22,38328
03:50:58,2026-07-22,38292
05:04:15,2026-07-22,38267
06:12:23,2026-07-22,38227
07:14:24,2026-07-22,38208
08:03:14,2026-07-22,38188
09:12:30,2026-07-22,38166
10:07:23,2026-07-22,38167
11:02:27,2026-07-22,38157
11:57:59,2026-07-22,38145
12:41:10,2026-07-22,38146
13:33:03,2026-07-22,38143
14:22:45,2026-07-22,38151
15:18:24,2026-07-22,38137
15:53:57,2026-07-22,38133
16:31:08,2026-07-22,38114
17:03:30,2026-07-22,38094
17:47:16,2026-07-22,38078
18:26:21,2026-07-22,38072
19:02:15,2026-07-22,38059
19:49:16,2026-07-22,38045
20:24:37,2026-07-22,38045
21:02:05,2026-07-22,38011
21:41:06,2026-07-22,38000
22:22:06,2026-07-22,37979
23:01:10,2026-07-22,37981
23:39:05,2026-07-22,37968
00:05:30,2026-07-23,37965
00:56:04,2026-07-23,37949
01:37:36,2026-07-23,37932
02:35:02,2026-07-23,37922
03:49:41,2026-07-23,37898
05:04:52,2026-07-23,37891
06:15:33,2026-07-23,37883
07:12:36,2026-07-23,37898
08:03:29,2026-07-23,37883
09:11:48,2026-07-23,37880
10:06:18,2026-07-23,37878
11:02:20,2026-07-23,37870
11:58:17,2026-07-23,37865
12:41:47,2026-07-23,37868
13:33:55,2026-07-23,37857
14:26:31,2026-07-23,37845
15:23:58,2026-07-23,37833
16:11:35,2026-07-23,37843
16:50:02,2026-07-23,37823
17:30:56,2026-07-23,37820
18:03:28,2026-07-23,37826
18:45:31,2026-07-23,37828
19:30:34,2026-07-23,37829
20:03:38,2026-07-23,37814
20:40:01,2026-07-23,37825
21:07:36,2026-07-23,37829
21:40:19,2026-07-23,37814
22:21:33,2026-07-23,37803
22:59:59,2026-07-23,37792
23:25:09,2026-07-23,37786
00:00:42,2026-07-24,37778
00:52:36,2026-07-24,37764
01:34:30,2026-07-24,37751
02:31:37,2026-07-24,37719
03:49:34,2026-07-24,37699
05:04:12,2026-07-24,37676
06:11:33,2026-07-24,37666
07:12:41,2026-07-24,37643
08:03:13,2026-07-24,37649
09:09:29,2026-07-24,37641
10:03:18,2026-07-24,37636
11:01:27,2026-07-24,37631
11:54:31,2026-07-24,37627
12:31:23,2026-07-24,37623
13:07:02,2026-07-24,37615
13:59:41,2026-07-24,37591
14:40:03,2026-07-24,37586
15:15:57,2026-07-24,37581
15:49:37,2026-07-24,37579
16:32:52,2026-07-24,37569
17:10:15,2026-07-24,37553
17:52:33,2026-07-24,37549
18:31:04,2026-07-24,37555
19:04:53,2026-07-24,37528
19:50:19,2026-07-24,37510
20:30:18,2026-07-24,37500
21:01:29,2026-07-24,37503
21:41:17,2026-07-24,37478
22:23:29,2026-07-24,37468
23:02:03,2026-07-24,37440
23:40:05,2026-07-24,37436
00:07:23,2026-07-25,37426
00:55:37,2026-07-25,37395
01:35:38,2026-07-25,37401
02:31:57,2026-07-25,37397
03:46:31,2026-07-25,37397
05:03:28,2026-07-25,37381
06:06:06,2026-07-25,37355
07:05:30,2026-07-25,37337
08:01:22,2026-07-25,37317
09:02:31,2026-07-25,37311
09:57:23,2026-07-25,37309
10:35:05,2026-07-25,37310
11:02:22,2026-07-25,37297
11:45:08,2026-07-25,37307
13:02:45,2026-07-25,37297
13:56:51,2026-07-25,37288
14:34:43,2026-07-25,37293
15:01:09,2026-07-25,37299
15:43:33,2026-07-25,37294
16:19:02,2026-07-25,37288
16:39:15,2026-07-25,37276
17:05:52,2026-07-25,37278
17:39:41,2026-07-25,37276
18:04:11,2026-07-25,37275
18:38:38,2026-07-25,37270
19:06:02,2026-07-25,37288
19:44:46,2026-07-25,37275
20:19:47,2026-07-25,37293
20:39:31,2026-07-25,37283
21:04:20,2026-07-25,37287
21:37:28,2026-07-25,37298
22:01:56,2026-07-25,37295
22:37:51,2026-07-25,37301
23:02:54,2026-07-25,37302
23:40:08,2026-07-25,37313
00:06:20,2026-07-26,37312
00:59:48,2026-07-26,37273
01:40:57,2026-07-26,37277
03:03:57,2026-07-26,37289
04:30:10,2026-07-26,37298
05:45:17,2026-07-26,37295
06:55:40,2026-07-26,37275
07:50:41,2026-07-26,37276
08:49:00,2026-07-26,37295
09:41:08,2026-07-26,37301
10:32:42,2026-07-26,37288
11:08:22,2026-07-26,37301
11:45:11,2026-07-26,37291
12:24:33,2026-07-26,37280
13:02:17,2026-07-26,37262
13:54:03,2026-07-26,37246
14:31:33,2026-07-26,37261
15:01:20,2026-07-26,37245
15:42:35,2026-07-26,37224
16:21:06,2026-07-26,37243
17:00:49,2026-07-26,37209
17:40:37,2026-07-26,37215
18:21:22,2026-07-26,37221
19:01:53,2026-07-26,37197
19:44:47,2026-07-26,37172
20:21:43,2026-07-26,37153
21:00:12,2026-07-26,37143
21:38:51,2026-07-26,37131
22:04:59,2026-07-26,37149
22:39:27,2026-07-26,37146
23:05:18,2026-07-26,37150
23:39:32,2026-07-26,37151
00:06:11,2026-07-27,37151
01:00:07,2026-07-27,37145
01:43:21,2026-07-27,37144
03:05:32,2026-07-27,37125
04:32:19,2026-07-27,37107
05:58:12,2026-07-27,37075
07:23:19,2026-07-27,37086
08:49:19,2026-07-27,37087
15:00:27,2026-07-27,37058
16:04:30,2026-07-27,37058
17:00:15,2026-07-27,37042
17:39:01,2026-07-27,37029
18:13:22,2026-07-27,37034
18:51:49,2026-07-27,37014
19:31:08,2026-07-27,37009
20:08:42,2026-07-27,37014
20:48:04,2026-07-27,37018
21:24:55,2026-07-27,37027
22:01:32,2026-07-27,37036
22:39:42,2026-07-27,37030
23:06:41,2026-07-27,37024
23:40:52,2026-07-27,37041
00:31:23,2026-07-28,37042
01:06:37,2026-07-28,37049
02:02:10,2026-07-28,37042
03:27:38,2026-07-28,37030
04:44:54,2026-07-28,37021
05:57:17,2026-07-28,37001
07:02:26,2026-07-28,36993
08:06:41,2026-07-28,36984
09:16:20,2026-07-28,36996
10:12:28,2026-07-28,37037
11:04:53,2026-07-28,37038
11:59:55,2026-07-28,37061
12:46:52,2026-07-28,37067
13:34:22,2026-07-28,37062
14:28:54,2026-07-28,37072
15:27:54,2026-07-28,37078
16:17:07,2026-07-28,37079
16:53:26,2026-07-28,37076
17:31:34,2026-07-28,37090
18:04:38,2026-07-28,37110
18:50:30,2026-07-28,37131
19:31:04,2026-07-28,37159
20:07:06,2026-07-28,37172
20:44:52,2026-07-28,37195
21:25:03,2026-07-28,37233
22:01:40,2026-07-28,37247
22:40:17,2026-07-28,37261
23:21:28,2026-07-28,37271
00:00:13,2026-07-29,37290
00:48:39,2026-07-29,37313
01:34:30,2026-07-29,37329
02:31:13,2026-07-29,37353
03:47:15,2026-07-29,37383
05:04:53,2026-07-29,37378
06:14:31,2026-07-29,37364
07:16:38,2026-07-29,37369
08:10:00,2026-07-29,37369
09:18:03,2026-07-29,37360
10:15:07,2026-07-29,37359
11:08:39,2026-07-29,37350
12:00:49,2026-07-29,37350
13:00:53,2026-07-29,37358
14:01:51,2026-07-29,37362
15:03:10,2026-07-29,37365
15:56:57,2026-07-29,37361
16:33:46,2026-07-29,37369
17:03:00,2026-07-29,37375
17:46:25,2026-07-29,37371
18:21:21,2026-07-29,37374
19:02:23,2026-07-29,37367
19:49:06,2026-07-29,37371
20:21:18,2026-07-29,37370
21:00:14,2026-07-29,37351
21:24:52,2026-07-29,37367
22:00:58,2026-07-29,37369
22:38:40,2026-07-29,37366
23:04:27,2026-07-29,37357
23:39:49,2026-07-29,37370
00:05:25,2026-07-30,37359
00:51:04,2026-07-30,37350
01:33:57,2026-07-30,37348
02:30:42,2026-07-30,37329
03:43:17,2026-07-30,37304
05:02:33,2026-07-30,37307
06:10:43,2026-07-30,37311
07:14:52,2026-07-30,37302
08:03:07,2026-07-30,37297
09:14:43,2026-07-30,37297
10:05:33,2026-07-30,37304
11:02:04,2026-07-30,37307
11:58:32,2026-07-30,37316
12:43:28,2026-07-30,37325
13:34:31,2026-07-30,37328
14:26:57,2026-07-30,37322
15:22:52,2026-07-30,37313
16:11:33,2026-07-30,37328
16:51:22,2026-07-30,37333
17:31:35,2026-07-30,37321
18:05:01,2026-07-30,37305
18:50:33,2026-07-30,37323
19:30:59,2026-07-30,37335
20:06:19,2026-07-30,37333
20:43:46,2026-07-30,37318
21:24:57,2026-07-30,37327
22:07:31,2026-07-30,37307
22:41:55,2026-07-30,37296
23:22:43,2026-07-30,37320
00:00:55,2026-07-31,37336
00:57:25,2026-07-31,37308
01:41:31,2026-07-31,37323
03:04:23,2026-07-31,37319
04:29:42,2026-07-31,37308
05:47:25,2026-07-31,37300
06:59:57,2026-07-31,37297
08:05:58,2026-07-31,37317
09:20:09,2026-07-31,37347
10:16:03,2026-07-31,37339
11:10:55,2026-07-31,37320
12:00:37,2026-07-31,37312
12:59:56,2026-07-31,37303
13:39:55,2026-07-31,37303
14:31:48,2026-07-31,37283
15:26:51,2026-07-31,37315
16:16:00,2026-07-31,37339
16:55:29,2026-07-31,37356
17:32:08,2026-07-31,37351
18:09:16,2026-07-31,37355
18:48:16,2026-07-31,37342
19:32:08,2026-07-31,37336
20:08:13,2026-07-31,37343
20:48:04,2026-07-31,37361
21:24:08,2026-07-31,37343
22:01:39,2026-07-31,37342
22:40:04,2026-07-31,37351
23:07:00,2026-07-31,37348
23:39:51,2026-07-31,37355
00:06:29,2026-08-01,37370
00:58:13,2026-08-01,37366
01:41:33,2026-08-01,37372
03:03:47,2026-08-01,37377
04:28:15,2026-08-01,37363
05:41:39,2026-08-01,37361
06:51:07,2026-08-01,37360
07:45:09,2026-08-01,37371
08:47:02,2026-08-01,37349
09:39:17,2026-08-01,37351
10:18:09,2026-08-01,37346
10:52:55,2026-08-01,37355
11:28:06,2026-08-01,37357
12:01:41,2026-08-01,37344
12:38:48,2026-08-01,37345
13:07:13,2026-08-01,37351
13:53:51,2026-08-01,37355
14:30:39,2026-08-01,37367
15:00:48,2026-08-01,37368
15:41:07,2026-08-01,37364
16:20:54,2026-08-01,37359
17:02:19,2026-08-01,37383
17:40:11,2026-08-01,37377
18:05:51,2026-08-01,37376
18:39:13,2026-08-01,37363
19:06:57,2026-08-01,37350
19:44:35,2026-08-01,37368
20:19:46,2026-08-01,37348
20:39:27,2026-08-01,37340
21:04:38,2026-08-01,37334
21:37:39,2026-08-01,37333
22:02:35,2026-08-01,37328
22:38:22,2026-08-01,37341
23:02:57,2026-08-01,37341
23:39:22,2026-08-01,37336
00:04:48,2026-08-02,37327
00:59:06,2026-08-02,37362
01:41:07,2026-08-02,37355
03:04:13,2026-08-02,37336
04:29:36,2026-08-02,37344
05:42:13,2026-08-02,37345
06:54:06,2026-08-02,37358
07:46:35,2026-08-02,37357
08:48:18,2026-08-02,37355
09:40:04,2026-08-02,37367
10:18:12,2026-08-02,37366
10:53:50,2026-08-02,37373
11:27:10,2026-08-02,37372
12:01:04,2026-08-02,37370
12:40:42,2026-08-02,37377
13:30:55,2026-08-02,37380
14:11:27,2026-08-02,37383
14:46:09,2026-08-02,37382
15:23:31,2026-08-02,37372
16:01:51,2026-08-02,37361
16:37:29,2026-08-02,37351
17:03:34,2026-08-02,37357
17:40:50,2026-08-02,37366
18:20:52,2026-08-02,37360
19:01:45,2026-08-02,37381
19:44:26,2026-08-02,37410
20:20:53,2026-08-02,37414
21:00:05,2026-08-02,37417
21:23:42,2026-08-02,37420
21:59:43,2026-08-02,37443
22:24:06,2026-08-02,37451
22:59:46,2026-08-02,37476
23:24:43,2026-08-02,37482
00:00:16,2026-08-03,37495
00:58:03,2026-08-03,37489
01:42:08,2026-08-03,37467
03:04:32,2026-08-03,37472
04:30:50,2026-08-03,37460
05:52:46,2026-08-03,37452
07:09:06,2026-08-03,37459
08:30:24,2026-08-03,37469
09:59:22,2026-08-03,37453
11:09:38,2026-08-03,37456
12:29:59,2026-08-03,37453
13:32:26,2026-08-03,37461
14:31:43,2026-08-03,37451
15:33:23,2026-08-03,37446
16:30:03,2026-08-03,37452
17:20:48,2026-08-03,37456
18:16:10,2026-08-03,37442
18:57:03,2026-08-03,37448
19:34:14,2026-08-03,37450
20:14:07,2026-08-03,37455
20:44:34,2026-08-03,37446
21:24:46,2026-08-03,37458
22:01:59,2026-08-03,37457
22:39:10,2026-08-03,37459
23:05:56,2026-08-03,37446
23:41:45,2026-08-03,37425
00:32:58,2026-08-04,37426
01:07:25,2026-08-04,37398
02:02:02,2026-08-04,37377
03:28:43,2026-08-04,37378
04:45:14,2026-08-04,37383
05:58:02,2026-08-04,37387
07:02:47,2026-08-04,37386
08:08:22,2026-08-04,37382
09:17:35,2026-08-04,37407
10:15:20,2026-08-04,37384
11:08:55,2026-08-04,37363
12:01:03,2026-08-04,37340
13:01:14,2026-08-04,37302
14:01:52,2026-08-04,37387
15:09:07,2026-08-04,37446
16:03:32,2026-08-04,37495
16:58:59,2026-08-04,37556
17:37:59,2026-08-04,37597
18:15:14,2026-08-04,37631
18:53:06,2026-08-04,37654
19:32:01,2026-08-04,37688
20:11:13,2026-08-04,37716
20:52:50,2026-08-04,37745
21:27:16,2026-08-04,37754
22:02:45,2026-08-04,37792
22:40:50,2026-08-04,37803
23:22:50,2026-08-04,37806
00:00:57,2026-08-05,37818
00:50:26,2026-08-05,37849
01:34:05,2026-08-05,37874
02:31:09,2026-08-05,37900
03:44:57,2026-08-05,37956
05:03:36,2026-08-05,37985
06:10:10,2026-08-05,38023
07:15:16,2026-08-05,38036
08:07:57,2026-08-05,38070
09:17:15,2026-08-05,38095
10:14:03,2026-08-05,38099
11:06:39,2026-08-05,38096
12:00:17,2026-08-05,38119
12:58:58,2026-08-05,38156
13:38:28,2026-08-05,38153
14:29:45,2026-08-05,38170
15:25:11,2026-08-05,38191
16:15:13,2026-08-05,38208
16:53:02,2026-08-05,38234
17:31:53,2026-08-05,38257
18:09:36,2026-08-05,38294
18:53:58,2026-08-05,38315
19:31:10,2026-08-05,38322
20:12:01,2026-08-05,38333
20:44:47,2026-08-05,38369
21:26:13,2026-08-05,38387
22:03:12,2026-08-05,38413
22:40:32,2026-08-05,38434
23:21:51,2026-08-05,38448
00:00:38,2026-08-06,38476
00:48:13,2026-08-06,38542
01:34:18,2026-08-06,38555
02:31:29,2026-08-06,38571
03:47:32,2026-08-06,38616
05:03:35,2026-08-06,38631
06:12:57,2026-08-06,38630
07:15:48,2026-08-06,38634
08:07:09,2026-08-06,38654
09:17:59,2026-08-06,38646
10:15:25,2026-08-06,38646
11:07:16,2026-08-06,38639
12:01:12,2026-08-06,38653
12:59:34,2026-08-06,38664
13:39:22,2026-08-06,38683
14:31:34,2026-08-06,38684
15:25:30,2026-08-06,38704
21:59:19,2026-08-06,38776
00:00:58,2026-08-07,38803
01:30:04,2026-08-07,38821
02:31:37,2026-08-07,38821
03:38:16,2026-08-07,38832
04:30:59,2026-08-07,38840
05:15:00,2026-08-07,38838
05:51:59,2026-08-07,38834
06:25:12,2026-08-07,38831
07:02:12,2026-08-07,38848
07:48:42,2026-08-07,38853
08:24:35,2026-08-07,38856
09:00:38,2026-08-07,38854
09:39:28,2026-08-07,38862
10:05:41,2026-08-07,38859
10:36:47,2026-08-07,38861
11:01:07,2026-08-07,38867
11:34:22,2026-08-07,38862
11:54:34,2026-08-07,38866
12:16:46,2026-08-07,38865
12:35:31,2026-08-07,38866
13:01:32,2026-08-07,38861
13:47:05,2026-08-07,38854
14:22:30,2026-08-07,38859
15:00:08,2026-08-07,38870
15:23:30,2026-08-07,38871
15:59:53,2026-08-07,38888
16:23:22,2026-08-07,38893
16:59:26,2026-08-07,38900
17:22:28,2026-08-07,38903
17:57:08,2026-08-07,38898
18:20:43,2026-08-07,38895
19:00:25,2026-08-07,38905
19:38:25,2026-08-07,38916
19:58:17,2026-08-07,38942
20:16:49,2026-08-07,38947
20:34:06,2026-08-07,38953
20:55:16,2026-08-07,38962
21:14:48,2026-08-07,38975
21:32:01,2026-08-07,38978
21:54:12,2026-08-07,38977
22:11:35,2026-08-07,38984
22:31:14,2026-08-07,38997
22:54:00,2026-08-07,38999
23:11:54,2026-08-07,39010
23:31:11,2026-08-07,39022
23:50:36,2026-08-07,39035
00:16:18,2026-08-08,39047
00:35:13,2026-08-08,39053
01:02:28,2026-08-08,39059
01:59:50,2026-08-08,39049
02:44:11,2026-08-08,39066
03:30:58,2026-08-08,39112
04:03:02,2026-08-08,39118
04:38:40,2026-08-08,39109
05:04:37,2026-08-08,39107
05:33:03,2026-08-08,39109
05:54:39,2026-08-08,39114
06:15:07,2026-08-08,39111
06:32:41,2026-08-08,39111
06:59:58,2026-08-08,39122
07:25:03,2026-08-08,39129
07:55:43,2026-08-08,39131
08:14:05,2026-08-08,39131
08:32:04,2026-08-08,39138
08:56:02,2026-08-08,39148
09:15:56,2026-08-08,39147
09:32:31,2026-08-08,39149
09:53:26,2026-08-08,39151
10:09:19,2026-08-08,39154
10:30:53,2026-08-08,39165
10:52:13,2026-08-08,39170
11:08:11,2026-08-08,39180
11:30:22,2026-08-08,39186
11:48:53,2026-08-08,39188
12:08:39,2026-08-08,39193
12:32:13,2026-08-08,39187
12:59:51,2026-08-08,39171
13:24:24,2026-08-08,39174
13:54:40,2026-08-08,39176
14:12:17,2026-08-08,39175
14:30:49,2026-08-08,39182
14:51:22,2026-08-08,39177
15:07:23,2026-08-08,39175
15:30:43,2026-08-08,39178
15:50:26,2026-08-08,39182
16:07:27,2026-08-08,39202
16:31:05,2026-08-08,39201
16:52:34,2026-08-08,39215
17:08:39,2026-08-08,39216
17:30:38,2026-08-08,39236
17:50:30,2026-08-08,39255
18:08:17,2026-08-08,39264
18:31:22,2026-08-08,39275
18:55:10,2026-08-08,39282
19:11:54,2026-08-08,39279
19:30:26,2026-08-08,39300
19:48:22,2026-08-08,39331
20:07:16,2026-08-08,39336
20:30:32,2026-08-08,39361
20:51:17,2026-08-08,39366
21:08:02,2026-08-08,39364
21:30:32,2026-08-08,39363
21:50:05,2026-08-08,39368
22:06:41,2026-08-08,39366
22:30:30,2026-08-08,39372
22:50:25,2026-08-08,39373
23:07:30,2026-08-08,39367
23:30:29,2026-08-08,39374
23:49:10,2026-08-08,39388
00:16:15,2026-08-09,39404
00:36:22,2026-08-09,39413
01:04:22,2026-08-09,39430
02:00:10,2026-08-09,39472
02:48:25,2026-08-09,39471
03:32:30,2026-08-09,39458
04:04:43,2026-08-09,39470
04:45:40,2026-08-09,39495
05:22:02,2026-08-09,39509
05:55:23,2026-08-09,39519
06:16:26,2026-08-09,39521
06:34:49,2026-08-09,39521
07:00:17,2026-08-09,39521
07:39:23,2026-08-09,39523
07:59:43,2026-08-09,39524
08:19:03,2026-08-09,39526
08:37:12,2026-08-09,39527
08:58:17,2026-08-09,39528
09:18:53,2026-08-09,39534
09:36:37,2026-08-09,39530
09:55:35,2026-08-09,39527
10:11:20,2026-08-09,39539
10:31:12,2026-08-09,39543
10:52:40,2026-08-09,39553
11:08:26,2026-08-09,39558
11:30:26,2026-08-09,39567
11:49:45,2026-08-09,39576
12:09:09,2026-08-09,39590
12:32:24,2026-08-09,39582
12:59:57,2026-08-09,39594
13:26:05,2026-08-09,39616
13:55:33,2026-08-09,39637
14:13:12,2026-08-09,39641
14:31:13,2026-08-09,39653
14:52:46,2026-08-09,39662
15:08:14,2026-08-09,39675
15:31:00,2026-08-09,39686
15:50:46,2026-08-09,39699
16:07:46,2026-08-09,39698
16:31:25,2026-08-09,39710
16:53:20,2026-08-09,39714
17:10:18,2026-08-09,39713
17:30:44,2026-08-09,39728
17:50:45,2026-08-09,39728
18:08:43,2026-08-09,39719
18:31:50,2026-08-09,39724
18:56:26,2026-08-09,39716
19:15:43,2026-08-09,39722
19:31:45,2026-08-09,39716
19:50:36,2026-08-09,39729
20:07:38,2026-08-09,39724
20:30:48,2026-08-09,39716
20:52:22,2026-08-09,39721
21:08:52,2026-08-09,39732
21:30:50,2026-08-09,39730
21:50:49,2026-08-09,39719
22:07:27,2026-08-09,39706
22:30:39,2026-08-09,39709
22:51:59,2026-08-09,39718
23:07:51,2026-08-09,39708
23:30:45,2026-08-09,39700
23:50:42,2026-08-09,39704
00:18:02,2026-08-10,39699
00:38:25,2026-08-10,39697
01:07:13,2026-08-10,39701
02:00:36,2026-08-10,39693
03:03:15,2026-08-10,39704
04:00:01,2026-08-10,39731
04:37:56,2026-08-10,39722
05:10:38,2026-08-10,39712
05:49:29,2026-08-10,39710
06:29:41,2026-08-10,39715
07:03:12,2026-08-10,39728
07:58:13,2026-08-10,39729
08:38:46,2026-08-10,39734
09:08:02,2026-08-10,39731
09:51:02,2026-08-10,39726
10:28:42,2026-08-10,39719
11:01:52,2026-08-10,39708
11:35:18,2026-08-10,39702
11:55:48,2026-08-10,39705
12:18:39,2026-08-10,39713
12:38:33,2026-08-10,39715
13:05:54,2026-08-10,39725
13:49:26,2026-08-10,39710
14:26:10,2026-08-10,39726
15:00:27,2026-08-10,39724
15:38:03,2026-08-10,39727
16:03:43,2026-08-10,39728
16:36:23,2026-08-10,39741
17:01:02,2026-08-10,39757
17:37:34,2026-08-10,39766
17:59:35,2026-08-10,39782
18:22:27,2026-08-10,39782
19:00:29,2026-08-10,39788
19:39:54,2026-08-10,39793
20:00:25,2026-08-10,39807
20:32:18,2026-08-10,39787
20:56:38,2026-08-10,39787
21:17:51,2026-08-10,39798
21:35:39,2026-08-10,39807
21:55:36,2026-08-10,39814
22:13:29,2026-08-10,39809
22:31:40,2026-08-10,39811
22:54:33,2026-08-10,39804
23:11:57,2026-08-10,39804
23:31:25,2026-08-10,39805
23:51:52,2026-08-10,39802
00:17:08,2026-08-11,39817
00:37:38,2026-08-11,39815
01:06:07,2026-08-11,39811
02:00:06,2026-08-11,39819
02:48:26,2026-08-11,39850
03:32:40,2026-08-11,39861
04:06:05,2026-08-11,39866
04:46:47,2026-08-11,39864
05:24:55,2026-08-11,39858
05:58:34,2026-08-11,39842
06:25:46,2026-08-11,39829
07:01:22,2026-08-11,39827
07:45:29,2026-08-11,39821
08:21:02,2026-08-11,39828
09:00:17,2026-08-11,39832
09:39:23,2026-08-11,39829
10:05:24,2026-08-11,39824
10:36:03,2026-08-11,39825
10:59:38,2026-08-11,39824
11:21:44,2026-08-11,39823
11:54:49,2026-08-11,39836
12:16:48,2026-08-11,39822
12:35:37,2026-08-11,39820
13:01:57,2026-08-11,39818
13:48:21,2026-08-11,39827
14:26:10,2026-08-11,39831
15:00:26,2026-08-11,39838
15:38:14,2026-08-11,39832
16:04:02,2026-08-11,39832
16:37:47,2026-08-11,39827
17:03:46,2026-08-11,39820
17:39:32,2026-08-11,39814
18:02:57,2026-08-11,39799
18:37:21,2026-08-11,39787
19:03:39,2026-08-11,39778
19:41:15,2026-08-11,39785
20:14:40,2026-08-11,39762
20:32:47,2026-08-11,39744
20:57:55,2026-08-11,39743
21:20:35,2026-08-11,39738
21:57:43,2026-08-11,39724
22:19:11,2026-08-11,39714
22:37:25,2026-08-11,39707
22:58:41,2026-08-11,39704
23:19:41,2026-08-11,39705
23:37:48,2026-08-11,39702
23:57:51,2026-08-11,39698
00:35:07,2026-08-12,39690
01:02:58,2026-08-12,39665
02:00:46,2026-08-12,39655
03:09:18,2026-08-12,39657
04:01:39,2026-08-12,39667
04:56:56,2026-08-12,39683
05:34:51,2026-08-12,39684
06:05:12,2026-08-12,39683
06:48:20,2026-08-12,39667
07:30:57,2026-08-12,39660
08:05:21,2026-08-12,39656
08:46:19,2026-08-12,39654
09:25:50,2026-08-12,39664
10:01:22,2026-08-12,39673
10:40:36,2026-08-12,39668
11:16:59,2026-08-12,39674
11:35:44,2026-08-12,39674
11:56:06,2026-08-12,39678
12:20:17,2026-08-12,39679
13:01:27,2026-08-12,39680
13:51:13,2026-08-12,39676
14:26:12,2026-08-12,39671
15:00:10,2026-08-12,39685
15:25:17,2026-08-12,39687
16:00:23,2026-08-12,39690
16:37:31,2026-08-12,39692
17:02:55,2026-08-12,39699
17:39:50,2026-08-12,39723
18:03:17,2026-08-12,39716
18:37:23,2026-08-12,39715
19:03:44,2026-08-12,39719
19:42:18,2026-08-12,39721
20:14:06,2026-08-12,39723
20:33:08,2026-08-12,39728
20:57:20,2026-08-12,39729
21:19:14,2026-08-12,39731
21:38:03,2026-08-12,39725
21:59:35,2026-08-12,39728
22:20:06,2026-08-12,39737
22:38:23,2026-08-12,39735
22:58:58,2026-08-12,39734
23:19:07,2026-08-12,39730
23:37:11,2026-08-12,39732
23:56:36,2026-08-12,39737
00:31:30,2026-08-13,39735
01:02:59,2026-08-13,39737
02:00:43,2026-08-13,39755
03:11:36,2026-08-13,39787
04:02:28,2026-08-13,39813
04:58:57,2026-08-13,39809
05:37:04,2026-08-13,39798
06:07:34,2026-08-13,39793
06:50:21,2026-08-13,39798
07:31:10,2026-08-13,39797
08:06:22,2026-08-13,39800
08:48:07,2026-08-13,39805
09:26:07,2026-08-13,39798
10:01:26,2026-08-13,39805
10:41:08,2026-08-13,39804
11:17:15,2026-08-13,39803
11:36:00,2026-08-13,39799
11:56:46,2026-08-13,39794
12:22:05,2026-08-13,39797
13:01:32,2026-08-13,39797
13:51:14,2026-08-13,39800
14:27:41,2026-08-13,39794
15:00:21,2026-08-13,39804
15:38:26,2026-08-13,39801
16:03:41,2026-08-13,39800
16:37:15,2026-08-13,39802
17:02:36,2026-08-13,39812
17:39:46,2026-08-13,39820
18:03:34,2026-08-13,39814
18:37:53,2026-08-13,39811
19:04:19,2026-08-13,39809
19:40:39,2026-08-13,39801
20:11:53,2026-08-13,39803
20:32:16,2026-08-13,39811
20:56:59,2026-08-13,39829
21:19:14,2026-08-13,39829
21:37:53,2026-08-13,39833
21:59:16,2026-08-13,39840
22:20:15,2026-08-13,39849
22:38:47,2026-08-13,39844
22:59:49,2026-08-13,39843
23:20:36,2026-08-13,39849
23:55:06,2026-08-13,39855
00:23:02,2026-08-14,39858
01:02:47,2026-08-14,39869
02:00:41,2026-08-14,39869
03:10:17,2026-08-14,39886
04:01:54,2026-08-14,39896
04:57:14,2026-08-14,39894
05:35:23,2026-08-14,39876
06:05:32,2026-08-14,39876
06:48:58,2026-08-14,39871
07:30:51,2026-08-14,39857
08:03:49,2026-08-14,39839
08:45:15,2026-08-14,39815
09:23:46,2026-08-14,39807
10:00:49,2026-08-14,39808
10:38:45,2026-08-14,39817
11:03:54,2026-08-14,39823
11:33:22,2026-08-14,39832
11:54:35,2026-08-14,39840
12:17:20,2026-08-14,39842
12:36:13,2026-08-14,39847
13:02:40,2026-08-14,39848
13:48:58,2026-08-14,39859
14:22:36,2026-08-14,39863
14:59:34,2026-08-14,39869
15:21:51,2026-08-14,39868
15:58:37,2026-08-14,39857
16:21:26,2026-08-14,39838
16:59:35,2026-08-14,39836
17:23:55,2026-08-14,39845
17:58:33,2026-08-14,39840
18:23:03,2026-08-14,39838
19:00:00,2026-08-14,39842
19:24:43,2026-08-14,39848
19:54:30,2026-08-14,39849
20:10:04,2026-08-14,39861
20:30:54,2026-08-14,39860
20:49:44,2026-08-14,39863
21:06:24,2026-08-14,39866
21:29:40,2026-08-14,39865
21:47:02,2026-08-14,39873
22:04:55,2026-08-14,39899
22:29:50,2026-08-14,39919
22:46:46,2026-08-14,39906
23:05:17,2026-08-14,39900
23:29:04,2026-08-14,39900
23:46:24,2026-08-14,39898
00:11:37,2026-08-15,39887
00:33:02,2026-08-15,39879
01:01:31,2026-08-15,39894
01:51:42,2026-08-15,39891
02:22:47,2026-08-15,39917
02:58:41,2026-08-15,39907
03:19:04,2026-08-15,39910
03:36:49,2026-08-15,39930
03:54:49,2026-08-15,39934
04:09:53,2026-08-15,39935
04:30:37,2026-08-15,39943
04:50:21,2026-08-15,39940
05:06:28,2026-08-15,39936
05:29:43,2026-08-15,39920
05:47:29,2026-08-15,39922
06:07:17,2026-08-15,39922
06:31:19,2026-08-15,39929
06:55:03,2026-08-15,39940
07:11:05,2026-08-15,39948
07:30:38,2026-08-15,39942
07:48:20,2026-08-15,39946
08:05:22,2026-08-15,39950
08:30:31,2026-08-15,39949
08:49:15,2026-08-15,39954
09:07:00,2026-08-15,39950
09:29:45,2026-08-15,39951
09:47:16,2026-08-15,39947
10:04:51,2026-08-15,39950
10:29:29,2026-08-15,39951
10:46:22,2026-08-15,39950
11:04:05,2026-08-15,39938
11:28:19,2026-08-15,39925
11:45:16,2026-08-15,39919
12:04:59,2026-08-15,39928
12:31:16,2026-08-15,39940
12:55:32,2026-08-15,39948
13:12:46,2026-08-15,39937
13:30:29,2026-08-15,39947
13:48:09,2026-08-15,39938
14:04:55,2026-08-15,39943
14:29:25,2026-08-15,39950
14:46:39,2026-08-15,39944
15:04:04,2026-08-15,39949
15:28:52,2026-08-15,39963
15:45:29,2026-08-15,39963
16:04:22,2026-08-15,39956
16:29:50,2026-08-15,39971
16:47:09,2026-08-15,39971
17:05:06,2026-08-15,39963
17:28:27,2026-08-15,39962
17:45:30,2026-08-15,39964
18:03:59,2026-08-15,39967
18:30:36,2026-08-15,39978
18:50:19,2026-08-15,39977
19:06:49,2026-08-15,39977
19:28:07,2026-08-15,39991
19:45:18,2026-08-15,40002
20:04:00,2026-08-15,39986
20:29:37,2026-08-15,39994
20:46:32,2026-08-15,39994
21:05:15,2026-08-15,39983
21:28:33,2026-08-15,39986
21:45:34,2026-08-15,39982
22:03:34,2026-08-15,39996
22:29:25,2026-08-15,40004
22:46:32,2026-08-15,39993
23:04:09,2026-08-15,39995
23:28:19,2026-08-15,39989
23:45:13,2026-08-15,39992
00:11:40,2026-08-16,40003
00:33:14,2026-08-16,40004
01:01:42,2026-08-16,39994
01:54:54,2026-08-16,40009
02:27:46,2026-08-16,40026
03:00:34,2026-08-16,40036
03:34:54,2026-08-16,40037
03:55:38,2026-08-16,40040
04:13:52,2026-08-16,40041
04:31:26,2026-08-16,40040
04:51:25,2026-08-16,40047
05:08:25,2026-08-16,40059
05:30:10,2026-08-16,40069
05:48:52,2026-08-16,40071
06:07:57,2026-08-16,40066
06:31:35,2026-08-16,40074
06:55:48,2026-08-16,40074
07:13:44,2026-08-16,40078
07:30:51,2026-08-16,40073
07:49:27,2026-08-16,40077
08:06:36,2026-08-16,40078
08:30:30,2026-08-16,40080
08:50:20,2026-08-16,40083
09:07:14,2026-08-16,40074
09:30:03,2026-08-16,40084
09:47:35,2026-08-16,40067
10:05:19,2026-08-16,40062
10:29:33,2026-08-16,40069
10:46:45,2026-08-16,40077
11:04:26,2026-08-16,40081
11:28:16,2026-08-16,40088
11:45:25,2026-08-16,40093
12:05:23,2026-08-16,40096
12:31:35,2026-08-16,40106
12:56:43,2026-08-16,40107
13:14:43,2026-08-16,40107
13:30:40,2026-08-16,40102
13:48:30,2026-08-16,40096
14:05:14,2026-08-16,40097
14:29:23,2026-08-16,40099
14:46:36,2026-08-16,40119
15:04:42,2026-08-16,40114
15:29:05,2026-08-16,40132
15:45:53,2026-08-16,40146
16:04:26,2026-08-16,40152
16:29:50,2026-08-16,40156
16:47:36,2026-08-16,40167
17:05:06,2026-08-16,40177
17:27:59,2026-08-16,40187
17:45:46,2026-08-16,40202
18:04:12,2026-08-16,40214
18:30:23,2026-08-16,40227
18:49:55,2026-08-16,40231
19:06:09,2026-08-16,40236
19:27:55,2026-08-16,40235
19:44:59,2026-08-16,40245
20:03:24,2026-08-16,40258
20:29:31,2026-08-16,40266
20:46:22,2026-08-16,40277
21:04:00,2026-08-16,40284
21:28:11,2026-08-16,40287
21:45:23,2026-08-16,40296
22:03:25,2026-08-16,40304
22:29:24,2026-08-16,40308
22:46:06,2026-08-16,40306
23:03:37,2026-08-16,40304
23:28:22,2026-08-16,40300
23:45:12,2026-08-16,40306
00:10:59,2026-08-17,40311
00:33:01,2026-08-17,40307
01:01:36,2026-08-17,40310
01:53:46,2026-08-17,40311
02:27:34,2026-08-17,40307
03:00:38,2026-08-17,40311
03:35:09,2026-08-17,40313
03:57:19,2026-08-17,40314
04:19:23,2026-08-17,40318
04:37:27,2026-08-17,40319
04:56:58,2026-08-17,40317
05:16:37,2026-08-17,40325
05:33:05,2026-08-17,40319
05:51:44,2026-08-17,40322
06:11:41,2026-08-17,40334
06:32:51,2026-08-17,40340
07:00:13,2026-08-17,40342
07:38:26,2026-08-17,40352
07:58:51,2026-08-17,40344
08:19:25,2026-08-17,40359
08:37:44,2026-08-17,40357
08:58:22,2026-08-17,40361
09:19:39,2026-08-17,40367
09:37:53,2026-08-17,40369
09:57:06,2026-08-17,40382
10:13:31,2026-08-17,40381
10:30:47,2026-08-17,40389
10:50:36,2026-08-17,40398
11:06:55,2026-08-17,40404
11:29:55,2026-08-17,40408
11:47:20,2026-08-17,40411
12:07:14,2026-08-17,40404
12:31:58,2026-08-17,40409
12:59:05,2026-08-17,40413
13:21:17,2026-08-17,40420
13:52:59,2026-08-17,40422
14:08:18,2026-08-17,40431
14:30:24,2026-08-17,40441
14:49:03,2026-08-17,40454
15:08:07,2026-08-17,40446
15:29:51,2026-08-17,40461
16:05:37,2026-08-17,40470
16:30:25,2026-08-17,40478
16:49:48,2026-08-17,40475
17:30:00,2026-08-17,40491
18:07:58,2026-08-17,40496
18:55:05,2026-08-17,40524
19:11:17,2026-08-17,40533
19:30:09,2026-08-17,40530
19:47:38,2026-08-17,40528
20:06:04,2026-08-17,40545
20:30:06,2026-08-17,40549
20:48:12,2026-08-17,40558
21:06:44,2026-08-17,40568
21:29:54,2026-08-17,40600
21:47:14,2026-08-17,40597
22:05:05,2026-08-17,40602
22:29:41,2026-08-17,40602
22:47:04,2026-08-17,40600
23:05:14,2026-08-17,40613
23:29:05,2026-08-17,40620
23:46:10,2026-08-17,40627
00:11:29,2026-08-18,40635
00:33:14,2026-08-18,40616
01:01:29,2026-08-18,40639
01:51:53,2026-08-18,40672
02:24:19,2026-08-18,40702
02:59:57,2026-08-18,40707
03:22:39,2026-08-18,40709
03:54:51,2026-08-18,40715
04:13:33,2026-08-18,40707
04:31:22,2026-08-18,40708
04:52:36,2026-08-18,40706
05:09:24,2026-08-18,40708
05:30:24,2026-08-18,40707
05:49:24,2026-08-18,40709
06:08:33,2026-08-18,40706
06:31:48,2026-08-18,40705
06:58:16,2026-08-18,40708
07:19:52,2026-08-18,40712
07:37:44,2026-08-18,40716
07:55:29,2026-08-18,40721
08:10:31,2026-08-18,40726
08:31:37,2026-08-18,40719
08:53:06,2026-08-18,40721
09:09:52,2026-08-18,40711
09:31:00,2026-08-18,40717
09:51:05,2026-08-18,40730
10:07:08,2026-08-18,40734
10:30:19,2026-08-18,40742
10:50:11,2026-08-18,40754
11:07:01,2026-08-18,40763
11:29:45,2026-08-18,40773
11:47:17,2026-08-18,40781
12:08:21,2026-08-18,40796
12:32:01,2026-08-18,40808
12:59:29,2026-08-18,40826
13:22:58,2026-08-18,40843
13:54:39,2026-08-18,40854
14:11:57,2026-08-18,40835
14:31:08,2026-08-18,40833
14:52:51,2026-08-18,40817
15:08:38,2026-08-18,40813
15:30:56,2026-08-18,40803
15:50:09,2026-08-18,40782
16:06:57,2026-08-18,40762
16:30:41,2026-08-18,40750
16:51:12,2026-08-18,40735
17:07:26,2026-08-18,40715
17:30:03,2026-08-18,40709
17:48:25,2026-08-18,40694
18:07:41,2026-08-18,40690
18:31:30,2026-08-18,40684
18:54:12,2026-08-18,40683
19:11:19,2026-08-18,40680
19:30:01,2026-08-18,40671
19:46:55,2026-08-18,40648
20:04:17,2026-08-18,40646
20:29:43,2026-08-18,40640
20:46:51,2026-08-18,40629
21:05:50,2026-08-18,40629
21:29:33,2026-08-18,40616
21:46:21,2026-08-18,40618
22:04:18,2026-08-18,40592
22:29:46,2026-08-18,40586
22:47:09,2026-08-18,40580
23:05:25,2026-08-18,40577
23:28:51,2026-08-18,40577
23:45:55,2026-08-18,40563
00:11:10,2026-08-19,40543
